{"type":"FeatureCollection","name":"municipios_tenerife","features":[{"type":"Feature","id":"38001","properties":{"cod_ine":"38001","nombre":"Adeje","nombre_ine":"Adeje","nombre_shp":"Adeje","area_km2":105.785,"partes":9,"partes_roque":8},"geometry":{"type":"MultiPolygon","coordinates":[[[[-16.781101,28.12284],[-16.780621,28.123055],[-16.780505,28.123231],[-16.780541,28.123341],[-16.780903,28.12337],[-16.780989,28.123373],[-16.781122,28.123199],[-16.781101,28.12284]]],[[[-16.74361,28.089953],[-16.743555,28.090011],[-16.743614,28.090098],[-16.744062,28.090267],[-16.744067,28.090146],[-16.74361,28.089953]]],[[[-16.739557,28.085984],[-16.739476,28.086091],[-16.739822,28.086655],[-16.739957,28.086686],[-16.739969,28.086551],[-16.739557,28.085984]]],[[[-16.738728,28.084562],[-16.738664,28.084648],[-16.739017,28.085265],[-16.739115,28.085226],[-16.739135,28.085147],[-16.738728,28.084562]]],[[[-16.73793,28.083239],[-16.737873,28.083306],[-16.737932,28.083437],[-16.738249,28.083927],[-16.738365,28.083868],[-16.738336,28.083792],[-16.738043,28.083281],[-16.73793,28.083239]]],[[[-16.680818,28.212782],[-16.681363,28.212257],[-16.681619,28.211399],[-16.68196,28.210945],[-16.682279,28.21068],[-16.682315,28.210199],[-16.682508,28.209738],[-16.682869,28.209477],[-16.683351,28.208927],[-16.683848,28.208826],[-16.685202,28.208252],[-16.685901,28.207806],[-16.686562,28.207114],[-16.686875,28.207122],[-16.68757,28.206923],[-16.688367,28.206187],[-16.688814,28.205609],[-16.689193,28.20534],[-16.689387,28.20481],[-16.6895,28.204695],[-16.690007,28.20487],[-16.690325,28.204789],[-16.690596,28.204903],[-16.691155,28.204454],[-16.691883,28.204348],[-16.692025,28.204114],[-16.692724,28.203764],[-16.693141,28.202811],[-16.69345,28.202684],[-16.693676,28.202453],[-16.694059,28.20243],[-16.694805,28.202137],[-16.695345,28.202204],[-16.69572,28.202026],[-16.69657,28.201837],[-16.696742,28.20174],[-16.69731,28.200871],[-16.698077,28.200361],[-16.698175,28.200168],[-16.698775,28.19963],[-16.699105,28.19908],[-16.699326,28.198177],[-16.699585,28.197906],[-16.69971,28.197514],[-16.699857,28.197354],[-16.699908,28.197019],[-16.700379,28.196567],[-16.700691,28.195863],[-16.702034,28.195425],[-16.702686,28.195092],[-16.703523,28.194831],[-16.703799,28.194421],[-16.703709,28.19387],[-16.704061,28.193561],[-16.705023,28.193461],[-16.70512,28.193302],[-16.705282,28.192427],[-16.705484,28.192133],[-16.705701,28.191999],[-16.70594,28.191958],[-16.706603,28.192056],[-16.706784,28.19192],[-16.706871,28.191588],[-16.707215,28.191511],[-16.707537,28.191264],[-16.707736,28.190812],[-16.70774,28.190058],[-16.708044,28.189946],[-16.708471,28.189621],[-16.709015,28.189097],[-16.709397,28.188558],[-16.710081,28.18836],[-16.710207,28.187397],[-16.710336,28.187301],[-16.71059,28.186815],[-16.710878,28.186628],[-16.710944,28.186124],[-16.711173,28.185675],[-16.711578,28.185478],[-16.711864,28.18547],[-16.712569,28.184917],[-16.712941,28.184813],[-16.713424,28.184879],[-16.713517,28.184802],[-16.71367,28.184357],[-16.714206,28.184274],[-16.714539,28.184529],[-16.714865,28.184545],[-16.715209,28.184142],[-16.7154,28.184072],[-16.715427,28.183862],[-16.715609,28.183661],[-16.716268,28.18324],[-16.716708,28.183124],[-16.71723,28.182801],[-16.717276,28.182458],[-16.717782,28.182512],[-16.718111,28.182328],[-16.718218,28.182204],[-16.718191,28.18183],[-16.718673,28.181168],[-16.718804,28.181053],[-16.719057,28.181111],[-16.71927,28.181027],[-16.719692,28.180579],[-16.719598,28.180008],[-16.719666,28.179865],[-16.720741,28.178527],[-16.72106,28.178489],[-16.721668,28.178714],[-16.721913,28.178616],[-16.722865,28.178741],[-16.723092,28.178687],[-16.72335,28.178485],[-16.724086,28.178394],[-16.724277,28.178139],[-16.72484,28.177981],[-16.726032,28.178189],[-16.726515,28.178183],[-16.726659,28.178139],[-16.727013,28.177685],[-16.727048,28.177385],[-16.726957,28.177117],[-16.727026,28.176963],[-16.727674,28.17691],[-16.727918,28.177031],[-16.728435,28.176794],[-16.728685,28.17645],[-16.728903,28.175807],[-16.729099,28.17582],[-16.72971,28.176209],[-16.72985,28.176199],[-16.73067,28.175965],[-16.731852,28.175848],[-16.731955,28.17577],[-16.731979,28.175571],[-16.732263,28.175311],[-16.733422,28.1754],[-16.733746,28.175281],[-16.733909,28.174906],[-16.734572,28.174593],[-16.734843,28.174639],[-16.735183,28.17438],[-16.735273,28.173596],[-16.735448,28.173445],[-16.735639,28.173391],[-16.736068,28.173482],[-16.737247,28.172669],[-16.737958,28.172355],[-16.73816,28.172341],[-16.738487,28.172497],[-16.738672,28.172468],[-16.739046,28.171937],[-16.739325,28.171893],[-16.739838,28.171424],[-16.740853,28.170935],[-16.74111,28.170751],[-16.741355,28.17036],[-16.741792,28.170339],[-16.742692,28.170488],[-16.743228,28.170242],[-16.743739,28.170177],[-16.744068,28.169827],[-16.743987,28.169415],[-16.74418,28.169223],[-16.744943,28.169238],[-16.745131,28.169335],[-16.745707,28.169269],[-16.746019,28.168995],[-16.746285,28.168427],[-16.746927,28.167817],[-16.747232,28.167689],[-16.747862,28.167714],[-16.748754,28.168197],[-16.748985,28.168104],[-16.749218,28.167548],[-16.749465,28.167256],[-16.749668,28.167172],[-16.75003,28.167118],[-16.750451,28.167237],[-16.751094,28.167276],[-16.751317,28.167251],[-16.751726,28.167031],[-16.752199,28.166892],[-16.752722,28.167018],[-16.752913,28.167336],[-16.753214,28.167538],[-16.753326,28.167545],[-16.753713,28.167242],[-16.754009,28.167173],[-16.754355,28.167234],[-16.754816,28.167592],[-16.755257,28.167751],[-16.756186,28.167418],[-16.756692,28.167064],[-16.756855,28.167184],[-16.756808,28.16783],[-16.756988,28.168047],[-16.757261,28.16807],[-16.757489,28.167422],[-16.757638,28.167271],[-16.758163,28.167095],[-16.758398,28.16709],[-16.75887,28.167174],[-16.75952,28.167497],[-16.759786,28.167541],[-16.759991,28.167446],[-16.760161,28.167212],[-16.760121,28.166792],[-16.760188,28.166699],[-16.76067,28.166725],[-16.760887,28.166566],[-16.761223,28.166505],[-16.761634,28.166732],[-16.761963,28.16669],[-16.762124,28.166557],[-16.762267,28.166156],[-16.762501,28.165882],[-16.76321,28.165361],[-16.763711,28.165332],[-16.764152,28.165531],[-16.764687,28.165542],[-16.764738,28.165479],[-16.764636,28.165103],[-16.764794,28.16488],[-16.76496,28.16479],[-16.766324,28.165018],[-16.767691,28.16496],[-16.767949,28.164706],[-16.768587,28.164592],[-16.768775,28.164346],[-16.768867,28.163934],[-16.769035,28.163796],[-16.769455,28.163854],[-16.769991,28.163473],[-16.770381,28.163477],[-16.770587,28.163763],[-16.770779,28.163794],[-16.771409,28.163475],[-16.771593,28.163468],[-16.771825,28.16363],[-16.771983,28.163858],[-16.772216,28.16387],[-16.772546,28.163798],[-16.772792,28.163297],[-16.772914,28.163216],[-16.773279,28.163155],[-16.773692,28.162971],[-16.773856,28.162969],[-16.774135,28.1632],[-16.775377,28.163008],[-16.775769,28.163028],[-16.776047,28.163185],[-16.776358,28.163824],[-16.776796,28.163834],[-16.776971,28.164025],[-16.777125,28.164062],[-16.77745,28.163785],[-16.77805,28.163621],[-16.778321,28.163717],[-16.778464,28.164026],[-16.778762,28.164063],[-16.77908,28.163585],[-16.779609,28.163407],[-16.780198,28.162921],[-16.780473,28.162845],[-16.780774,28.162861],[-16.781306,28.162697],[-16.781546,28.162576],[-16.781966,28.162198],[-16.782354,28.162286],[-16.783184,28.162144],[-16.783359,28.162036],[-16.783686,28.16156],[-16.783813,28.161504],[-16.784026,28.161515],[-16.784332,28.161766],[-16.784451,28.161778],[-16.784697,28.161351],[-16.784879,28.161233],[-16.785477,28.161232],[-16.785897,28.161107],[-16.786083,28.160944],[-16.786393,28.160821],[-16.786812,28.160876],[-16.788001,28.160265],[-16.788348,28.1602],[-16.788778,28.160422],[-16.789349,28.16057],[-16.789591,28.160522],[-16.789809,28.160318],[-16.790438,28.160163],[-16.791301,28.160454],[-16.792118,28.16046],[-16.79279,28.160588],[-16.793526,28.160297],[-16.794344,28.159772],[-16.794453,28.159734],[-16.794788,28.159804],[-16.795437,28.159477],[-16.795632,28.159188],[-16.795791,28.158683],[-16.796277,28.158323],[-16.79651,28.158326],[-16.797079,28.158517],[-16.79755,28.158378],[-16.797843,28.158541],[-16.798329,28.158174],[-16.798723,28.157629],[-16.800019,28.157367],[-16.800786,28.157402],[-16.801221,28.157233],[-16.801611,28.15647],[-16.801877,28.156336],[-16.801811,28.156065],[-16.802075,28.155729],[-16.802176,28.155263],[-16.801965,28.155422],[-16.801855,28.155387],[-16.801945,28.155007],[-16.801774,28.154802],[-16.801342,28.154979],[-16.801045,28.154883],[-16.800667,28.154883],[-16.800506,28.154511],[-16.800593,28.154357],[-16.800922,28.154298],[-16.800773,28.154107],[-16.800966,28.15387],[-16.800956,28.153741],[-16.800823,28.153738],[-16.800512,28.153546],[-16.799923,28.153424],[-16.799815,28.153303],[-16.79982,28.153071],[-16.799742,28.15298],[-16.799026,28.152809],[-16.798682,28.15282],[-16.798615,28.152001],[-16.798444,28.151662],[-16.798818,28.150959],[-16.798814,28.150453],[-16.799003,28.149786],[-16.798731,28.149191],[-16.798533,28.14911],[-16.798384,28.14913],[-16.798355,28.14897],[-16.798115,28.14882],[-16.797968,28.148629],[-16.797962,28.148481],[-16.797798,28.148369],[-16.797863,28.148099],[-16.797718,28.148041],[-16.797755,28.147877],[-16.797634,28.147662],[-16.797734,28.147477],[-16.797617,28.147086],[-16.797734,28.146646],[-16.797474,28.146606],[-16.797267,28.146384],[-16.79709,28.146337],[-16.796726,28.146462],[-16.796606,28.146405],[-16.796297,28.14647],[-16.795974,28.14619],[-16.795269,28.145903],[-16.795256,28.145325],[-16.794903,28.145075],[-16.794615,28.144707],[-16.794752,28.144457],[-16.794717,28.143832],[-16.794868,28.143662],[-16.795147,28.143031],[-16.79513,28.142651],[-16.794629,28.142535],[-16.794449,28.143014],[-16.794,28.142922],[-16.793976,28.142546],[-16.793817,28.142504],[-16.793883,28.142166],[-16.793781,28.141782],[-16.793862,28.141593],[-16.793977,28.141545],[-16.793995,28.141098],[-16.793656,28.140658],[-16.793745,28.140442],[-16.793694,28.140326],[-16.793172,28.139781],[-16.793123,28.139612],[-16.79284,28.139568],[-16.792703,28.13945],[-16.792392,28.138854],[-16.792246,28.138993],[-16.792206,28.139292],[-16.792091,28.139359],[-16.79205,28.139506],[-16.791821,28.139575],[-16.791667,28.13955],[-16.79161,28.139319],[-16.791435,28.139175],[-16.79148,28.139094],[-16.791629,28.139085],[-16.791615,28.138906],[-16.791264,28.138929],[-16.791052,28.138787],[-16.790593,28.138911],[-16.790439,28.138888],[-16.790116,28.138259],[-16.78956,28.137955],[-16.789147,28.13786],[-16.789016,28.137531],[-16.788797,28.137337],[-16.788646,28.137363],[-16.788419,28.13711],[-16.788541,28.136769],[-16.78871,28.136735],[-16.788646,28.136507],[-16.788357,28.136119],[-16.78815,28.136056],[-16.78772,28.135438],[-16.78777,28.135161],[-16.78769,28.135048],[-16.787588,28.13504],[-16.787546,28.134918],[-16.787734,28.134567],[-16.787691,28.134467],[-16.787753,28.134349],[-16.78766,28.134116],[-16.787575,28.134299],[-16.787438,28.134088],[-16.787281,28.134073],[-16.78661,28.134559],[-16.7867,28.134372],[-16.786682,28.134204],[-16.787026,28.13357],[-16.78632,28.133863],[-16.786524,28.133438],[-16.786384,28.133274],[-16.786437,28.133019],[-16.786358,28.132854],[-16.786519,28.132055],[-16.786426,28.131987],[-16.786531,28.13168],[-16.786478,28.131421],[-16.786132,28.131472],[-16.785994,28.131416],[-16.785918,28.131102],[-16.786045,28.13081],[-16.786681,28.130393],[-16.786353,28.130124],[-16.785603,28.129825],[-16.785446,28.129578],[-16.784735,28.129245],[-16.784624,28.128976],[-16.784387,28.1289],[-16.784363,28.128625],[-16.78396,28.128531],[-16.783897,28.128358],[-16.784012,28.127922],[-16.783914,28.127744],[-16.78414,28.12712],[-16.783973,28.126991],[-16.784017,28.12681],[-16.783968,28.126712],[-16.783845,28.126705],[-16.783796,28.126469],[-16.783577,28.126704],[-16.782865,28.126984],[-16.782695,28.126934],[-16.782508,28.126746],[-16.782641,28.127093],[-16.78254,28.127181],[-16.782132,28.127231],[-16.781724,28.12705],[-16.781671,28.126658],[-16.781286,28.126089],[-16.781218,28.125469],[-16.780799,28.125261],[-16.78051,28.124983],[-16.780533,28.124896],[-16.780832,28.124782],[-16.781012,28.124576],[-16.781001,28.124487],[-16.78076,28.124363],[-16.781115,28.124063],[-16.781051,28.123705],[-16.780416,28.123388],[-16.780156,28.123419],[-16.780088,28.123148],[-16.780246,28.12302],[-16.780533,28.12299],[-16.78053,28.122745],[-16.780192,28.122763],[-16.78008,28.123004],[-16.779892,28.123124],[-16.780123,28.122604],[-16.780493,28.122463],[-16.780529,28.122118],[-16.780328,28.122199],[-16.779941,28.122113],[-16.779422,28.122253],[-16.780022,28.121803],[-16.780104,28.121313],[-16.780042,28.121266],[-16.779793,28.121318],[-16.778707,28.121713],[-16.778294,28.121716],[-16.778178,28.121564],[-16.778212,28.121319],[-16.778678,28.121287],[-16.778984,28.121068],[-16.77919,28.120658],[-16.779569,28.120325],[-16.779501,28.120063],[-16.77911,28.119927],[-16.77914,28.119645],[-16.778825,28.119395],[-16.778413,28.119411],[-16.777663,28.119673],[-16.777313,28.11939],[-16.776889,28.119204],[-16.776813,28.119251],[-16.776926,28.119428],[-16.776868,28.119513],[-16.776354,28.119705],[-16.776089,28.119613],[-16.776034,28.119382],[-16.776768,28.118976],[-16.776715,28.118891],[-16.776766,28.118807],[-16.776902,28.118772],[-16.777149,28.118861],[-16.777395,28.118741],[-16.77717,28.118698],[-16.776854,28.118449],[-16.776834,28.11827],[-16.777265,28.118131],[-16.777396,28.117958],[-16.777112,28.117915],[-16.777266,28.117716],[-16.777259,28.117547],[-16.776849,28.117636],[-16.776801,28.117525],[-16.776862,28.117397],[-16.776738,28.117272],[-16.776537,28.117343],[-16.775904,28.117856],[-16.775283,28.117951],[-16.774738,28.118331],[-16.774491,28.118378],[-16.774315,28.117947],[-16.774736,28.117564],[-16.774566,28.117257],[-16.774373,28.117112],[-16.774527,28.116546],[-16.774401,28.116497],[-16.774045,28.116553],[-16.774014,28.116497],[-16.774082,28.116335],[-16.774532,28.116013],[-16.774132,28.115897],[-16.773903,28.115637],[-16.773502,28.11577],[-16.773378,28.115707],[-16.773378,28.115597],[-16.77377,28.115227],[-16.773334,28.115351],[-16.77318,28.11532],[-16.77332,28.115236],[-16.773182,28.115148],[-16.773164,28.114992],[-16.773187,28.114903],[-16.773323,28.114906],[-16.773391,28.114253],[-16.773466,28.11417],[-16.773672,28.114167],[-16.773517,28.114055],[-16.773606,28.113901],[-16.773803,28.113875],[-16.773944,28.113768],[-16.773547,28.113635],[-16.77336,28.11369],[-16.773113,28.113621],[-16.772979,28.11338],[-16.772999,28.112886],[-16.772773,28.11283],[-16.772649,28.112478],[-16.772597,28.112453],[-16.772055,28.112908],[-16.771926,28.112928],[-16.771504,28.112737],[-16.771204,28.112289],[-16.770965,28.112317],[-16.770907,28.112388],[-16.771099,28.112473],[-16.770801,28.112554],[-16.770445,28.11289],[-16.770163,28.113011],[-16.769911,28.113333],[-16.769104,28.113711],[-16.768707,28.113749],[-16.768368,28.113593],[-16.768002,28.11316],[-16.76789,28.112689],[-16.768117,28.112556],[-16.768327,28.112199],[-16.769225,28.11193],[-16.76943,28.111613],[-16.769284,28.111419],[-16.769472,28.111411],[-16.769484,28.111354],[-16.769212,28.111162],[-16.769042,28.111171],[-16.768715,28.111357],[-16.768585,28.111327],[-16.76852,28.111221],[-16.768585,28.110916],[-16.769023,28.110547],[-16.769116,28.110361],[-16.76898,28.110112],[-16.768871,28.110106],[-16.768757,28.110221],[-16.768743,28.110143],[-16.769342,28.109769],[-16.76941,28.109629],[-16.768445,28.109767],[-16.768147,28.11011],[-16.767888,28.110191],[-16.767443,28.110151],[-16.766953,28.110286],[-16.766632,28.11014],[-16.765303,28.110209],[-16.763984,28.110568],[-16.763661,28.11051],[-16.763157,28.110126],[-16.763035,28.109991],[-16.763142,28.10985],[-16.763086,28.109782],[-16.762536,28.109946],[-16.76268,28.109557],[-16.762355,28.109458],[-16.762674,28.10926],[-16.762439,28.109089],[-16.762466,28.108874],[-16.762259,28.108802],[-16.762126,28.108999],[-16.761757,28.109116],[-16.761636,28.108858],[-16.761749,28.108724],[-16.761712,28.108587],[-16.761489,28.10876],[-16.760877,28.108099],[-16.760774,28.108044],[-16.760747,28.108117],[-16.760663,28.108103],[-16.760544,28.107794],[-16.760827,28.10746],[-16.76101,28.107084],[-16.760975,28.106379],[-16.761511,28.105268],[-16.761759,28.104915],[-16.7617,28.104697],[-16.761528,28.104667],[-16.761026,28.104941],[-16.760768,28.104962],[-16.760235,28.105168],[-16.759285,28.105281],[-16.75905,28.105548],[-16.759057,28.1053],[-16.758898,28.105463],[-16.758597,28.105482],[-16.758322,28.105352],[-16.758137,28.105112],[-16.758156,28.104987],[-16.758505,28.104792],[-16.75852,28.104481],[-16.758658,28.104348],[-16.758622,28.104212],[-16.758466,28.104139],[-16.758607,28.104026],[-16.758685,28.103717],[-16.759031,28.10314],[-16.759014,28.102951],[-16.758785,28.10276],[-16.758796,28.102593],[-16.758935,28.102492],[-16.759124,28.102546],[-16.75946,28.102359],[-16.759622,28.102159],[-16.75967,28.101903],[-16.759328,28.101621],[-16.759272,28.101229],[-16.758993,28.101219],[-16.758989,28.100925],[-16.758664,28.100867],[-16.758368,28.101115],[-16.758092,28.101103],[-16.757767,28.101267],[-16.757555,28.101591],[-16.75732,28.101611],[-16.757092,28.101527],[-16.757215,28.10122],[-16.757094,28.101196],[-16.757241,28.101051],[-16.757107,28.101044],[-16.75694,28.101177],[-16.756946,28.100869],[-16.75655,28.100774],[-16.756787,28.100744],[-16.756714,28.100706],[-16.756321,28.100674],[-16.755672,28.100899],[-16.755593,28.100862],[-16.755461,28.100523],[-16.75547,28.100286],[-16.755726,28.100144],[-16.755705,28.099946],[-16.755792,28.099808],[-16.756677,28.098935],[-16.756516,28.098571],[-16.756185,28.098385],[-16.755644,28.098387],[-16.75551,28.098482],[-16.755162,28.098436],[-16.755006,28.098798],[-16.754798,28.098879],[-16.754712,28.098852],[-16.754694,28.098745],[-16.754523,28.098825],[-16.754015,28.098866],[-16.753467,28.098701],[-16.75323,28.098761],[-16.752879,28.098653],[-16.752279,28.09801],[-16.751592,28.096677],[-16.750985,28.096136],[-16.750958,28.096001],[-16.751098,28.095962],[-16.751272,28.09563],[-16.750803,28.095498],[-16.750551,28.095266],[-16.750435,28.095],[-16.750378,28.094345],[-16.749684,28.09382],[-16.749926,28.092635],[-16.749787,28.092475],[-16.749584,28.092397],[-16.749543,28.092479],[-16.749784,28.092627],[-16.749794,28.092722],[-16.749592,28.093624],[-16.749153,28.093605],[-16.748465,28.093386],[-16.747858,28.093081],[-16.746739,28.092323],[-16.74657,28.092137],[-16.746526,28.092058],[-16.746868,28.091428],[-16.747182,28.09152],[-16.747262,28.09148],[-16.747216,28.091399],[-16.74644,28.091106],[-16.746423,28.091267],[-16.746764,28.091375],[-16.746391,28.092076],[-16.746241,28.092125],[-16.745588,28.092031],[-16.744828,28.091619],[-16.744603,28.09123],[-16.743974,28.090993],[-16.743424,28.090596],[-16.743067,28.090436],[-16.743453,28.089695],[-16.743414,28.089561],[-16.743152,28.089484],[-16.743134,28.089412],[-16.743232,28.089401],[-16.74314,28.08933],[-16.743009,28.089343],[-16.742981,28.089425],[-16.742898,28.089344],[-16.742762,28.089347],[-16.742086,28.089709],[-16.741609,28.089512],[-16.741316,28.089572],[-16.741184,28.089797],[-16.741081,28.089766],[-16.741044,28.089655],[-16.740716,28.089807],[-16.740541,28.089845],[-16.740434,28.089796],[-16.740572,28.089421],[-16.740681,28.089355],[-16.740995,28.088805],[-16.740923,28.088663],[-16.740975,28.088539],[-16.740666,28.08839],[-16.740465,28.088398],[-16.740628,28.088144],[-16.74066,28.087919],[-16.740443,28.087476],[-16.740325,28.087518],[-16.740443,28.088022],[-16.740037,28.088517],[-16.739885,28.088573],[-16.739295,28.088294],[-16.738818,28.087904],[-16.738358,28.087078],[-16.737814,28.086456],[-16.7375,28.085585],[-16.737496,28.085522],[-16.738034,28.085314],[-16.738204,28.085174],[-16.737489,28.085386],[-16.737111,28.084805],[-16.736903,28.08399],[-16.736474,28.083439],[-16.736389,28.083195],[-16.736365,28.082575],[-16.736537,28.082314],[-16.736794,28.082102],[-16.737249,28.082524],[-16.737463,28.082408],[-16.737415,28.08227],[-16.736645,28.081626],[-16.73662,28.081429],[-16.73647,28.081403],[-16.736342,28.081257],[-16.736383,28.080828],[-16.736682,28.080295],[-16.736673,28.080176],[-16.736539,28.080114],[-16.7362,28.080473],[-16.735742,28.080561],[-16.735481,28.079905],[-16.735563,28.079421],[-16.73589,28.079099],[-16.736014,28.079073],[-16.736469,28.079555],[-16.736704,28.079639],[-16.736864,28.07954],[-16.737198,28.079002],[-16.737178,28.078871],[-16.736939,28.078765],[-16.736127,28.078839],[-16.735973,28.078099],[-16.736043,28.078088],[-16.735996,28.077852],[-16.736323,28.077799],[-16.736258,28.077473],[-16.736758,28.077396],[-16.736711,28.077318],[-16.736827,28.077239],[-16.736637,28.077171],[-16.736663,28.077122],[-16.737367,28.077437],[-16.737757,28.077837],[-16.738094,28.079165],[-16.737714,28.079233],[-16.737854,28.079733],[-16.73766,28.079808],[-16.737628,28.080026],[-16.737822,28.080171],[-16.738012,28.080103],[-16.738332,28.079581],[-16.738426,28.079241],[-16.738104,28.077894],[-16.737925,28.077531],[-16.737525,28.077193],[-16.735699,28.076399],[-16.735159,28.075534],[-16.735147,28.075147],[-16.735034,28.074931],[-16.734642,28.074498],[-16.734717,28.074346],[-16.734379,28.074451],[-16.734114,28.07443],[-16.734176,28.07411],[-16.734318,28.074066],[-16.734335,28.073901],[-16.733935,28.07379],[-16.733644,28.073866],[-16.733574,28.073824],[-16.733472,28.073442],[-16.733817,28.072969],[-16.733708,28.07295],[-16.733485,28.073141],[-16.733316,28.073169],[-16.732876,28.07292],[-16.732683,28.072641],[-16.732869,28.072165],[-16.733077,28.071931],[-16.733294,28.071809],[-16.733766,28.071699],[-16.733942,28.071756],[-16.734058,28.072485],[-16.734178,28.072512],[-16.734245,28.072439],[-16.734156,28.071465],[-16.734004,28.071426],[-16.733776,28.071569],[-16.733377,28.071523],[-16.733223,28.071349],[-16.733118,28.070943],[-16.732886,28.070782],[-16.732968,28.07063],[-16.73313,28.070577],[-16.73302,28.070437],[-16.733017,28.070285],[-16.733628,28.070025],[-16.73368,28.069918],[-16.733526,28.069891],[-16.732899,28.070114],[-16.732715,28.069743],[-16.7327,28.069529],[-16.732797,28.069157],[-16.733048,28.068827],[-16.733573,28.06849],[-16.734172,28.068348],[-16.734313,28.068428],[-16.734604,28.069259],[-16.734692,28.069327],[-16.734761,28.069295],[-16.734638,28.068716],[-16.734369,28.068057],[-16.734184,28.068057],[-16.734157,28.068233],[-16.733744,28.068303],[-16.733303,28.068232],[-16.733176,28.067987],[-16.733217,28.067287],[-16.733372,28.067043],[-16.733766,28.06671],[-16.734265,28.066566],[-16.73456,28.06722],[-16.734623,28.067229],[-16.734652,28.066864],[-16.734306,28.066229],[-16.734147,28.066247],[-16.734046,28.066436],[-16.733835,28.066524],[-16.733397,28.066659],[-16.733052,28.066673],[-16.731348,28.067191],[-16.729795,28.067288],[-16.729504,28.067178],[-16.728921,28.066771],[-16.728377,28.066626],[-16.727248,28.065982],[-16.72615,28.066393],[-16.725754,28.067259],[-16.725225,28.067625],[-16.724625,28.067542],[-16.724069,28.067283],[-16.722768,28.066266],[-16.722288,28.066019],[-16.721903,28.066103],[-16.721664,28.066424],[-16.721567,28.066838],[-16.720927,28.067722],[-16.720237,28.068274],[-16.719721,28.068833],[-16.719086,28.069033],[-16.718908,28.069162],[-16.718925,28.069615],[-16.718836,28.069774],[-16.718372,28.069999],[-16.71809,28.070228],[-16.717782,28.070744],[-16.71731,28.070738],[-16.716601,28.07086],[-16.716026,28.071668],[-16.715227,28.072129],[-16.71448,28.073283],[-16.713138,28.073604],[-16.712162,28.074097],[-16.712031,28.074281],[-16.712047,28.074863],[-16.711371,28.075467],[-16.710363,28.075353],[-16.710261,28.075043],[-16.710009,28.074891],[-16.709724,28.074883],[-16.709591,28.07495],[-16.709466,28.075119],[-16.709365,28.075657],[-16.70858,28.076262],[-16.708384,28.07689],[-16.707932,28.077509],[-16.707379,28.078143],[-16.706918,28.078537],[-16.706483,28.079106],[-16.706349,28.079485],[-16.706274,28.080837],[-16.70606,28.081578],[-16.705761,28.08215],[-16.705002,28.082836],[-16.704658,28.083495],[-16.704388,28.083654],[-16.702964,28.084136],[-16.702137,28.084007],[-16.701815,28.08402],[-16.701646,28.084099],[-16.700943,28.084845],[-16.700507,28.084972],[-16.699911,28.084926],[-16.69963,28.085031],[-16.699308,28.085443],[-16.699156,28.085828],[-16.698759,28.086113],[-16.698256,28.086929],[-16.697916,28.086954],[-16.697403,28.086681],[-16.697161,28.086781],[-16.697041,28.087655],[-16.696768,28.088065],[-16.696344,28.088384],[-16.696109,28.089332],[-16.695393,28.090058],[-16.695142,28.090679],[-16.694785,28.091173],[-16.693706,28.092049],[-16.693529,28.092358],[-16.693656,28.092742],[-16.693557,28.092996],[-16.692645,28.093476],[-16.692372,28.094015],[-16.691983,28.094046],[-16.691652,28.094213],[-16.691336,28.094607],[-16.69124,28.094985],[-16.69093,28.095327],[-16.69088,28.095615],[-16.691051,28.096043],[-16.690937,28.096564],[-16.691287,28.097202],[-16.691347,28.097892],[-16.691203,28.098226],[-16.691426,28.098676],[-16.691176,28.099392],[-16.691218,28.100132],[-16.691125,28.100388],[-16.691302,28.101216],[-16.691596,28.101768],[-16.691344,28.102012],[-16.691013,28.102605],[-16.690963,28.103264],[-16.691202,28.103751],[-16.690837,28.104135],[-16.690702,28.104452],[-16.690703,28.104655],[-16.690866,28.105224],[-16.691271,28.105907],[-16.691441,28.10688],[-16.691806,28.107261],[-16.691711,28.107932],[-16.691172,28.108345],[-16.691037,28.108543],[-16.690508,28.108518],[-16.690034,28.109151],[-16.689916,28.10943],[-16.689789,28.109975],[-16.689861,28.110649],[-16.689686,28.11106],[-16.68915,28.111666],[-16.689151,28.112115],[-16.689001,28.112368],[-16.6893,28.113364],[-16.689165,28.114243],[-16.689051,28.114405],[-16.688268,28.114922],[-16.688065,28.114994],[-16.687703,28.114965],[-16.687247,28.115302],[-16.68685,28.116054],[-16.686639,28.116237],[-16.686424,28.116276],[-16.686111,28.116133],[-16.685939,28.11618],[-16.685716,28.116494],[-16.685764,28.116859],[-16.685483,28.117156],[-16.685479,28.117427],[-16.685348,28.11757],[-16.685046,28.117676],[-16.68484,28.117908],[-16.684448,28.119321],[-16.684437,28.119477],[-16.684861,28.119821],[-16.684891,28.120269],[-16.685012,28.120611],[-16.685816,28.120884],[-16.686101,28.121444],[-16.686319,28.121699],[-16.687072,28.122116],[-16.687085,28.12224],[-16.686805,28.122762],[-16.686809,28.122925],[-16.687044,28.123321],[-16.687351,28.123426],[-16.687449,28.123528],[-16.68759,28.123826],[-16.687247,28.124241],[-16.687179,28.124869],[-16.686922,28.125157],[-16.686775,28.12568],[-16.68706,28.125918],[-16.687637,28.126202],[-16.687741,28.126397],[-16.687694,28.126743],[-16.687363,28.127442],[-16.687321,28.127724],[-16.687358,28.127936],[-16.687783,28.128592],[-16.68783,28.128792],[-16.687491,28.129202],[-16.687419,28.129512],[-16.6875,28.129716],[-16.687657,28.129836],[-16.688754,28.130069],[-16.68893,28.130177],[-16.688919,28.130392],[-16.688463,28.130681],[-16.688388,28.130881],[-16.688912,28.131468],[-16.68901,28.132132],[-16.689216,28.132285],[-16.689395,28.132574],[-16.689356,28.132757],[-16.688996,28.13313],[-16.688769,28.133502],[-16.688762,28.133681],[-16.688965,28.134218],[-16.688921,28.134414],[-16.687969,28.134713],[-16.687684,28.13487],[-16.687589,28.135008],[-16.687554,28.135749],[-16.688084,28.136891],[-16.688128,28.137168],[-16.688052,28.137884],[-16.687737,28.138231],[-16.687784,28.138781],[-16.687731,28.139084],[-16.687637,28.13929],[-16.687202,28.13953],[-16.686861,28.140028],[-16.686568,28.140668],[-16.68632,28.141757],[-16.686005,28.142022],[-16.685559,28.143418],[-16.685417,28.143625],[-16.68499,28.143968],[-16.684827,28.14457],[-16.684625,28.144918],[-16.6842,28.145399],[-16.683161,28.146026],[-16.68287,28.14633],[-16.682779,28.146728],[-16.682863,28.147119],[-16.682621,28.147488],[-16.682566,28.14833],[-16.681909,28.149331],[-16.681763,28.149926],[-16.681408,28.150343],[-16.681239,28.150732],[-16.680745,28.151183],[-16.680419,28.151359],[-16.680215,28.152022],[-16.679906,28.152619],[-16.679327,28.154583],[-16.679294,28.15493],[-16.679496,28.155565],[-16.679365,28.156345],[-16.679226,28.156735],[-16.679035,28.156864],[-16.67894,28.1574],[-16.678743,28.157486],[-16.678364,28.158319],[-16.678413,28.158919],[-16.678361,28.159107],[-16.67797,28.159418],[-16.67777,28.159885],[-16.676865,28.161283],[-16.676738,28.161988],[-16.676506,28.162422],[-16.676274,28.162613],[-16.676051,28.163076],[-16.675132,28.164115],[-16.674924,28.164629],[-16.674572,28.165109],[-16.674479,28.165632],[-16.673919,28.16578],[-16.673723,28.165958],[-16.673684,28.166297],[-16.673817,28.167042],[-16.67425,28.167946],[-16.673917,28.168544],[-16.674053,28.169201],[-16.673226,28.1698],[-16.672769,28.170342],[-16.67168,28.171173],[-16.67124,28.171728],[-16.670445,28.172014],[-16.669938,28.172347],[-16.669889,28.172482],[-16.670033,28.17278],[-16.66958,28.17301],[-16.669276,28.173502],[-16.668715,28.173782],[-16.668561,28.174037],[-16.66036,28.201359],[-16.661077,28.201508],[-16.661335,28.201891],[-16.661416,28.202172],[-16.66139,28.202677],[-16.661869,28.203511],[-16.662167,28.204556],[-16.66228,28.204711],[-16.663001,28.204977],[-16.66382,28.205937],[-16.66454,28.20615],[-16.665296,28.206208],[-16.665604,28.206371],[-16.665993,28.206802],[-16.666547,28.207213],[-16.667188,28.207169],[-16.667614,28.207033],[-16.667995,28.207006],[-16.669973,28.207049],[-16.67104,28.207695],[-16.671958,28.208002],[-16.672373,28.208274],[-16.672823,28.208445],[-16.674121,28.208431],[-16.675073,28.208665],[-16.675723,28.209102],[-16.676824,28.209508],[-16.676946,28.210308],[-16.677195,28.210695],[-16.678681,28.212118],[-16.678807,28.212521],[-16.67894,28.212618],[-16.679193,28.212789],[-16.68019,28.21288],[-16.680818,28.212782]]],[[[-16.787164,28.133227],[-16.78702,28.133484],[-16.787159,28.133381],[-16.787164,28.133227]]],[[[-16.748024,28.091749],[-16.748024,28.091903],[-16.748768,28.092205],[-16.74885,28.092046],[-16.748024,28.091749]]],[[[-16.744891,28.090493],[-16.744821,28.090624],[-16.744875,28.090661],[-16.745551,28.090879],[-16.745654,28.090797],[-16.745577,28.090732],[-16.744891,28.090493]]]]}},{"type":"Feature","id":"38004","properties":{"cod_ine":"38004","nombre":"Arafo","nombre_ine":"Arafo","nombre_shp":"Arafo","area_km2":34.207,"partes":1,"partes_roque":0},"geometry":{"type":"MultiPolygon","coordinates":[[[[-16.407192,28.353166],[-16.407576,28.353279],[-16.407848,28.353211],[-16.408225,28.352975],[-16.408596,28.352955],[-16.409192,28.353276],[-16.409707,28.353684],[-16.410437,28.353954],[-16.410657,28.354285],[-16.410622,28.354577],[-16.410892,28.354982],[-16.411073,28.355693],[-16.41129,28.356014],[-16.411322,28.356262],[-16.411496,28.356497],[-16.411809,28.356645],[-16.412098,28.357546],[-16.413414,28.358271],[-16.414122,28.358789],[-16.414387,28.359098],[-16.414649,28.359097],[-16.414859,28.359314],[-16.415211,28.359468],[-16.415397,28.359924],[-16.415645,28.360238],[-16.415963,28.360449],[-16.41592,28.360907],[-16.416035,28.361287],[-16.416695,28.362038],[-16.416954,28.362602],[-16.417481,28.362867],[-16.417925,28.363646],[-16.418299,28.363892],[-16.419807,28.36442],[-16.420832,28.365211],[-16.421141,28.365275],[-16.421559,28.365212],[-16.421799,28.365483],[-16.422227,28.365765],[-16.42258,28.365921],[-16.422929,28.365972],[-16.423054,28.366144],[-16.423235,28.366731],[-16.423531,28.367035],[-16.423738,28.367529],[-16.424966,28.36783],[-16.425022,28.368125],[-16.425524,28.368571],[-16.425541,28.368632],[-16.425398,28.368705],[-16.425388,28.369064],[-16.425787,28.369757],[-16.425852,28.37021],[-16.426189,28.370351],[-16.426341,28.370516],[-16.426676,28.370599],[-16.427924,28.37142],[-16.428451,28.372101],[-16.429719,28.373155],[-16.430748,28.372963],[-16.431093,28.373],[-16.431615,28.373349],[-16.431784,28.373492],[-16.432055,28.374091],[-16.432228,28.374299],[-16.432509,28.374258],[-16.433068,28.374559],[-16.433357,28.374949],[-16.433604,28.375061],[-16.434063,28.375808],[-16.434751,28.375988],[-16.434708,28.376207],[-16.434879,28.376451],[-16.435176,28.376565],[-16.43558,28.376358],[-16.435729,28.376426],[-16.435827,28.376692],[-16.435752,28.376945],[-16.436015,28.377328],[-16.436278,28.377375],[-16.436263,28.377614],[-16.436844,28.377658],[-16.43721,28.377798],[-16.437518,28.378055],[-16.437666,28.37838],[-16.437522,28.378515],[-16.437437,28.378748],[-16.437489,28.378818],[-16.437598,28.378875],[-16.438577,28.378793],[-16.438733,28.379116],[-16.439082,28.379252],[-16.439124,28.379651],[-16.43935,28.379671],[-16.440458,28.380372],[-16.440693,28.380742],[-16.440717,28.381144],[-16.440945,28.381331],[-16.441804,28.381267],[-16.442521,28.381479],[-16.443038,28.381444],[-16.443491,28.38201],[-16.444091,28.382559],[-16.444595,28.382524],[-16.445004,28.382378],[-16.445909,28.382296],[-16.446334,28.382763],[-16.446427,28.383154],[-16.446857,28.383333],[-16.447496,28.383921],[-16.447633,28.384719],[-16.447608,28.385346],[-16.447477,28.385887],[-16.447109,28.386408],[-16.447062,28.386995],[-16.447146,28.387314],[-16.447029,28.387568],[-16.446686,28.387978],[-16.446067,28.388239],[-16.445322,28.38894],[-16.445392,28.390392],[-16.445788,28.390009],[-16.446047,28.389862],[-16.44722,28.389407],[-16.447913,28.389504],[-16.448111,28.389723],[-16.448366,28.389758],[-16.448828,28.389514],[-16.449234,28.388975],[-16.449379,28.38836],[-16.449269,28.38798],[-16.449363,28.387692],[-16.45029,28.387091],[-16.450911,28.3868],[-16.451874,28.386512],[-16.452994,28.385702],[-16.453555,28.385139],[-16.453911,28.384598],[-16.454391,28.383537],[-16.455062,28.382997],[-16.455706,28.382753],[-16.456315,28.382702],[-16.457045,28.382328],[-16.457666,28.381351],[-16.457992,28.380491],[-16.460364,28.377591],[-16.461085,28.376455],[-16.461137,28.375818],[-16.460923,28.374658],[-16.461004,28.374127],[-16.462005,28.373938],[-16.462462,28.373766],[-16.462893,28.373398],[-16.463561,28.371882],[-16.463602,28.370837],[-16.463872,28.370195],[-16.464975,28.368881],[-16.464372,28.367119],[-16.464439,28.365733],[-16.464643,28.364467],[-16.465592,28.363047],[-16.466453,28.361269],[-16.466576,28.360812],[-16.466853,28.359209],[-16.466634,28.358943],[-16.466484,28.358581],[-16.466513,28.358272],[-16.46665,28.357884],[-16.467119,28.35722],[-16.467172,28.356967],[-16.467046,28.356073],[-16.46673,28.355138],[-16.468099,28.355141],[-16.469438,28.35424],[-16.469842,28.353773],[-16.470586,28.353271],[-16.471085,28.352726],[-16.473668,28.352915],[-16.474875,28.352708],[-16.476087,28.352293],[-16.476283,28.352176],[-16.477334,28.350844],[-16.478341,28.350166],[-16.480005,28.348776],[-16.481615,28.347772],[-16.481938,28.34723],[-16.481935,28.346431],[-16.482249,28.345225],[-16.482352,28.343468],[-16.482237,28.342549],[-16.481713,28.341433],[-16.482059,28.340676],[-16.48278,28.339563],[-16.483697,28.337468],[-16.483996,28.336397],[-16.48388,28.336232],[-16.483891,28.336107],[-16.484328,28.335708],[-16.484408,28.335517],[-16.4847,28.33489],[-16.470287,28.335457],[-16.466323,28.335284],[-16.45341,28.336026],[-16.436006,28.332225],[-16.423007,28.333382],[-16.423082,28.332804],[-16.419162,28.333442],[-16.415277,28.333466],[-16.415226,28.333642],[-16.415023,28.333598],[-16.413395,28.334043],[-16.408157,28.334524],[-16.405024,28.333863],[-16.403259,28.333283],[-16.398522,28.331195],[-16.39681,28.330916],[-16.393624,28.329372],[-16.389228,28.329337],[-16.380617,28.327607],[-16.376021,28.327707],[-16.375792,28.328284],[-16.372803,28.328507],[-16.372797,28.32864],[-16.371889,28.328599],[-16.371858,28.32913],[-16.368666,28.328986],[-16.368626,28.329681],[-16.36748,28.329629],[-16.367441,28.330309],[-16.366216,28.330253],[-16.36623,28.329994],[-16.364996,28.329939],[-16.364919,28.330978],[-16.363395,28.330909],[-16.362451,28.330316],[-16.362172,28.331302],[-16.362204,28.33179],[-16.362453,28.332879],[-16.362902,28.333533],[-16.363651,28.335136],[-16.363912,28.335415],[-16.363904,28.335607],[-16.364221,28.335854],[-16.36528,28.337711],[-16.365727,28.338805],[-16.365762,28.339079],[-16.365581,28.3393],[-16.365633,28.339372],[-16.365938,28.339363],[-16.365973,28.339447],[-16.36633,28.339478],[-16.366562,28.339621],[-16.36662,28.339743],[-16.367294,28.339585],[-16.36743,28.339642],[-16.367956,28.339557],[-16.369802,28.338806],[-16.370027,28.33878],[-16.371124,28.339614],[-16.372226,28.340247],[-16.372801,28.340262],[-16.37315,28.34015],[-16.374511,28.339976],[-16.375491,28.339758],[-16.375891,28.339835],[-16.376073,28.339976],[-16.376604,28.340117],[-16.376795,28.340285],[-16.376958,28.34029],[-16.377106,28.340166],[-16.379382,28.340589],[-16.379725,28.34055],[-16.38024,28.340346],[-16.380799,28.339848],[-16.381576,28.339765],[-16.381768,28.339663],[-16.382112,28.339668],[-16.382399,28.33942],[-16.383255,28.339472],[-16.383445,28.339253],[-16.384305,28.339395],[-16.385383,28.340276],[-16.385381,28.340615],[-16.385538,28.340996],[-16.385753,28.341194],[-16.386173,28.341405],[-16.386901,28.341615],[-16.386982,28.341428],[-16.387731,28.341551],[-16.388507,28.341786],[-16.388681,28.341929],[-16.38925,28.341759],[-16.389801,28.34261],[-16.389896,28.342643],[-16.390491,28.342458],[-16.390504,28.342676],[-16.390642,28.342909],[-16.391621,28.342628],[-16.391971,28.342594],[-16.392571,28.342769],[-16.393198,28.34312],[-16.39373,28.343893],[-16.393679,28.344084],[-16.393409,28.344184],[-16.393264,28.344484],[-16.392886,28.34465],[-16.39234,28.345088],[-16.392064,28.344734],[-16.391585,28.344811],[-16.391769,28.345142],[-16.392031,28.345365],[-16.392901,28.345608],[-16.393247,28.345828],[-16.39354,28.345745],[-16.393925,28.345813],[-16.394168,28.346012],[-16.394468,28.346093],[-16.395165,28.346056],[-16.395874,28.345856],[-16.396346,28.345662],[-16.396785,28.345322],[-16.397936,28.345738],[-16.398534,28.346143],[-16.399188,28.3468],[-16.399442,28.347142],[-16.399631,28.347828],[-16.399832,28.347957],[-16.400261,28.34864],[-16.400554,28.348885],[-16.400988,28.349099],[-16.402292,28.349413],[-16.403518,28.349927],[-16.404245,28.350118],[-16.405389,28.350536],[-16.406135,28.35091],[-16.406573,28.351458],[-16.406794,28.352101],[-16.406707,28.352347],[-16.406387,28.352511],[-16.406459,28.352871],[-16.407192,28.353166]]]]}},{"type":"Feature","id":"38005","properties":{"cod_ine":"38005","nombre":"Arico","nombre_ine":"Arico","nombre_shp":"Arico","area_km2":178.714,"partes":4,"partes_roque":3},"geometry":{"type":"MultiPolygon","coordinates":[[[[-16.574394,28.196897],[-16.574207,28.196608],[-16.574121,28.196027],[-16.573668,28.19542],[-16.573643,28.194405],[-16.573555,28.194219],[-16.573297,28.194116],[-16.572939,28.193646],[-16.572357,28.193432],[-16.572307,28.193114],[-16.572173,28.192947],[-16.571664,28.192887],[-16.571719,28.192487],[-16.57085,28.192048],[-16.57042,28.191956],[-16.570073,28.191741],[-16.570272,28.191204],[-16.570276,28.190969],[-16.570154,28.19079],[-16.56972,28.190493],[-16.569622,28.189781],[-16.569787,28.189565],[-16.569832,28.189325],[-16.569494,28.188681],[-16.569446,28.18826],[-16.569274,28.187905],[-16.568925,28.187661],[-16.568145,28.18735],[-16.567829,28.187126],[-16.567169,28.187248],[-16.567063,28.187191],[-16.566845,28.186828],[-16.566796,28.186539],[-16.566366,28.185504],[-16.566084,28.185234],[-16.565876,28.18516],[-16.56584,28.185021],[-16.56628,28.18456],[-16.566344,28.184394],[-16.566902,28.184268],[-16.566986,28.184114],[-16.566957,28.183911],[-16.565939,28.183492],[-16.565776,28.183295],[-16.565387,28.183176],[-16.56504,28.182661],[-16.565043,28.181975],[-16.565317,28.18118],[-16.564826,28.180628],[-16.564431,28.180553],[-16.56413,28.180379],[-16.564124,28.180212],[-16.564486,28.179718],[-16.5645,28.179553],[-16.564038,28.178933],[-16.564087,28.17854],[-16.563987,28.17821],[-16.56329,28.177493],[-16.562937,28.17736],[-16.562747,28.177143],[-16.56245,28.177122],[-16.561929,28.176593],[-16.561852,28.176456],[-16.562033,28.176168],[-16.561686,28.175815],[-16.561306,28.175594],[-16.561001,28.175529],[-16.560824,28.175356],[-16.560882,28.175168],[-16.561229,28.174789],[-16.56121,28.174442],[-16.560848,28.17427],[-16.560469,28.174425],[-16.559858,28.174229],[-16.559247,28.173699],[-16.559311,28.173308],[-16.559499,28.173155],[-16.559357,28.172856],[-16.559378,28.172538],[-16.558616,28.172181],[-16.558305,28.171474],[-16.558019,28.171265],[-16.557844,28.171278],[-16.557591,28.171534],[-16.557081,28.171513],[-16.556612,28.171629],[-16.556394,28.171875],[-16.556155,28.171995],[-16.555982,28.171803],[-16.555897,28.171549],[-16.556039,28.171123],[-16.555973,28.170783],[-16.555816,28.170512],[-16.555254,28.170263],[-16.555144,28.170039],[-16.555248,28.169519],[-16.555734,28.169414],[-16.556024,28.16914],[-16.555991,28.168996],[-16.555809,28.168804],[-16.554999,28.168427],[-16.554376,28.168306],[-16.554043,28.168095],[-16.55334,28.168187],[-16.552332,28.168112],[-16.552455,28.167655],[-16.552419,28.167491],[-16.552289,28.16735],[-16.551949,28.167354],[-16.551785,28.167162],[-16.55183,28.166949],[-16.552043,28.166773],[-16.55206,28.166471],[-16.552306,28.166222],[-16.552133,28.165944],[-16.55215,28.16549],[-16.552018,28.16537],[-16.551813,28.165327],[-16.550875,28.165629],[-16.550729,28.165561],[-16.550405,28.165154],[-16.549819,28.16518],[-16.548965,28.164798],[-16.54843,28.164136],[-16.547977,28.1638],[-16.5476,28.163265],[-16.547467,28.16331],[-16.547439,28.163693],[-16.547329,28.163774],[-16.546994,28.163658],[-16.546381,28.163283],[-16.546369,28.163044],[-16.546605,28.162505],[-16.546532,28.162372],[-16.546241,28.162421],[-16.545985,28.162234],[-16.545975,28.162072],[-16.546147,28.161788],[-16.546121,28.161612],[-16.545812,28.161634],[-16.544799,28.16121],[-16.5444,28.161133],[-16.544069,28.161155],[-16.543351,28.160813],[-16.543244,28.160532],[-16.543064,28.160329],[-16.542434,28.159982],[-16.54209,28.159981],[-16.542101,28.160128],[-16.541948,28.160251],[-16.541423,28.160149],[-16.541362,28.160016],[-16.541466,28.159496],[-16.540909,28.159487],[-16.539896,28.159227],[-16.539818,28.15903],[-16.539517,28.158837],[-16.539393,28.158498],[-16.539127,28.1582],[-16.538339,28.157787],[-16.538154,28.157331],[-16.537908,28.157061],[-16.537101,28.156725],[-16.536626,28.156378],[-16.535592,28.155975],[-16.535208,28.155749],[-16.535285,28.155161],[-16.535239,28.154803],[-16.534625,28.154397],[-16.53452,28.154044],[-16.533953,28.153428],[-16.533691,28.153318],[-16.533161,28.152893],[-16.532818,28.152863],[-16.532694,28.152781],[-16.532667,28.152652],[-16.532794,28.152484],[-16.532781,28.152344],[-16.532589,28.152069],[-16.532217,28.151874],[-16.531828,28.1509],[-16.531384,28.150641],[-16.531324,28.149976],[-16.53096,28.149847],[-16.530783,28.149695],[-16.530655,28.149042],[-16.530261,28.148507],[-16.530376,28.148357],[-16.530697,28.148263],[-16.53074,28.148155],[-16.530369,28.147802],[-16.529995,28.148039],[-16.52953,28.148096],[-16.52948,28.148006],[-16.529625,28.147732],[-16.52961,28.147495],[-16.529101,28.14734],[-16.529124,28.147103],[-16.529029,28.147009],[-16.528643,28.147054],[-16.528251,28.146948],[-16.528222,28.146836],[-16.528427,28.146502],[-16.528285,28.145975],[-16.52784,28.145755],[-16.527312,28.145066],[-16.526911,28.14495],[-16.527155,28.144607],[-16.526985,28.144232],[-16.526787,28.144158],[-16.526423,28.144207],[-16.526222,28.144083],[-16.525776,28.143465],[-16.525864,28.14329],[-16.526153,28.143278],[-16.526194,28.143221],[-16.526272,28.142699],[-16.526436,28.142397],[-16.52633,28.141882],[-16.525998,28.141603],[-16.525929,28.141423],[-16.525595,28.141165],[-16.525741,28.14101],[-16.525954,28.140514],[-16.525685,28.139851],[-16.525854,28.139615],[-16.526104,28.139574],[-16.526282,28.139368],[-16.525614,28.138658],[-16.525693,28.138326],[-16.525638,28.138196],[-16.52582,28.137837],[-16.525531,28.137667],[-16.52546,28.137399],[-16.525243,28.137218],[-16.525203,28.136962],[-16.524789,28.136881],[-16.524582,28.136594],[-16.524212,28.136558],[-16.523595,28.136179],[-16.523208,28.135826],[-16.523111,28.135372],[-16.522555,28.134559],[-16.522546,28.134439],[-16.522774,28.134202],[-16.522546,28.133665],[-16.522469,28.133614],[-16.521765,28.133663],[-16.521614,28.133604],[-16.521489,28.133224],[-16.521578,28.132902],[-16.521523,28.132639],[-16.520693,28.132659],[-16.520476,28.132364],[-16.519919,28.131957],[-16.520153,28.131418],[-16.520135,28.131194],[-16.5198,28.1312],[-16.519544,28.131117],[-16.519246,28.130624],[-16.518609,28.130284],[-16.517857,28.130073],[-16.517501,28.129694],[-16.517274,28.129556],[-16.516965,28.129628],[-16.516918,28.129935],[-16.516829,28.130015],[-16.516512,28.129991],[-16.516021,28.129561],[-16.515847,28.129516],[-16.514476,28.129838],[-16.51426,28.129838],[-16.514032,28.129721],[-16.513845,28.12996],[-16.512055,28.130156],[-16.511908,28.130119],[-16.511675,28.129645],[-16.511745,28.129311],[-16.511547,28.129128],[-16.510952,28.129015],[-16.510562,28.129042],[-16.509926,28.12867],[-16.508057,28.128225],[-16.506961,28.127718],[-16.506409,28.127267],[-16.505309,28.126976],[-16.505105,28.126805],[-16.504431,28.126677],[-16.504011,28.126514],[-16.503968,28.126301],[-16.504408,28.125926],[-16.504509,28.125507],[-16.504439,28.125181],[-16.504057,28.124916],[-16.503793,28.124366],[-16.503612,28.124186],[-16.503537,28.123893],[-16.503886,28.123332],[-16.50403,28.122848],[-16.503831,28.122717],[-16.503407,28.122717],[-16.503102,28.122594],[-16.502937,28.122404],[-16.502993,28.122026],[-16.502819,28.121652],[-16.502594,28.121422],[-16.502034,28.121367],[-16.501928,28.121257],[-16.501863,28.12096],[-16.501913,28.120637],[-16.501481,28.120617],[-16.501075,28.120445],[-16.500962,28.120095],[-16.501201,28.119794],[-16.501173,28.11965],[-16.500531,28.119522],[-16.499947,28.11916],[-16.499849,28.118426],[-16.500119,28.118109],[-16.499926,28.117789],[-16.499211,28.117494],[-16.498179,28.117251],[-16.497907,28.117008],[-16.497367,28.116885],[-16.496938,28.116538],[-16.496653,28.115893],[-16.496766,28.115362],[-16.496998,28.115054],[-16.497512,28.114771],[-16.497618,28.114596],[-16.497186,28.114078],[-16.497261,28.113623],[-16.49717,28.113414],[-16.495566,28.113042],[-16.495311,28.112634],[-16.495116,28.112523],[-16.493278,28.112164],[-16.492724,28.111211],[-16.492315,28.110809],[-16.491841,28.110494],[-16.490746,28.109161],[-16.49056,28.108829],[-16.490581,28.108425],[-16.490443,28.108054],[-16.490049,28.107673],[-16.489415,28.106687],[-16.488654,28.106],[-16.48747,28.105578],[-16.487246,28.105145],[-16.48716,28.104532],[-16.486949,28.103859],[-16.486922,28.101917],[-16.486597,28.101636],[-16.486185,28.10105],[-16.485623,28.100717],[-16.484935,28.100594],[-16.483822,28.099839],[-16.483201,28.099256],[-16.482897,28.098687],[-16.48261,28.098432],[-16.482702,28.0977],[-16.481781,28.095285],[-16.481037,28.095922],[-16.480718,28.096595],[-16.480592,28.098474],[-16.480519,28.098804],[-16.480399,28.098863],[-16.48044,28.0991],[-16.480223,28.099364],[-16.480239,28.099526],[-16.480078,28.099643],[-16.479988,28.099629],[-16.479786,28.09945],[-16.479708,28.099159],[-16.479607,28.09915],[-16.479711,28.099425],[-16.479214,28.099575],[-16.479131,28.100037],[-16.478951,28.100029],[-16.478827,28.099933],[-16.478636,28.100033],[-16.47849,28.100258],[-16.478531,28.100523],[-16.478363,28.100635],[-16.478489,28.100902],[-16.478313,28.10103],[-16.47812,28.101089],[-16.477868,28.100856],[-16.477671,28.100334],[-16.477326,28.100497],[-16.477181,28.1008],[-16.476524,28.101224],[-16.476674,28.101528],[-16.476109,28.101477],[-16.476374,28.102004],[-16.476253,28.102149],[-16.476037,28.1022],[-16.475853,28.102081],[-16.475665,28.102081],[-16.475589,28.101877],[-16.47526,28.1018],[-16.475196,28.101932],[-16.474983,28.102058],[-16.475083,28.102338],[-16.474828,28.10238],[-16.47465,28.102504],[-16.474927,28.102909],[-16.474921,28.10304],[-16.474797,28.103118],[-16.474557,28.102712],[-16.474441,28.103102],[-16.474035,28.103391],[-16.474045,28.103647],[-16.473577,28.1036],[-16.474029,28.103949],[-16.474013,28.104164],[-16.473932,28.104189],[-16.473765,28.10402],[-16.47344,28.103991],[-16.473223,28.103889],[-16.473147,28.10393],[-16.473215,28.104073],[-16.473032,28.104067],[-16.472728,28.104264],[-16.472637,28.104552],[-16.472467,28.104684],[-16.472454,28.104825],[-16.472511,28.105074],[-16.472653,28.10526],[-16.472651,28.105499],[-16.472861,28.105919],[-16.472671,28.106169],[-16.472914,28.106198],[-16.472985,28.106582],[-16.47267,28.107565],[-16.472488,28.107609],[-16.472371,28.107727],[-16.472518,28.1079],[-16.472216,28.108302],[-16.471934,28.108529],[-16.471397,28.108772],[-16.471181,28.108506],[-16.470948,28.108587],[-16.470739,28.108517],[-16.470545,28.108676],[-16.470453,28.108937],[-16.470113,28.108945],[-16.469922,28.109105],[-16.469646,28.109125],[-16.46924,28.108958],[-16.469608,28.108289],[-16.470256,28.10792],[-16.470266,28.107745],[-16.470058,28.107749],[-16.469337,28.10829],[-16.468703,28.109673],[-16.468571,28.109707],[-16.468593,28.109794],[-16.468794,28.109878],[-16.468876,28.110328],[-16.468795,28.110548],[-16.468439,28.110955],[-16.468102,28.111148],[-16.467583,28.111054],[-16.467385,28.111178],[-16.467399,28.111385],[-16.467158,28.111621],[-16.466231,28.111901],[-16.465623,28.111778],[-16.465499,28.111861],[-16.465092,28.111898],[-16.464885,28.111811],[-16.464788,28.111524],[-16.46458,28.111399],[-16.464385,28.111602],[-16.464017,28.111472],[-16.463839,28.111673],[-16.463839,28.111841],[-16.463991,28.112053],[-16.463669,28.112268],[-16.463512,28.112177],[-16.463361,28.112252],[-16.463763,28.112493],[-16.463931,28.112698],[-16.463865,28.112819],[-16.463969,28.113086],[-16.463929,28.113204],[-16.463591,28.113421],[-16.463351,28.113278],[-16.462957,28.113227],[-16.462946,28.113338],[-16.462813,28.11341],[-16.462882,28.113579],[-16.462754,28.113502],[-16.462783,28.113755],[-16.462644,28.113862],[-16.462352,28.113972],[-16.462063,28.113903],[-16.462,28.113992],[-16.462157,28.114039],[-16.461933,28.114398],[-16.462136,28.1144],[-16.462365,28.114604],[-16.462261,28.114893],[-16.462093,28.11496],[-16.462208,28.11505],[-16.462311,28.114989],[-16.46241,28.115025],[-16.462338,28.115236],[-16.462495,28.115263],[-16.462461,28.115432],[-16.4629,28.115948],[-16.463042,28.11595],[-16.463005,28.116238],[-16.463664,28.117616],[-16.46352,28.117813],[-16.463706,28.11791],[-16.463931,28.118287],[-16.463881,28.118381],[-16.463736,28.11839],[-16.463626,28.118488],[-16.463897,28.118642],[-16.463806,28.118883],[-16.463976,28.119016],[-16.463894,28.11908],[-16.463575,28.1191],[-16.463443,28.119233],[-16.463409,28.119498],[-16.463025,28.119391],[-16.462962,28.119447],[-16.46308,28.120216],[-16.463167,28.120336],[-16.463024,28.120556],[-16.462609,28.120621],[-16.462437,28.120107],[-16.462289,28.120018],[-16.461818,28.120161],[-16.461789,28.120349],[-16.46164,28.120426],[-16.461857,28.120524],[-16.461846,28.120667],[-16.461477,28.120684],[-16.461038,28.120899],[-16.461088,28.120965],[-16.461351,28.120997],[-16.461346,28.121365],[-16.461613,28.121802],[-16.461204,28.121437],[-16.460664,28.121648],[-16.460022,28.121559],[-16.460147,28.121736],[-16.460042,28.121839],[-16.4597,28.121707],[-16.459601,28.121958],[-16.459634,28.122071],[-16.459422,28.122268],[-16.459496,28.12232],[-16.459393,28.122466],[-16.459421,28.122554],[-16.459309,28.122732],[-16.458983,28.122877],[-16.459063,28.122998],[-16.458875,28.123315],[-16.458451,28.12327],[-16.458384,28.123319],[-16.458041,28.123121],[-16.457839,28.123246],[-16.457688,28.123202],[-16.457046,28.124],[-16.456822,28.124125],[-16.456762,28.124341],[-16.456837,28.124571],[-16.456289,28.124817],[-16.456124,28.125196],[-16.455904,28.125309],[-16.455767,28.125177],[-16.455645,28.12531],[-16.455334,28.125142],[-16.455147,28.125143],[-16.455133,28.125245],[-16.454818,28.125164],[-16.454513,28.12533],[-16.454532,28.125573],[-16.454228,28.125406],[-16.454009,28.125443],[-16.453958,28.125406],[-16.454016,28.12531],[-16.453929,28.125272],[-16.453759,28.125537],[-16.453431,28.125556],[-16.453316,28.125641],[-16.453144,28.125508],[-16.452884,28.12552],[-16.453123,28.126009],[-16.452868,28.12638],[-16.452895,28.126624],[-16.452768,28.126688],[-16.452366,28.126538],[-16.452383,28.126614],[-16.452231,28.126705],[-16.452163,28.126866],[-16.452289,28.127049],[-16.452247,28.127113],[-16.451869,28.127183],[-16.451697,28.127068],[-16.451511,28.127068],[-16.451445,28.127161],[-16.451557,28.12747],[-16.451364,28.12781],[-16.45113,28.127908],[-16.451042,28.128032],[-16.450664,28.12811],[-16.450529,28.128242],[-16.450206,28.128328],[-16.449916,28.128693],[-16.44974,28.128716],[-16.449776,28.128852],[-16.449484,28.128944],[-16.449377,28.128892],[-16.448994,28.12937],[-16.448784,28.129396],[-16.448887,28.129614],[-16.449167,28.129861],[-16.449046,28.130145],[-16.449245,28.130736],[-16.449195,28.130987],[-16.449288,28.131224],[-16.449283,28.131557],[-16.449262,28.131812],[-16.44912,28.132055],[-16.449362,28.132239],[-16.44926,28.132384],[-16.449396,28.132666],[-16.44937,28.132834],[-16.449222,28.132916],[-16.449083,28.133209],[-16.449108,28.133448],[-16.448977,28.133881],[-16.449153,28.134286],[-16.448789,28.134695],[-16.448219,28.134899],[-16.44778,28.134901],[-16.447136,28.135038],[-16.446593,28.135275],[-16.44602,28.135238],[-16.445613,28.135007],[-16.445502,28.134773],[-16.445607,28.133993],[-16.445524,28.133931],[-16.445252,28.133931],[-16.445113,28.133965],[-16.444799,28.13443],[-16.444594,28.134483],[-16.444426,28.134736],[-16.443831,28.134839],[-16.443442,28.134985],[-16.442599,28.134743],[-16.44174,28.135052],[-16.441838,28.13522],[-16.44184,28.135578],[-16.441676,28.135776],[-16.441909,28.136285],[-16.44174,28.13637],[-16.442218,28.136471],[-16.44239,28.136661],[-16.442576,28.136545],[-16.442793,28.136613],[-16.442966,28.136574],[-16.443187,28.136882],[-16.443098,28.136984],[-16.442647,28.137082],[-16.442512,28.137198],[-16.44194,28.137263],[-16.441912,28.13737],[-16.442118,28.137589],[-16.442409,28.137669],[-16.442344,28.137973],[-16.442539,28.138081],[-16.442613,28.13824],[-16.442508,28.138567],[-16.442107,28.13869],[-16.442016,28.13878],[-16.442101,28.138875],[-16.442279,28.138907],[-16.442349,28.139156],[-16.442118,28.139279],[-16.442115,28.139466],[-16.441854,28.139458],[-16.441843,28.139606],[-16.441622,28.139743],[-16.441826,28.13982],[-16.441748,28.140062],[-16.44155,28.140173],[-16.441644,28.14043],[-16.441561,28.140553],[-16.440931,28.140398],[-16.440619,28.140472],[-16.440565,28.140666],[-16.440064,28.140834],[-16.439923,28.1411],[-16.439862,28.141666],[-16.439656,28.141837],[-16.439937,28.141897],[-16.439781,28.141996],[-16.439782,28.142299],[-16.439489,28.142509],[-16.438863,28.142719],[-16.438295,28.142665],[-16.437958,28.142447],[-16.438073,28.142043],[-16.437753,28.141932],[-16.437481,28.142123],[-16.437274,28.142052],[-16.437331,28.142427],[-16.437165,28.142644],[-16.436662,28.142675],[-16.436464,28.142516],[-16.436541,28.142395],[-16.43643,28.142137],[-16.43609,28.141938],[-16.43619,28.141676],[-16.435941,28.14157],[-16.435822,28.141373],[-16.435859,28.141266],[-16.436222,28.141188],[-16.436235,28.141131],[-16.435942,28.14113],[-16.43567,28.141238],[-16.435505,28.1415],[-16.435086,28.141357],[-16.434636,28.140996],[-16.434611,28.140871],[-16.434455,28.14085],[-16.43415,28.14105],[-16.433673,28.140961],[-16.433614,28.140996],[-16.43366,28.141163],[-16.433485,28.141165],[-16.433393,28.141265],[-16.433287,28.141102],[-16.433296,28.141309],[-16.433097,28.141385],[-16.433003,28.141557],[-16.432935,28.141466],[-16.432795,28.141548],[-16.432771,28.14167],[-16.432923,28.142097],[-16.4332,28.142317],[-16.433175,28.142421],[-16.432897,28.142564],[-16.432939,28.142679],[-16.433202,28.142737],[-16.433032,28.143032],[-16.432757,28.142827],[-16.43221,28.143026],[-16.431474,28.142529],[-16.431345,28.142606],[-16.431095,28.143099],[-16.431226,28.143144],[-16.431166,28.143345],[-16.430888,28.143501],[-16.430891,28.143737],[-16.430698,28.143939],[-16.43068,28.144128],[-16.430242,28.14446],[-16.429888,28.144404],[-16.429701,28.144507],[-16.429672,28.144899],[-16.429966,28.145071],[-16.43012,28.145255],[-16.430026,28.145236],[-16.42982,28.145359],[-16.429776,28.145315],[-16.429678,28.145498],[-16.429571,28.145443],[-16.429625,28.145613],[-16.429542,28.145689],[-16.429108,28.145274],[-16.428904,28.145281],[-16.428887,28.145411],[-16.428796,28.145396],[-16.428751,28.145466],[-16.428905,28.145559],[-16.428758,28.145646],[-16.428663,28.146004],[-16.4285,28.146069],[-16.428509,28.146226],[-16.428448,28.146155],[-16.428307,28.146156],[-16.428219,28.14625],[-16.428088,28.146228],[-16.428091,28.146475],[-16.427839,28.146762],[-16.427714,28.147093],[-16.427677,28.147553],[-16.426999,28.147379],[-16.426755,28.147463],[-16.426657,28.147824],[-16.426719,28.148326],[-16.426148,28.149144],[-16.426251,28.149359],[-16.426025,28.149235],[-16.425952,28.14943],[-16.425744,28.149298],[-16.425789,28.149758],[-16.425476,28.150535],[-16.425648,28.15099],[-16.425926,28.151327],[-16.426223,28.151479],[-16.426312,28.151883],[-16.426485,28.151959],[-16.426756,28.151917],[-16.427045,28.152312],[-16.427124,28.152325],[-16.427262,28.152258],[-16.42746,28.151716],[-16.427716,28.151657],[-16.427782,28.151718],[-16.427788,28.152219],[-16.427903,28.152323],[-16.428514,28.152429],[-16.428708,28.152326],[-16.428933,28.152572],[-16.428777,28.152668],[-16.428724,28.152858],[-16.428919,28.1532],[-16.429024,28.153125],[-16.428938,28.153324],[-16.429391,28.153512],[-16.429603,28.153759],[-16.429569,28.153864],[-16.429179,28.153938],[-16.429177,28.154112],[-16.429283,28.154165],[-16.429397,28.154151],[-16.429494,28.153988],[-16.429629,28.153931],[-16.429797,28.153577],[-16.430229,28.153131],[-16.430535,28.153099],[-16.430697,28.153433],[-16.430939,28.153014],[-16.431349,28.152768],[-16.43189,28.152714],[-16.432356,28.152814],[-16.43248,28.152941],[-16.432431,28.153279],[-16.432481,28.153418],[-16.432616,28.153478],[-16.432629,28.153756],[-16.433069,28.154041],[-16.433721,28.154233],[-16.433718,28.154458],[-16.434087,28.154887],[-16.434389,28.155668],[-16.434129,28.155873],[-16.434328,28.155971],[-16.434317,28.156521],[-16.434392,28.156829],[-16.434233,28.157346],[-16.434185,28.157865],[-16.434026,28.158051],[-16.43373,28.158162],[-16.433971,28.158349],[-16.433905,28.158895],[-16.433722,28.158972],[-16.43368,28.159225],[-16.433585,28.159308],[-16.432678,28.159209],[-16.432357,28.159297],[-16.432467,28.159435],[-16.432935,28.15966],[-16.433066,28.159931],[-16.432686,28.160574],[-16.432619,28.161178],[-16.432423,28.161493],[-16.432338,28.161849],[-16.431962,28.162366],[-16.431887,28.162785],[-16.431637,28.163017],[-16.431791,28.163588],[-16.431744,28.163819],[-16.431599,28.164016],[-16.431619,28.16427],[-16.431494,28.164577],[-16.430895,28.16492],[-16.430593,28.164891],[-16.430578,28.164789],[-16.430486,28.164893],[-16.430015,28.164821],[-16.429849,28.164909],[-16.429691,28.164782],[-16.429297,28.164696],[-16.429167,28.164785],[-16.428995,28.16456],[-16.428838,28.164553],[-16.428251,28.164206],[-16.427938,28.164181],[-16.42779,28.164065],[-16.427653,28.164149],[-16.427065,28.164177],[-16.426292,28.164818],[-16.426158,28.16522],[-16.426218,28.165434],[-16.426032,28.165723],[-16.426089,28.16597],[-16.425891,28.16611],[-16.425867,28.166471],[-16.425509,28.166861],[-16.425558,28.167088],[-16.425382,28.167313],[-16.425586,28.16744],[-16.425137,28.167741],[-16.425103,28.168091],[-16.424986,28.168282],[-16.425186,28.168394],[-16.42531,28.168676],[-16.425626,28.168878],[-16.425736,28.169075],[-16.425666,28.169148],[-16.425795,28.169223],[-16.425734,28.169329],[-16.425791,28.16944],[-16.426129,28.169557],[-16.426599,28.169589],[-16.426564,28.169704],[-16.426325,28.169707],[-16.426325,28.169798],[-16.426722,28.170042],[-16.42737,28.170602],[-16.427606,28.170673],[-16.427732,28.170623],[-16.427747,28.171151],[-16.428056,28.17156],[-16.428483,28.171779],[-16.428862,28.172107],[-16.42918,28.172541],[-16.429519,28.172683],[-16.429871,28.172953],[-16.429997,28.173219],[-16.429974,28.17337],[-16.430096,28.173421],[-16.430309,28.173702],[-16.430133,28.173833],[-16.429701,28.173788],[-16.42964,28.173958],[-16.429204,28.174121],[-16.429211,28.174457],[-16.428753,28.174597],[-16.428948,28.17467],[-16.428924,28.174734],[-16.428708,28.174751],[-16.428735,28.174983],[-16.429022,28.175228],[-16.429062,28.175641],[-16.429294,28.17594],[-16.428804,28.176004],[-16.428548,28.176179],[-16.428628,28.176812],[-16.428389,28.177039],[-16.428358,28.17735],[-16.42818,28.177603],[-16.42864,28.178222],[-16.428771,28.178255],[-16.428635,28.178407],[-16.42851,28.178799],[-16.428317,28.178989],[-16.428003,28.179541],[-16.427373,28.180061],[-16.427465,28.180291],[-16.42676,28.180569],[-16.426232,28.180692],[-16.426049,28.180865],[-16.425894,28.181247],[-16.425886,28.181544],[-16.426127,28.182199],[-16.426105,28.182364],[-16.425738,28.182552],[-16.425737,28.182617],[-16.426081,28.182706],[-16.426428,28.182614],[-16.426644,28.182654],[-16.427095,28.182851],[-16.427245,28.18299],[-16.427351,28.18314],[-16.427355,28.18381],[-16.42747,28.184238],[-16.427683,28.184569],[-16.427943,28.186195],[-16.427887,28.18648],[-16.427359,28.186505],[-16.427603,28.186623],[-16.427669,28.18681],[-16.427699,28.187669],[-16.427649,28.187805],[-16.427425,28.187924],[-16.42757,28.188135],[-16.427512,28.188553],[-16.427179,28.18913],[-16.426297,28.189231],[-16.426424,28.189506],[-16.426217,28.189543],[-16.426195,28.189714],[-16.425837,28.189895],[-16.425818,28.190745],[-16.425683,28.191099],[-16.425253,28.191262],[-16.425282,28.191501],[-16.425126,28.191902],[-16.424532,28.191835],[-16.424615,28.192101],[-16.424104,28.192126],[-16.423771,28.192784],[-16.42362,28.192928],[-16.423472,28.192957],[-16.423382,28.19284],[-16.423247,28.192811],[-16.423243,28.192887],[-16.423484,28.193105],[-16.423098,28.193567],[-16.423551,28.193811],[-16.423718,28.194032],[-16.424087,28.194252],[-16.424588,28.194741],[-16.424679,28.194886],[-16.424726,28.195324],[-16.425587,28.196084],[-16.425509,28.196586],[-16.425922,28.196855],[-16.426056,28.197298],[-16.426836,28.198255],[-16.427436,28.198518],[-16.427716,28.198763],[-16.427757,28.199024],[-16.427502,28.199354],[-16.42755,28.199561],[-16.427812,28.199642],[-16.428281,28.199515],[-16.42884,28.199611],[-16.429124,28.199515],[-16.429647,28.199174],[-16.429996,28.199107],[-16.43007,28.199273],[-16.430027,28.199727],[-16.430424,28.199989],[-16.431307,28.200169],[-16.431484,28.200075],[-16.431748,28.200081],[-16.432389,28.200298],[-16.432664,28.201274],[-16.432932,28.20149],[-16.432871,28.201739],[-16.432929,28.201824],[-16.433146,28.201842],[-16.433793,28.201639],[-16.433898,28.20171],[-16.43398,28.201949],[-16.434386,28.202265],[-16.434735,28.202254],[-16.434964,28.202076],[-16.435263,28.202161],[-16.435493,28.202384],[-16.435636,28.202773],[-16.435857,28.203003],[-16.436079,28.203407],[-16.436463,28.203705],[-16.436594,28.20399],[-16.436752,28.204124],[-16.437385,28.204185],[-16.437843,28.204444],[-16.438059,28.204487],[-16.438302,28.204324],[-16.438362,28.204008],[-16.438566,28.203997],[-16.438784,28.204189],[-16.43889,28.204742],[-16.439146,28.205035],[-16.43988,28.20533],[-16.440285,28.205599],[-16.440534,28.205594],[-16.440779,28.205372],[-16.44095,28.205416],[-16.440795,28.206311],[-16.44121,28.206778],[-16.441031,28.207204],[-16.441257,28.207658],[-16.441294,28.208266],[-16.441667,28.209034],[-16.442045,28.209267],[-16.442373,28.209582],[-16.442634,28.209529],[-16.442846,28.210094],[-16.44319,28.210135],[-16.443325,28.210553],[-16.443612,28.210891],[-16.443822,28.211354],[-16.444173,28.21177],[-16.444236,28.212191],[-16.444356,28.212363],[-16.444364,28.212916],[-16.444258,28.213152],[-16.443719,28.213674],[-16.443628,28.213894],[-16.443751,28.214436],[-16.443907,28.214618],[-16.444319,28.21483],[-16.445096,28.214937],[-16.445461,28.21517],[-16.446004,28.215313],[-16.446246,28.215333],[-16.446756,28.215226],[-16.446874,28.215254],[-16.446969,28.215449],[-16.447402,28.215402],[-16.44788,28.215873],[-16.448,28.21586],[-16.448526,28.215462],[-16.449129,28.215375],[-16.449567,28.215431],[-16.449881,28.215279],[-16.450111,28.21536],[-16.450199,28.215618],[-16.450356,28.215741],[-16.451449,28.21584],[-16.45173,28.216135],[-16.45212,28.216367],[-16.452233,28.216905],[-16.452626,28.217125],[-16.452911,28.217496],[-16.453228,28.217691],[-16.4532,28.218082],[-16.45366,28.218321],[-16.453905,28.218334],[-16.454185,28.218126],[-16.454493,28.218061],[-16.454714,28.218082],[-16.454953,28.218217],[-16.455469,28.218153],[-16.456107,28.217882],[-16.457021,28.217998],[-16.45743,28.218168],[-16.457565,28.218331],[-16.457609,28.218689],[-16.458137,28.218848],[-16.458307,28.219133],[-16.458873,28.219443],[-16.459085,28.220269],[-16.459325,28.220557],[-16.459585,28.220613],[-16.459774,28.220485],[-16.460156,28.220433],[-16.460484,28.221319],[-16.460788,28.221415],[-16.460927,28.221585],[-16.461066,28.222443],[-16.461221,28.222539],[-16.461583,28.222575],[-16.461979,28.222975],[-16.462351,28.22303],[-16.462366,28.223379],[-16.462704,28.223606],[-16.463429,28.224496],[-16.463758,28.224659],[-16.463778,28.225217],[-16.464055,28.225588],[-16.4647,28.225917],[-16.464597,28.226257],[-16.465071,28.227062],[-16.465257,28.227234],[-16.465516,28.227283],[-16.466034,28.22755],[-16.466035,28.228051],[-16.466124,28.228213],[-16.466809,28.228228],[-16.467504,28.22894],[-16.468434,28.229641],[-16.468656,28.230153],[-16.468541,28.230472],[-16.468578,28.230605],[-16.468763,28.230734],[-16.46938,28.231562],[-16.4699,28.231994],[-16.47002,28.232293],[-16.470581,28.232578],[-16.47102,28.232567],[-16.471241,28.232702],[-16.471497,28.232731],[-16.471541,28.233055],[-16.4718,28.23335],[-16.472001,28.233436],[-16.472691,28.234399],[-16.472854,28.235],[-16.473061,28.235225],[-16.473271,28.236033],[-16.47355,28.236294],[-16.474011,28.237016],[-16.474234,28.237203],[-16.474329,28.237441],[-16.475597,28.238266],[-16.475881,28.238349],[-16.476141,28.238768],[-16.476353,28.238906],[-16.47652,28.238938],[-16.476889,28.238787],[-16.477261,28.238786],[-16.477485,28.239038],[-16.477655,28.239607],[-16.478373,28.239818],[-16.478782,28.24015],[-16.479242,28.240373],[-16.479565,28.240762],[-16.479813,28.240915],[-16.480621,28.241064],[-16.480857,28.241179],[-16.480997,28.241525],[-16.481629,28.241717],[-16.482045,28.242107],[-16.482263,28.242549],[-16.482496,28.242815],[-16.482514,28.243016],[-16.482372,28.243238],[-16.482342,28.24418],[-16.482604,28.244833],[-16.483013,28.245052],[-16.483263,28.245325],[-16.484033,28.245659],[-16.484766,28.246304],[-16.485323,28.246609],[-16.485525,28.246916],[-16.485961,28.247085],[-16.485756,28.247516],[-16.485768,28.247759],[-16.486123,28.2479],[-16.486885,28.248374],[-16.487683,28.248594],[-16.488073,28.24884],[-16.488355,28.249259],[-16.488955,28.249715],[-16.490256,28.250032],[-16.490411,28.250202],[-16.490597,28.250268],[-16.490771,28.250728],[-16.490933,28.250882],[-16.491432,28.250971],[-16.491789,28.250783],[-16.492104,28.250971],[-16.492553,28.250986],[-16.492902,28.25131],[-16.493075,28.251366],[-16.493048,28.251489],[-16.493377,28.251963],[-16.493412,28.252265],[-16.494586,28.252891],[-16.494686,28.253246],[-16.494911,28.253474],[-16.495153,28.253521],[-16.495493,28.25377],[-16.495972,28.2539],[-16.496178,28.254157],[-16.496365,28.254228],[-16.496434,28.254534],[-16.496615,28.254796],[-16.496814,28.25489],[-16.497047,28.254874],[-16.497511,28.255009],[-16.497648,28.255351],[-16.498262,28.255606],[-16.498599,28.255893],[-16.498988,28.255844],[-16.499205,28.256308],[-16.49965,28.256892],[-16.500058,28.256978],[-16.50031,28.257221],[-16.500831,28.257331],[-16.501384,28.257873],[-16.502283,28.258152],[-16.502611,28.25866],[-16.502981,28.259011],[-16.503508,28.259215],[-16.503597,28.259595],[-16.503963,28.260033],[-16.504152,28.260469],[-16.504771,28.26076],[-16.505184,28.261416],[-16.505455,28.261646],[-16.505808,28.262269],[-16.506105,28.262597],[-16.506477,28.262776],[-16.506829,28.263215],[-16.507323,28.263645],[-16.507539,28.263692],[-16.507697,28.263871],[-16.50863,28.26437],[-16.508912,28.264611],[-16.50913,28.264965],[-16.509883,28.265419],[-16.510627,28.26646],[-16.514181,28.268636],[-16.536099,28.286029],[-16.537749,28.287109],[-16.538677,28.286857],[-16.539842,28.286276],[-16.540863,28.286014],[-16.541344,28.285997],[-16.541589,28.285852],[-16.542375,28.285085],[-16.543118,28.284576],[-16.544368,28.283492],[-16.545102,28.282405],[-16.545597,28.282167],[-16.546281,28.282058],[-16.546781,28.281795],[-16.547519,28.281205],[-16.547627,28.281025],[-16.547678,28.280357],[-16.547456,28.27961],[-16.547062,28.278859],[-16.546344,28.278012],[-16.545654,28.277663],[-16.545578,28.277535],[-16.545418,28.27636],[-16.545406,28.275532],[-16.545981,28.275139],[-16.546235,28.27466],[-16.546258,28.274437],[-16.546188,28.274196],[-16.546006,28.274045],[-16.545633,28.274002],[-16.545313,28.273662],[-16.545631,28.273167],[-16.545665,28.272837],[-16.545482,28.27237],[-16.544778,28.271489],[-16.544411,28.270769],[-16.544329,28.27046],[-16.544341,28.270045],[-16.544396,28.269844],[-16.544702,28.269452],[-16.545119,28.267843],[-16.545472,28.267097],[-16.545798,28.265796],[-16.54603,28.264173],[-16.546405,28.264085],[-16.548243,28.264518],[-16.549268,28.264604],[-16.550001,28.26455],[-16.550214,28.264464],[-16.550271,28.264344],[-16.550211,28.263679],[-16.549814,28.262828],[-16.549786,28.262655],[-16.54995,28.2622],[-16.549785,28.262001],[-16.549775,28.261319],[-16.549486,28.260811],[-16.549021,28.260493],[-16.548864,28.260292],[-16.548844,28.260096],[-16.549476,28.258897],[-16.549408,28.257768],[-16.549482,28.257534],[-16.55014,28.256458],[-16.550987,28.255787],[-16.551133,28.255494],[-16.551322,28.254596],[-16.551259,28.253024],[-16.551459,28.252781],[-16.551915,28.252532],[-16.551993,28.25231],[-16.551923,28.251469],[-16.552076,28.251],[-16.552236,28.250789],[-16.553051,28.250551],[-16.553204,28.250444],[-16.554347,28.249246],[-16.554544,28.248657],[-16.555105,28.248506],[-16.555791,28.248174],[-16.556463,28.248015],[-16.556977,28.247772],[-16.557921,28.247518],[-16.559104,28.247324],[-16.55902,28.246961],[-16.559077,28.246758],[-16.559526,28.245985],[-16.559647,28.245463],[-16.560183,28.244457],[-16.560377,28.244326],[-16.561049,28.244152],[-16.561961,28.244044],[-16.562207,28.243929],[-16.562549,28.243404],[-16.562818,28.243143],[-16.564085,28.242964],[-16.565019,28.24266],[-16.565145,28.242485],[-16.565062,28.241809],[-16.565112,28.241637],[-16.565358,28.241379],[-16.566128,28.24082],[-16.567701,28.24033],[-16.567901,28.240127],[-16.56796,28.239944],[-16.568304,28.239786],[-16.56843,28.239855],[-16.568543,28.239585],[-16.568997,28.239223],[-16.569423,28.239083],[-16.570045,28.239067],[-16.570487,28.238746],[-16.571055,28.238554],[-16.571586,28.238503],[-16.572021,28.238573],[-16.573557,28.237898],[-16.574371,28.237399],[-16.574699,28.237339],[-16.575476,28.237411],[-16.575648,28.237213],[-16.575937,28.236587],[-16.57655,28.236307],[-16.577119,28.236244],[-16.578114,28.236393],[-16.578243,28.236328],[-16.578567,28.235943],[-16.578764,28.235356],[-16.579368,28.234792],[-16.57925,28.234065],[-16.579292,28.233818],[-16.579725,28.233297],[-16.580408,28.23221],[-16.58122,28.231603],[-16.581546,28.231213],[-16.581695,28.230842],[-16.582403,28.230328],[-16.582945,28.229615],[-16.583143,28.229622],[-16.583525,28.229825],[-16.5835,28.229571],[-16.583977,28.228967],[-16.584393,28.22875],[-16.584916,28.22874],[-16.585732,28.228496],[-16.586701,28.227539],[-16.586647,28.227167],[-16.587026,28.226482],[-16.587426,28.225058],[-16.587548,28.224971],[-16.588192,28.224909],[-16.588345,28.22483],[-16.588513,28.224655],[-16.588584,28.224286],[-16.588762,28.224115],[-16.591204,28.222746],[-16.591276,28.222547],[-16.591777,28.222476],[-16.591994,28.222365],[-16.592302,28.221538],[-16.593432,28.220211],[-16.593648,28.220062],[-16.594355,28.219851],[-16.597205,28.219466],[-16.599023,28.218977],[-16.599559,28.218529],[-16.599787,28.218102],[-16.596997,28.215258],[-16.596857,28.214783],[-16.596453,28.214594],[-16.596206,28.214146],[-16.595557,28.213578],[-16.595339,28.212881],[-16.595358,28.212536],[-16.595259,28.212142],[-16.594806,28.211845],[-16.594283,28.21137],[-16.594147,28.210991],[-16.594028,28.210868],[-16.593523,28.209175],[-16.592931,28.208115],[-16.593048,28.207867],[-16.593076,28.207434],[-16.592625,28.206726],[-16.592196,28.206528],[-16.591804,28.206763],[-16.591259,28.206821],[-16.591119,28.206622],[-16.590708,28.206527],[-16.590047,28.206228],[-16.589735,28.205823],[-16.589842,28.205452],[-16.589705,28.205025],[-16.589722,28.204479],[-16.588984,28.204016],[-16.588446,28.204157],[-16.588329,28.204281],[-16.588317,28.204513],[-16.587884,28.204913],[-16.587665,28.204891],[-16.587287,28.20469],[-16.586929,28.204687],[-16.586425,28.203793],[-16.586129,28.203496],[-16.586086,28.202447],[-16.585947,28.202158],[-16.585719,28.20207],[-16.584773,28.202029],[-16.584371,28.202079],[-16.583564,28.201689],[-16.583192,28.201617],[-16.583012,28.20149],[-16.582379,28.200593],[-16.581992,28.200532],[-16.581197,28.20076],[-16.580248,28.201468],[-16.579869,28.201651],[-16.578982,28.201647],[-16.578516,28.201224],[-16.577929,28.201086],[-16.576957,28.201168],[-16.576672,28.200902],[-16.576325,28.199756],[-16.575466,28.198294],[-16.575538,28.197757],[-16.574812,28.197438],[-16.574394,28.196897]]],[[[-16.43202,28.142509],[-16.431964,28.142558],[-16.432057,28.142735],[-16.432171,28.142621],[-16.43202,28.142509]]],[[[-16.439294,28.142263],[-16.439258,28.142357],[-16.4394,28.142438],[-16.439425,28.142331],[-16.439294,28.142263]]],[[[-16.468524,28.109889],[-16.468416,28.109936],[-16.468597,28.11007],[-16.46868,28.110057],[-16.468667,28.109966],[-16.468524,28.109889]]]]}},{"type":"Feature","id":"38006","properties":{"cod_ine":"38006","nombre":"Arona","nombre_ine":"Arona","nombre_shp":"Arona","area_km2":81.66,"partes":1,"partes_roque":0},"geometry":{"type":"MultiPolygon","coordinates":[[[[-16.641793,28.104452],[-16.651474,28.10834],[-16.659949,28.112902],[-16.662843,28.112823],[-16.673614,28.112279],[-16.684018,28.120341],[-16.684891,28.120269],[-16.684861,28.119821],[-16.684432,28.119432],[-16.68484,28.117908],[-16.685046,28.117676],[-16.685348,28.11757],[-16.685479,28.117427],[-16.685483,28.117156],[-16.685764,28.116859],[-16.685716,28.116494],[-16.685939,28.11618],[-16.686111,28.116133],[-16.686424,28.116276],[-16.686639,28.116237],[-16.68685,28.116054],[-16.687247,28.115302],[-16.687703,28.114965],[-16.688065,28.114994],[-16.688268,28.114922],[-16.689051,28.114405],[-16.689165,28.114243],[-16.6893,28.113364],[-16.689001,28.112368],[-16.689151,28.112115],[-16.68915,28.111666],[-16.689686,28.11106],[-16.689861,28.110649],[-16.689789,28.109975],[-16.689916,28.10943],[-16.690034,28.109151],[-16.690508,28.108518],[-16.691037,28.108543],[-16.691172,28.108345],[-16.691711,28.107932],[-16.691806,28.107261],[-16.691441,28.10688],[-16.691271,28.105907],[-16.690866,28.105224],[-16.690703,28.104655],[-16.690702,28.104452],[-16.690837,28.104135],[-16.691202,28.103751],[-16.690963,28.103264],[-16.691013,28.102605],[-16.691344,28.102012],[-16.691596,28.101768],[-16.691302,28.101216],[-16.691125,28.100388],[-16.691218,28.100132],[-16.691176,28.099392],[-16.691426,28.098676],[-16.691203,28.098226],[-16.691347,28.097892],[-16.691287,28.097202],[-16.690937,28.096564],[-16.691051,28.096043],[-16.690931,28.095831],[-16.690889,28.095436],[-16.69124,28.094985],[-16.691385,28.094521],[-16.691652,28.094213],[-16.691983,28.094046],[-16.692372,28.094015],[-16.692645,28.093476],[-16.693557,28.092996],[-16.693656,28.092742],[-16.693529,28.092358],[-16.693706,28.092049],[-16.694785,28.091173],[-16.695142,28.090679],[-16.695393,28.090058],[-16.696109,28.089332],[-16.696344,28.088384],[-16.696768,28.088065],[-16.697041,28.087655],[-16.697161,28.086781],[-16.697403,28.086681],[-16.697916,28.086954],[-16.698256,28.086929],[-16.698759,28.086113],[-16.699156,28.085828],[-16.699308,28.085443],[-16.69963,28.085031],[-16.699911,28.084926],[-16.700507,28.084972],[-16.700943,28.084845],[-16.701646,28.084099],[-16.701815,28.08402],[-16.702137,28.084007],[-16.702964,28.084136],[-16.704388,28.083654],[-16.704658,28.083495],[-16.705002,28.082836],[-16.705761,28.08215],[-16.70606,28.081578],[-16.706274,28.080837],[-16.706349,28.079485],[-16.706483,28.079106],[-16.706918,28.078537],[-16.707379,28.078143],[-16.707932,28.077509],[-16.708384,28.07689],[-16.70858,28.076262],[-16.709365,28.075657],[-16.709466,28.075119],[-16.709591,28.07495],[-16.709724,28.074883],[-16.710009,28.074891],[-16.710261,28.075043],[-16.710363,28.075353],[-16.711371,28.075467],[-16.712047,28.074863],[-16.712031,28.074281],[-16.712162,28.074097],[-16.713138,28.073604],[-16.71448,28.073283],[-16.715227,28.072129],[-16.716026,28.071668],[-16.716601,28.07086],[-16.71731,28.070738],[-16.717782,28.070744],[-16.71809,28.070228],[-16.718372,28.069999],[-16.718836,28.069774],[-16.718925,28.069615],[-16.718908,28.069162],[-16.719086,28.069033],[-16.719721,28.068833],[-16.720237,28.068274],[-16.720927,28.067722],[-16.721567,28.066838],[-16.721664,28.066424],[-16.721903,28.066103],[-16.722288,28.066019],[-16.722768,28.066266],[-16.724069,28.067283],[-16.724625,28.067542],[-16.725225,28.067625],[-16.725754,28.067259],[-16.72615,28.066393],[-16.727248,28.065982],[-16.728377,28.066626],[-16.728921,28.066771],[-16.729504,28.067178],[-16.729795,28.067288],[-16.731117,28.067242],[-16.733188,28.066656],[-16.732914,28.066418],[-16.732566,28.065462],[-16.732559,28.064848],[-16.73275,28.063971],[-16.733163,28.063269],[-16.733435,28.062958],[-16.734045,28.062617],[-16.734853,28.061896],[-16.73512,28.061428],[-16.735285,28.060932],[-16.735649,28.060435],[-16.736136,28.060016],[-16.736467,28.059505],[-16.736632,28.059062],[-16.736708,28.058458],[-16.736376,28.057851],[-16.736393,28.057594],[-16.736607,28.057171],[-16.736616,28.056911],[-16.73697,28.056963],[-16.737011,28.056888],[-16.736887,28.056726],[-16.737036,28.05676],[-16.737199,28.056693],[-16.737354,28.056432],[-16.737361,28.056244],[-16.737136,28.056045],[-16.73722,28.055885],[-16.737185,28.055708],[-16.737301,28.055665],[-16.737321,28.055516],[-16.737467,28.055548],[-16.737459,28.055358],[-16.737326,28.055252],[-16.737333,28.054915],[-16.737135,28.054741],[-16.737188,28.054559],[-16.737023,28.054653],[-16.736933,28.054395],[-16.736805,28.054307],[-16.736494,28.054279],[-16.736492,28.054128],[-16.736355,28.054007],[-16.736228,28.054071],[-16.736011,28.054009],[-16.735902,28.054112],[-16.735748,28.05402],[-16.735719,28.053904],[-16.735966,28.053791],[-16.735989,28.053713],[-16.735934,28.053632],[-16.735785,28.053622],[-16.735785,28.053517],[-16.735938,28.053523],[-16.735979,28.053419],[-16.735786,28.053421],[-16.735475,28.05359],[-16.735332,28.053595],[-16.735272,28.053716],[-16.734886,28.053699],[-16.734502,28.053447],[-16.734412,28.053555],[-16.734282,28.05339],[-16.734401,28.053275],[-16.734365,28.053222],[-16.734561,28.053202],[-16.734514,28.053046],[-16.734343,28.053032],[-16.734366,28.052898],[-16.734022,28.052897],[-16.733615,28.052667],[-16.733422,28.052726],[-16.733686,28.051744],[-16.733651,28.051473],[-16.733481,28.051309],[-16.732477,28.050998],[-16.732466,28.051145],[-16.733456,28.051493],[-16.733499,28.0519],[-16.733404,28.052111],[-16.732774,28.052545],[-16.732041,28.052722],[-16.731616,28.05268],[-16.730932,28.052415],[-16.730587,28.052083],[-16.730301,28.051626],[-16.73114,28.051018],[-16.731447,28.050964],[-16.731446,28.050803],[-16.731217,28.050825],[-16.730486,28.051282],[-16.730333,28.051083],[-16.72996,28.051251],[-16.729832,28.051242],[-16.72974,28.051102],[-16.729546,28.051011],[-16.729691,28.050855],[-16.729574,28.050765],[-16.729484,28.050915],[-16.729355,28.050869],[-16.729236,28.051394],[-16.728882,28.051513],[-16.728885,28.051637],[-16.728755,28.051715],[-16.728235,28.051917],[-16.726706,28.05084],[-16.726649,28.050912],[-16.726859,28.051098],[-16.726844,28.051207],[-16.727372,28.051628],[-16.727242,28.051858],[-16.726914,28.052101],[-16.726561,28.052246],[-16.726057,28.052361],[-16.725495,28.052321],[-16.724803,28.052152],[-16.724,28.051848],[-16.723681,28.051532],[-16.723681,28.051373],[-16.723888,28.051372],[-16.723875,28.051242],[-16.723415,28.051115],[-16.7233,28.051154],[-16.723275,28.051249],[-16.722834,28.051019],[-16.722357,28.050617],[-16.722035,28.050113],[-16.721964,28.049863],[-16.722036,28.049428],[-16.722204,28.049203],[-16.722658,28.049359],[-16.722794,28.049267],[-16.723036,28.049346],[-16.72315,28.049327],[-16.723135,28.049277],[-16.721106,28.048557],[-16.717361,28.045862],[-16.717197,28.045901],[-16.717067,28.046193],[-16.718022,28.046853],[-16.717896,28.046994],[-16.718779,28.047608],[-16.718582,28.047823],[-16.71871,28.047905],[-16.718183,28.048489],[-16.718251,28.048531],[-16.718422,28.048338],[-16.718561,28.048427],[-16.718904,28.048044],[-16.719717,28.04861],[-16.719056,28.049333],[-16.718908,28.049229],[-16.718822,28.049325],[-16.718237,28.048916],[-16.718203,28.048955],[-16.719163,28.049612],[-16.71877,28.049922],[-16.718293,28.050076],[-16.71751,28.050119],[-16.716109,28.050007],[-16.715618,28.049773],[-16.714983,28.049595],[-16.714139,28.049161],[-16.71365,28.048642],[-16.713087,28.048359],[-16.712989,28.048193],[-16.712707,28.048149],[-16.712071,28.047706],[-16.711712,28.047348],[-16.711528,28.047326],[-16.711306,28.047125],[-16.710966,28.046377],[-16.710925,28.045625],[-16.711159,28.045364],[-16.711463,28.044781],[-16.711863,28.044731],[-16.711822,28.044306],[-16.711634,28.044025],[-16.711702,28.043899],[-16.711192,28.043813],[-16.711145,28.043865],[-16.71088,28.043846],[-16.710402,28.043736],[-16.710264,28.043611],[-16.71039,28.043482],[-16.710712,28.043421],[-16.711233,28.043058],[-16.711449,28.042818],[-16.711493,28.04263],[-16.711337,28.042691],[-16.711254,28.042388],[-16.711015,28.04272],[-16.710822,28.042793],[-16.710119,28.04246],[-16.709436,28.041996],[-16.709173,28.041549],[-16.709189,28.041058],[-16.70884,28.040142],[-16.70874,28.038205],[-16.709022,28.037792],[-16.709143,28.037123],[-16.709841,28.036423],[-16.710111,28.035855],[-16.710001,28.035325],[-16.709792,28.034826],[-16.709384,28.03455],[-16.708643,28.034468],[-16.708553,28.034286],[-16.708955,28.0342],[-16.70902,28.03385],[-16.708956,28.033541],[-16.709321,28.0329],[-16.709003,28.032747],[-16.708743,28.032443],[-16.708666,28.032165],[-16.708843,28.031829],[-16.708833,28.03167],[-16.708725,28.031543],[-16.708523,28.031525],[-16.708419,28.031388],[-16.708436,28.031282],[-16.707946,28.031189],[-16.707143,28.030872],[-16.70673,28.030898],[-16.70632,28.030637],[-16.706333,28.030463],[-16.706763,28.030267],[-16.706671,28.030096],[-16.706379,28.029851],[-16.706415,28.029452],[-16.7051,28.028517],[-16.704667,28.028007],[-16.704693,28.027584],[-16.704556,28.026897],[-16.704567,28.026334],[-16.704774,28.025718],[-16.704931,28.025615],[-16.705184,28.025611],[-16.705411,28.025036],[-16.705452,28.024439],[-16.705701,28.023977],[-16.70569,28.022973],[-16.705576,28.022825],[-16.705942,28.022254],[-16.706017,28.021888],[-16.705969,28.021541],[-16.706369,28.02134],[-16.706248,28.021203],[-16.706246,28.020927],[-16.706469,28.020742],[-16.706623,28.020847],[-16.706559,28.020581],[-16.706674,28.020215],[-16.706961,28.019952],[-16.706804,28.020022],[-16.706652,28.01983],[-16.706646,28.019711],[-16.706976,28.019488],[-16.707014,28.019308],[-16.706893,28.019178],[-16.706933,28.019074],[-16.70672,28.018797],[-16.706563,28.018717],[-16.706502,28.018332],[-16.706701,28.018145],[-16.706316,28.017346],[-16.706333,28.017178],[-16.706432,28.017109],[-16.706295,28.016927],[-16.706392,28.016892],[-16.706302,28.016631],[-16.706361,28.016428],[-16.706196,28.016384],[-16.705913,28.01611],[-16.705991,28.015669],[-16.706181,28.015266],[-16.706348,28.015159],[-16.706719,28.015106],[-16.706667,28.014984],[-16.706871,28.014963],[-16.706802,28.014844],[-16.706894,28.014772],[-16.706881,28.014643],[-16.707101,28.014614],[-16.707028,28.014405],[-16.70715,28.014266],[-16.707288,28.014256],[-16.707197,28.014097],[-16.707439,28.013998],[-16.707338,28.013657],[-16.707458,28.013622],[-16.707602,28.013439],[-16.707506,28.013473],[-16.707382,28.013391],[-16.707393,28.013248],[-16.707556,28.013207],[-16.707452,28.013028],[-16.707502,28.012977],[-16.707697,28.013026],[-16.707711,28.01293],[-16.707347,28.012705],[-16.707406,28.012555],[-16.707773,28.012518],[-16.707807,28.012409],[-16.707581,28.012173],[-16.707451,28.01188],[-16.707298,28.011123],[-16.706934,28.010503],[-16.706932,28.010374],[-16.706575,28.01014],[-16.706395,28.009893],[-16.706386,28.009709],[-16.706268,28.009627],[-16.706422,28.009414],[-16.706374,28.009137],[-16.706214,28.009075],[-16.706147,28.008921],[-16.706012,28.008839],[-16.706021,28.008401],[-16.705681,28.008409],[-16.705611,28.008366],[-16.705673,28.008208],[-16.705627,28.008129],[-16.70538,28.008108],[-16.704941,28.007866],[-16.704728,28.007871],[-16.704835,28.007811],[-16.705538,28.007801],[-16.705382,28.007646],[-16.705165,28.007652],[-16.705105,28.007531],[-16.705154,28.007293],[-16.704947,28.007205],[-16.704921,28.007066],[-16.704661,28.006982],[-16.7044,28.00637],[-16.704018,28.006339],[-16.703817,28.006203],[-16.703819,28.006091],[-16.704021,28.006066],[-16.70404,28.005811],[-16.7039,28.005852],[-16.703392,28.005766],[-16.703342,28.005951],[-16.703267,28.005958],[-16.703011,28.005827],[-16.702872,28.005599],[-16.70274,28.005538],[-16.702892,28.005385],[-16.702835,28.005207],[-16.70256,28.004963],[-16.702432,28.005079],[-16.702285,28.004954],[-16.702039,28.004977],[-16.702204,28.00489],[-16.702085,28.004816],[-16.701833,28.004827],[-16.701911,28.004737],[-16.701787,28.004646],[-16.702001,28.004334],[-16.701755,28.003994],[-16.701505,28.004046],[-16.701504,28.003941],[-16.701386,28.003863],[-16.701237,28.003952],[-16.701069,28.003905],[-16.700942,28.004019],[-16.700973,28.003762],[-16.700821,28.003859],[-16.700641,28.003853],[-16.70064,28.003924],[-16.700567,28.003841],[-16.700496,28.003887],[-16.700461,28.003784],[-16.70036,28.003791],[-16.700182,28.003999],[-16.699914,28.003988],[-16.699847,28.003921],[-16.699965,28.003712],[-16.699814,28.003668],[-16.699717,28.003481],[-16.699576,28.003547],[-16.699513,28.003432],[-16.699803,28.003033],[-16.699781,28.002938],[-16.699665,28.002944],[-16.699355,28.003218],[-16.699296,28.003201],[-16.699339,28.003111],[-16.699207,28.002951],[-16.699217,28.002834],[-16.699162,28.002778],[-16.699002,28.002853],[-16.698987,28.002615],[-16.698433,28.002567],[-16.698343,28.002075],[-16.69825,28.002169],[-16.698075,28.002196],[-16.698123,28.002403],[-16.697866,28.002418],[-16.697491,28.002163],[-16.69698,28.001987],[-16.696708,28.00173],[-16.69633,28.001696],[-16.696087,28.001574],[-16.695601,28.001476],[-16.6954,28.001539],[-16.695617,28.001284],[-16.695688,28.001076],[-16.69536,28.000806],[-16.695387,28.000566],[-16.695142,28.000338],[-16.694761,28.000631],[-16.694443,28.000533],[-16.694249,28.000371],[-16.694174,28.000393],[-16.69421,28.000597],[-16.694073,28.000633],[-16.694031,28.000414],[-16.693775,28.000243],[-16.693765,28.000068],[-16.693997,27.999801],[-16.693937,27.999705],[-16.693498,27.999757],[-16.69338,27.999707],[-16.692678,28.00003],[-16.692562,28.000173],[-16.692379,28.000245],[-16.692242,28.000179],[-16.692239,28.000056],[-16.691622,27.999931],[-16.691488,27.999847],[-16.691453,27.999718],[-16.691193,27.999677],[-16.691128,27.999465],[-16.691317,27.999248],[-16.691289,27.998926],[-16.690355,27.999444],[-16.689978,27.999331],[-16.689534,27.999339],[-16.689323,27.999205],[-16.689067,27.999359],[-16.688655,27.99937],[-16.688531,27.999244],[-16.68834,27.999196],[-16.688539,27.999038],[-16.688523,27.998927],[-16.688384,27.998833],[-16.688042,27.998836],[-16.687966,27.998726],[-16.687647,27.998802],[-16.687484,27.998666],[-16.687327,27.998727],[-16.687388,27.998858],[-16.687027,27.998843],[-16.686866,27.998622],[-16.686685,27.99867],[-16.686591,27.99855],[-16.686391,27.998626],[-16.686381,27.998486],[-16.686139,27.99828],[-16.685962,27.998289],[-16.68584,27.998489],[-16.685897,27.998359],[-16.685753,27.998228],[-16.685644,27.998468],[-16.685318,27.99861],[-16.685255,27.998575],[-16.685389,27.998343],[-16.685319,27.998208],[-16.685202,27.998439],[-16.685147,27.99823],[-16.685081,27.998215],[-16.685036,27.99855],[-16.684814,27.998602],[-16.684647,27.99845],[-16.684579,27.998619],[-16.684409,27.998605],[-16.684189,27.998352],[-16.684041,27.998422],[-16.684086,27.998664],[-16.684033,27.998713],[-16.683761,27.998473],[-16.683621,27.998528],[-16.683547,27.998638],[-16.683316,27.998638],[-16.683151,27.998521],[-16.682863,27.998605],[-16.682872,27.998706],[-16.682299,27.998672],[-16.682276,27.998746],[-16.682174,27.99867],[-16.681968,27.998777],[-16.681809,27.998598],[-16.681746,27.998698],[-16.681426,27.998637],[-16.681366,27.998418],[-16.681202,27.998591],[-16.681029,27.998515],[-16.680572,27.998504],[-16.680431,27.998372],[-16.680114,27.99845],[-16.68009,27.998373],[-16.679835,27.998283],[-16.679825,27.998205],[-16.679959,27.998121],[-16.679904,27.998092],[-16.679717,27.998096],[-16.679367,27.99848],[-16.679205,27.998363],[-16.679113,27.99812],[-16.67896,27.998054],[-16.678817,27.998099],[-16.678817,27.998376],[-16.678631,27.998402],[-16.678455,27.99827],[-16.678252,27.99829],[-16.677635,27.998773],[-16.677567,27.998968],[-16.677294,27.998831],[-16.677414,27.999013],[-16.67734,27.999133],[-16.677252,27.999117],[-16.676941,27.999338],[-16.67664,27.999383],[-16.676391,27.999573],[-16.676249,27.999531],[-16.676291,27.999704],[-16.676193,27.999859],[-16.675959,27.99984],[-16.675922,28.000278],[-16.67583,28.000213],[-16.675717,28.000359],[-16.675581,28.000317],[-16.675427,28.000425],[-16.675346,28.00064],[-16.674972,28.000603],[-16.674595,28.000821],[-16.674526,28.001353],[-16.674423,28.00163],[-16.674218,28.001824],[-16.67419,28.002027],[-16.673449,28.002528],[-16.673572,28.002662],[-16.673457,28.002621],[-16.673264,28.002737],[-16.673317,28.002854],[-16.673184,28.002922],[-16.673215,28.003063],[-16.672965,28.003231],[-16.672779,28.00319],[-16.672821,28.003339],[-16.672604,28.003344],[-16.672495,28.003764],[-16.672292,28.003851],[-16.672172,28.004038],[-16.672161,28.004307],[-16.67204,28.004409],[-16.671817,28.004301],[-16.671891,28.004568],[-16.671853,28.004722],[-16.671539,28.004841],[-16.671334,28.004704],[-16.67127,28.004826],[-16.671063,28.004853],[-16.670949,28.004702],[-16.670475,28.004657],[-16.670121,28.004497],[-16.669935,28.004289],[-16.669857,28.00434],[-16.669881,28.004511],[-16.669384,28.00444],[-16.669361,28.004241],[-16.669063,28.003772],[-16.669001,28.003943],[-16.669078,28.004178],[-16.668857,28.004296],[-16.668682,28.004277],[-16.668527,28.004164],[-16.668528,28.003974],[-16.668404,28.003882],[-16.66815,28.003941],[-16.667815,28.00381],[-16.667554,28.003819],[-16.667486,28.00366],[-16.667325,28.003762],[-16.66727,28.003496],[-16.66717,28.003539],[-16.667124,28.00382],[-16.667016,28.003835],[-16.667007,28.003574],[-16.666758,28.00334],[-16.666645,28.003501],[-16.666646,28.003803],[-16.666567,28.003915],[-16.666646,28.004114],[-16.666478,28.004248],[-16.666618,28.004419],[-16.66649,28.004703],[-16.66653,28.004774],[-16.666701,28.004791],[-16.666637,28.004902],[-16.666675,28.005055],[-16.66673,28.005127],[-16.666888,28.005125],[-16.666924,28.005351],[-16.666493,28.005798],[-16.666289,28.00576],[-16.666223,28.005854],[-16.666395,28.005957],[-16.666409,28.006084],[-16.666065,28.006232],[-16.666054,28.006474],[-16.665955,28.006599],[-16.666118,28.006645],[-16.666088,28.006805],[-16.665971,28.006869],[-16.665856,28.006796],[-16.66579,28.006884],[-16.665885,28.006955],[-16.665877,28.00709],[-16.666083,28.007122],[-16.665993,28.007493],[-16.66583,28.007571],[-16.665919,28.007703],[-16.665751,28.007957],[-16.665499,28.00815],[-16.66508,28.008026],[-16.665071,28.008319],[-16.66489,28.00839],[-16.664666,28.008345],[-16.664585,28.008467],[-16.66433,28.008582],[-16.663833,28.008523],[-16.6636,28.008214],[-16.663114,28.008262],[-16.662972,28.007994],[-16.662816,28.007912],[-16.662676,28.007975],[-16.662571,28.008274],[-16.662451,28.008345],[-16.66202,28.008221],[-16.661796,28.008012],[-16.661536,28.008037],[-16.661592,28.008274],[-16.661439,28.008443],[-16.661677,28.008694],[-16.661272,28.008909],[-16.660741,28.008914],[-16.660163,28.008681],[-16.659295,28.008462],[-16.658862,28.008201],[-16.65843,28.007804],[-16.658358,28.007343],[-16.65856,28.007144],[-16.659142,28.006825],[-16.659672,28.006778],[-16.65996,28.006671],[-16.660886,28.006815],[-16.661364,28.007076],[-16.661523,28.007032],[-16.661495,28.006869],[-16.6611,28.006663],[-16.660401,28.00649],[-16.659606,28.006455],[-16.65865,28.006826],[-16.658216,28.007223],[-16.657457,28.006863],[-16.656514,28.00604],[-16.656249,28.005918],[-16.65544,28.006004],[-16.654625,28.006238],[-16.65437,28.006154],[-16.654253,28.006026],[-16.653948,28.006153],[-16.653549,28.006028],[-16.653002,28.00605],[-16.652834,28.006367],[-16.652824,28.006661],[-16.652619,28.006663],[-16.652444,28.007325],[-16.652264,28.007553],[-16.651707,28.007767],[-16.651705,28.008142],[-16.651483,28.008122],[-16.651308,28.007702],[-16.650911,28.007225],[-16.650809,28.007249],[-16.650817,28.007494],[-16.650553,28.007506],[-16.650399,28.007699],[-16.65016,28.007592],[-16.649865,28.007692],[-16.649716,28.007593],[-16.649229,28.007591],[-16.649009,28.007243],[-16.649021,28.007072],[-16.648768,28.007065],[-16.648594,28.00683],[-16.648487,28.006437],[-16.648597,28.006236],[-16.648318,28.006081],[-16.648227,28.005943],[-16.648042,28.005888],[-16.647907,28.005629],[-16.647786,28.005577],[-16.647623,28.005206],[-16.647211,28.005025],[-16.647154,28.004773],[-16.647031,28.004698],[-16.647079,28.004528],[-16.646974,28.004559],[-16.646916,28.004428],[-16.647022,28.004374],[-16.646836,28.004261],[-16.646773,28.004316],[-16.646531,28.00402],[-16.646445,28.004043],[-16.646329,28.00391],[-16.646218,28.003953],[-16.646037,28.003766],[-16.645948,28.003818],[-16.645876,28.003737],[-16.645698,28.003769],[-16.645071,28.003612],[-16.644688,28.003696],[-16.64408,28.003709],[-16.643999,28.003826],[-16.643867,28.003715],[-16.643687,28.003743],[-16.643525,28.003903],[-16.643479,28.003807],[-16.643364,28.003982],[-16.64328,28.00391],[-16.643232,28.003948],[-16.643274,28.004049],[-16.643153,28.004187],[-16.642862,28.004227],[-16.642708,28.00443],[-16.642056,28.004577],[-16.642021,28.004724],[-16.641817,28.004825],[-16.641636,28.005276],[-16.641304,28.005161],[-16.641152,28.005227],[-16.641134,28.005159],[-16.640836,28.005125],[-16.640878,28.005066],[-16.640607,28.005094],[-16.640495,28.005029],[-16.640374,28.005149],[-16.640259,28.005122],[-16.640036,28.005213],[-16.639738,28.005437],[-16.639524,28.00543],[-16.639072,28.005766],[-16.639124,28.006028],[-16.638884,28.006038],[-16.63822,28.006586],[-16.6388,28.007273],[-16.638709,28.007714],[-16.63878,28.007988],[-16.638583,28.008366],[-16.63869,28.008616],[-16.638573,28.008812],[-16.638953,28.009159],[-16.638884,28.015482],[-16.638221,28.036236],[-16.63814,28.044547],[-16.637666,28.05919],[-16.63793,28.060238],[-16.637728,28.060764],[-16.637668,28.06118],[-16.637808,28.061794],[-16.638254,28.062364],[-16.63845,28.06279],[-16.638612,28.064399],[-16.638892,28.065452],[-16.639255,28.066194],[-16.640102,28.067184],[-16.640322,28.067551],[-16.640615,28.069048],[-16.641265,28.07013],[-16.641565,28.071774],[-16.64154,28.072284],[-16.641421,28.072628],[-16.64052,28.073916],[-16.640431,28.075736],[-16.639632,28.077388],[-16.639431,28.078184],[-16.639479,28.078464],[-16.639998,28.079696],[-16.640584,28.081991],[-16.640987,28.082832],[-16.641244,28.083185],[-16.641563,28.083425],[-16.642085,28.084211],[-16.642071,28.086219],[-16.64243,28.087027],[-16.642543,28.087876],[-16.642931,28.088616],[-16.642548,28.092511],[-16.642385,28.093122],[-16.642241,28.094265],[-16.6419,28.095072],[-16.641878,28.0963],[-16.641591,28.097477],[-16.641642,28.09888],[-16.641068,28.099906],[-16.640947,28.100296],[-16.641179,28.101148],[-16.641554,28.101778],[-16.6418,28.103079],[-16.642166,28.103512],[-16.6423,28.103831],[-16.641793,28.104452]]]]}},{"type":"Feature","id":"38010","properties":{"cod_ine":"38010","nombre":"Buenavista del Norte","nombre_ine":"Buenavista del Norte","nombre_shp":"Buenavista del Norte","area_km2":66.481,"partes":21,"partes_roque":20},"geometry":{"type":"MultiPolygon","coordinates":[[[[-16.838304,28.391097],[-16.838222,28.391235],[-16.838271,28.3913],[-16.83834,28.391258],[-16.838304,28.391097]]],[[[-16.84007,28.390961],[-16.840108,28.391084],[-16.840176,28.391083],[-16.84007,28.390961]]],[[[-16.839096,28.390258],[-16.838986,28.390394],[-16.839174,28.390361],[-16.839269,28.390366],[-16.839096,28.390258]]],[[[-16.84747,28.388426],[-16.847412,28.388504],[-16.847464,28.38865],[-16.847551,28.388514],[-16.84747,28.388426]]],[[[-16.849394,28.387717],[-16.849245,28.387748],[-16.849335,28.387813],[-16.849488,28.387807],[-16.849394,28.387717]]],[[[-16.850981,28.385864],[-16.850862,28.386034],[-16.850988,28.386206],[-16.851177,28.386184],[-16.850981,28.385864]]],[[[-16.852053,28.385056],[-16.852029,28.385234],[-16.852095,28.385246],[-16.852147,28.385137],[-16.852053,28.385056]]],[[[-16.855748,28.381198],[-16.855673,28.381209],[-16.855682,28.381273],[-16.855904,28.381576],[-16.85599,28.381494],[-16.855748,28.381198]]],[[[-16.857749,28.380247],[-16.857762,28.380559],[-16.857843,28.38055],[-16.857884,28.380441],[-16.857749,28.380247]]],[[[-16.8573,28.380048],[-16.857335,28.380204],[-16.857496,28.380268],[-16.8573,28.380048]]],[[[-16.859867,28.3793],[-16.859649,28.379582],[-16.859751,28.379638],[-16.859828,28.379541],[-16.860036,28.379382],[-16.859867,28.3793]]],[[[-16.866622,28.376146],[-16.866575,28.376234],[-16.866652,28.376277],[-16.866691,28.376161],[-16.866622,28.376146]]],[[[-16.866617,28.375756],[-16.866502,28.375936],[-16.866567,28.375982],[-16.86665,28.375934],[-16.866578,28.375882],[-16.866617,28.375756]]],[[[-16.874819,28.370635],[-16.874657,28.37077],[-16.874859,28.370708],[-16.874819,28.370635]]],[[[-16.877823,28.370378],[-16.877768,28.370507],[-16.877831,28.370482],[-16.87791,28.370409],[-16.877823,28.370378]]],[[[-16.905181,28.364213],[-16.905152,28.364416],[-16.905428,28.364458],[-16.905503,28.364393],[-16.90542,28.364275],[-16.905181,28.364213]]],[[[-16.905689,28.363896],[-16.905664,28.363903],[-16.905652,28.363919],[-16.905669,28.363955],[-16.905709,28.363992],[-16.905727,28.363942],[-16.905712,28.363911],[-16.905689,28.363896]]],[[[-16.920619,28.356837],[-16.920606,28.356874],[-16.920628,28.356963],[-16.920655,28.35693],[-16.920663,28.356873],[-16.920644,28.356848],[-16.920619,28.356837]]],[[[-16.924138,28.350407],[-16.923971,28.350515],[-16.924069,28.35053],[-16.924201,28.350497],[-16.924138,28.350407]]],[[[-16.924173,28.349868],[-16.923991,28.349884],[-16.924003,28.34993],[-16.92419,28.34993],[-16.924173,28.349868]]],[[[-16.830298,28.392285],[-16.830276,28.392509],[-16.830897,28.393016],[-16.831096,28.392928],[-16.831644,28.393051],[-16.831642,28.392876],[-16.831887,28.392941],[-16.832079,28.392831],[-16.832412,28.392962],[-16.832915,28.393008],[-16.832953,28.392961],[-16.832381,28.392821],[-16.832604,28.392662],[-16.833109,28.392766],[-16.83341,28.392739],[-16.833913,28.39232],[-16.834013,28.392349],[-16.833913,28.392493],[-16.834264,28.392486],[-16.834698,28.392333],[-16.834671,28.392134],[-16.834883,28.392099],[-16.834909,28.392282],[-16.83516,28.392232],[-16.835444,28.391855],[-16.836242,28.391685],[-16.836771,28.391366],[-16.836922,28.391397],[-16.837008,28.391284],[-16.8375,28.391526],[-16.837641,28.391267],[-16.837854,28.391107],[-16.838166,28.390393],[-16.838782,28.390085],[-16.839025,28.390145],[-16.839242,28.389997],[-16.839873,28.389893],[-16.839909,28.390116],[-16.840024,28.390236],[-16.8398,28.390426],[-16.839843,28.39057],[-16.840085,28.390507],[-16.840192,28.3904],[-16.84037,28.390564],[-16.840486,28.390542],[-16.840628,28.390712],[-16.840805,28.390622],[-16.841127,28.39065],[-16.841216,28.39047],[-16.841431,28.390314],[-16.841158,28.390107],[-16.841172,28.39],[-16.840978,28.389812],[-16.841141,28.389679],[-16.84103,28.389489],[-16.841059,28.389371],[-16.840821,28.389109],[-16.840963,28.389079],[-16.841425,28.389412],[-16.841654,28.389445],[-16.841475,28.389242],[-16.841498,28.389031],[-16.841039,28.388653],[-16.84112,28.38801],[-16.841705,28.387103],[-16.841805,28.3871],[-16.84202,28.387336],[-16.842228,28.387043],[-16.842467,28.386885],[-16.842872,28.386864],[-16.842815,28.387112],[-16.842933,28.387119],[-16.843168,28.386692],[-16.843337,28.386875],[-16.84354,28.3869],[-16.843357,28.387103],[-16.843384,28.387322],[-16.843209,28.38721],[-16.843129,28.387335],[-16.843398,28.38746],[-16.843583,28.387666],[-16.843678,28.387256],[-16.843815,28.38729],[-16.843741,28.387518],[-16.843789,28.387724],[-16.844184,28.387173],[-16.844018,28.386991],[-16.844198,28.386967],[-16.84426,28.387248],[-16.844425,28.387263],[-16.844375,28.387367],[-16.844439,28.387522],[-16.844277,28.387688],[-16.84442,28.38774],[-16.844521,28.387655],[-16.844509,28.387816],[-16.844762,28.38793],[-16.84481,28.388093],[-16.845028,28.387952],[-16.845,28.388218],[-16.844881,28.388322],[-16.844921,28.388394],[-16.845409,28.388279],[-16.845555,28.388444],[-16.845522,28.388206],[-16.845363,28.388061],[-16.84541,28.387946],[-16.84574,28.387866],[-16.845781,28.388153],[-16.845871,28.388204],[-16.846025,28.38796],[-16.845999,28.387801],[-16.846247,28.387758],[-16.846322,28.387941],[-16.846215,28.388121],[-16.84623,28.388403],[-16.846745,28.388233],[-16.846781,28.388348],[-16.846696,28.388494],[-16.846785,28.388513],[-16.84716,28.388188],[-16.847018,28.388025],[-16.847156,28.387852],[-16.84728,28.387735],[-16.847684,28.3876],[-16.847929,28.387865],[-16.847992,28.388135],[-16.848135,28.388031],[-16.848265,28.387701],[-16.848445,28.387599],[-16.848579,28.387643],[-16.848676,28.387924],[-16.848864,28.38798],[-16.848905,28.388076],[-16.848963,28.387723],[-16.849087,28.387729],[-16.849124,28.387579],[-16.849221,28.387543],[-16.849188,28.387361],[-16.849335,28.387423],[-16.849343,28.387226],[-16.849509,28.386964],[-16.850026,28.386555],[-16.850278,28.386495],[-16.850268,28.386204],[-16.850093,28.386187],[-16.850018,28.386046],[-16.850048,28.385867],[-16.850175,28.385742],[-16.850742,28.385737],[-16.850947,28.385583],[-16.851038,28.385687],[-16.851114,28.385579],[-16.851131,28.385142],[-16.851345,28.385027],[-16.851638,28.384992],[-16.851752,28.384869],[-16.851981,28.384904],[-16.852102,28.384805],[-16.852412,28.385173],[-16.852578,28.385257],[-16.852769,28.385202],[-16.852919,28.385271],[-16.853041,28.385082],[-16.852884,28.384987],[-16.852901,28.384862],[-16.852818,28.384757],[-16.853032,28.384686],[-16.853158,28.384725],[-16.853489,28.384312],[-16.853528,28.38411],[-16.853599,28.38411],[-16.85361,28.384387],[-16.853689,28.384479],[-16.853728,28.384039],[-16.853739,28.384155],[-16.853875,28.384059],[-16.854113,28.38426],[-16.854423,28.38412],[-16.854217,28.383801],[-16.8542,28.383663],[-16.854334,28.383627],[-16.854075,28.38338],[-16.854287,28.383314],[-16.854703,28.383402],[-16.854772,28.383324],[-16.854303,28.382734],[-16.854962,28.382319],[-16.855014,28.382188],[-16.854911,28.38221],[-16.854898,28.38214],[-16.85519,28.382018],[-16.855139,28.381917],[-16.854988,28.381981],[-16.854878,28.381937],[-16.855023,28.381797],[-16.85494,28.381694],[-16.855054,28.38146],[-16.854848,28.381316],[-16.854852,28.381251],[-16.855255,28.38109],[-16.85556,28.380561],[-16.855726,28.380423],[-16.855921,28.380327],[-16.856258,28.380385],[-16.856679,28.380304],[-16.856652,28.380631],[-16.856814,28.380889],[-16.85689,28.380838],[-16.856766,28.380606],[-16.856901,28.380377],[-16.856996,28.380335],[-16.857107,28.380462],[-16.857252,28.380395],[-16.857172,28.380304],[-16.856812,28.38024],[-16.857075,28.380049],[-16.857233,28.379788],[-16.85749,28.379741],[-16.857574,28.379975],[-16.857716,28.380013],[-16.857848,28.37998],[-16.857899,28.379853],[-16.858113,28.37973],[-16.858092,28.379503],[-16.857912,28.379307],[-16.858254,28.379353],[-16.858159,28.379415],[-16.858204,28.379491],[-16.858638,28.379385],[-16.858907,28.379458],[-16.859237,28.379445],[-16.859354,28.379598],[-16.859419,28.379453],[-16.859714,28.379247],[-16.860456,28.378979],[-16.860541,28.378812],[-16.860454,28.378684],[-16.860653,28.378415],[-16.860582,28.378337],[-16.860351,28.378347],[-16.860469,28.378257],[-16.860352,28.378248],[-16.860145,28.378046],[-16.8599,28.377726],[-16.860072,28.377703],[-16.860068,28.377628],[-16.859898,28.377585],[-16.860057,28.377537],[-16.860311,28.377703],[-16.860367,28.377675],[-16.860296,28.377521],[-16.860545,28.377664],[-16.860921,28.377611],[-16.860952,28.377552],[-16.860813,28.377159],[-16.86055,28.376876],[-16.860698,28.376787],[-16.860554,28.376344],[-16.860188,28.376213],[-16.85995,28.37625],[-16.860072,28.375827],[-16.860236,28.37561],[-16.860325,28.375615],[-16.860418,28.375765],[-16.860533,28.375726],[-16.860594,28.375543],[-16.860741,28.37553],[-16.860917,28.375852],[-16.860946,28.375739],[-16.861108,28.375836],[-16.861216,28.376103],[-16.861558,28.376126],[-16.861707,28.37598],[-16.861573,28.375886],[-16.861466,28.375628],[-16.861453,28.37533],[-16.861904,28.375245],[-16.862009,28.375329],[-16.86229,28.37532],[-16.862696,28.375658],[-16.862847,28.375308],[-16.863181,28.375136],[-16.863613,28.375344],[-16.863343,28.375347],[-16.863286,28.375485],[-16.863405,28.375549],[-16.863529,28.375514],[-16.863695,28.375649],[-16.863664,28.37555],[-16.863752,28.375463],[-16.863842,28.375678],[-16.863925,28.375731],[-16.864061,28.375694],[-16.864175,28.376018],[-16.86428,28.376035],[-16.864255,28.375929],[-16.864325,28.375908],[-16.864857,28.376396],[-16.865009,28.376361],[-16.865118,28.376072],[-16.865004,28.375773],[-16.86517,28.375761],[-16.86527,28.375671],[-16.865393,28.375705],[-16.865477,28.37585],[-16.865583,28.375747],[-16.865672,28.375786],[-16.865444,28.376024],[-16.865493,28.376164],[-16.865916,28.376127],[-16.865724,28.37574],[-16.865826,28.37565],[-16.866068,28.37575],[-16.866697,28.375681],[-16.866778,28.375596],[-16.866772,28.37544],[-16.866858,28.375974],[-16.866936,28.37593],[-16.867048,28.375985],[-16.867058,28.375824],[-16.867358,28.375849],[-16.867114,28.375598],[-16.867056,28.375222],[-16.86696,28.375122],[-16.867032,28.374931],[-16.867596,28.374762],[-16.86808,28.374832],[-16.868283,28.374953],[-16.868429,28.37486],[-16.868714,28.374828],[-16.869257,28.375257],[-16.86955,28.375192],[-16.869648,28.375303],[-16.869919,28.37527],[-16.869986,28.375355],[-16.869891,28.375606],[-16.870016,28.375548],[-16.870062,28.375624],[-16.870235,28.375435],[-16.870142,28.375332],[-16.870258,28.3751],[-16.870245,28.374856],[-16.870403,28.37487],[-16.870688,28.37508],[-16.870454,28.374633],[-16.870606,28.374792],[-16.870685,28.374733],[-16.870129,28.374179],[-16.87014,28.374097],[-16.87021,28.374175],[-16.870279,28.374118],[-16.87032,28.373974],[-16.870143,28.373537],[-16.870227,28.37354],[-16.870301,28.373377],[-16.870485,28.373266],[-16.870442,28.373026],[-16.870506,28.37272],[-16.870594,28.372636],[-16.870566,28.372319],[-16.870919,28.371985],[-16.870923,28.371429],[-16.871205,28.371153],[-16.871498,28.371074],[-16.871614,28.371239],[-16.871928,28.371242],[-16.872048,28.371091],[-16.871969,28.370732],[-16.872029,28.370721],[-16.872135,28.370763],[-16.872135,28.370965],[-16.87224,28.370996],[-16.872275,28.370844],[-16.872352,28.370859],[-16.872443,28.37112],[-16.872522,28.371144],[-16.872493,28.370639],[-16.87257,28.370641],[-16.872726,28.370887],[-16.872918,28.370545],[-16.873286,28.37036],[-16.873596,28.37033],[-16.87371,28.370222],[-16.873851,28.370259],[-16.874007,28.370044],[-16.874102,28.370076],[-16.874163,28.36997],[-16.874394,28.369929],[-16.874452,28.369973],[-16.874411,28.37013],[-16.874658,28.370499],[-16.874765,28.370486],[-16.874796,28.37037],[-16.874967,28.370388],[-16.87502,28.37067],[-16.87521,28.37063],[-16.875404,28.370905],[-16.875659,28.370874],[-16.875734,28.370593],[-16.87586,28.370514],[-16.875893,28.370298],[-16.876108,28.370056],[-16.876291,28.369997],[-16.87636,28.370039],[-16.876366,28.370161],[-16.876574,28.370417],[-16.876664,28.370258],[-16.876493,28.370179],[-16.876677,28.37005],[-16.87673,28.37024],[-16.876897,28.370133],[-16.876858,28.370234],[-16.876952,28.370238],[-16.877243,28.369987],[-16.877678,28.369828],[-16.87773,28.369892],[-16.877808,28.369862],[-16.877884,28.36981],[-16.877945,28.369506],[-16.878206,28.369485],[-16.87835,28.369247],[-16.878438,28.369324],[-16.878573,28.369203],[-16.879088,28.369252],[-16.87916,28.368977],[-16.879734,28.36865],[-16.880321,28.368163],[-16.882149,28.367308],[-16.882643,28.367394],[-16.883742,28.368029],[-16.884009,28.368101],[-16.884847,28.368603],[-16.885181,28.368941],[-16.88528,28.368946],[-16.885338,28.368694],[-16.885534,28.368681],[-16.885625,28.368543],[-16.885683,28.368627],[-16.88576,28.368481],[-16.885631,28.368416],[-16.885534,28.3679],[-16.885255,28.367744],[-16.884923,28.367231],[-16.884861,28.366917],[-16.885216,28.366304],[-16.885594,28.365992],[-16.885746,28.36575],[-16.886963,28.364838],[-16.887452,28.364802],[-16.888184,28.365061],[-16.888432,28.365374],[-16.888373,28.365548],[-16.888527,28.365805],[-16.888565,28.365613],[-16.888666,28.365626],[-16.888649,28.365524],[-16.889099,28.365477],[-16.889348,28.365543],[-16.889614,28.365848],[-16.889581,28.365587],[-16.889836,28.36565],[-16.88983,28.365598],[-16.889556,28.365532],[-16.889356,28.365386],[-16.889295,28.365136],[-16.889856,28.364642],[-16.889841,28.364325],[-16.890168,28.363849],[-16.890641,28.363505],[-16.89101,28.363341],[-16.891322,28.363269],[-16.891686,28.363358],[-16.891816,28.363518],[-16.892418,28.363886],[-16.892266,28.363582],[-16.892607,28.363326],[-16.893074,28.363268],[-16.893306,28.363367],[-16.893616,28.363362],[-16.893784,28.363179],[-16.89404,28.363064],[-16.894801,28.362995],[-16.894959,28.362735],[-16.895451,28.362555],[-16.897179,28.362476],[-16.897886,28.362871],[-16.898071,28.363065],[-16.897928,28.363132],[-16.897992,28.36329],[-16.897897,28.363451],[-16.897932,28.363735],[-16.898011,28.36389],[-16.898208,28.363888],[-16.898279,28.3642],[-16.898684,28.363942],[-16.898807,28.363966],[-16.89887,28.364123],[-16.899138,28.364126],[-16.899177,28.36388],[-16.899349,28.363931],[-16.899298,28.364094],[-16.899545,28.363961],[-16.899748,28.364012],[-16.899833,28.36411],[-16.899982,28.364075],[-16.900154,28.364258],[-16.900315,28.364631],[-16.900179,28.364998],[-16.900519,28.365153],[-16.900679,28.365073],[-16.900671,28.364879],[-16.900825,28.364777],[-16.90099,28.364469],[-16.900977,28.364365],[-16.900862,28.364288],[-16.900669,28.364444],[-16.900779,28.364238],[-16.900926,28.364226],[-16.900953,28.36407],[-16.901135,28.364144],[-16.901184,28.364276],[-16.901065,28.364479],[-16.901246,28.364591],[-16.901355,28.364483],[-16.90189,28.364366],[-16.901953,28.364239],[-16.901735,28.364187],[-16.90167,28.364033],[-16.901823,28.363811],[-16.901921,28.363866],[-16.901982,28.364081],[-16.902232,28.364244],[-16.902503,28.364138],[-16.902618,28.364468],[-16.902805,28.3643],[-16.902902,28.364491],[-16.902887,28.364683],[-16.903005,28.364604],[-16.903045,28.364465],[-16.903237,28.364368],[-16.903293,28.364098],[-16.903401,28.363974],[-16.903404,28.364137],[-16.903496,28.364081],[-16.90354,28.364177],[-16.903544,28.364477],[-16.904105,28.364915],[-16.904249,28.364878],[-16.904245,28.364664],[-16.90445,28.364453],[-16.904596,28.364452],[-16.904553,28.364772],[-16.904702,28.364718],[-16.904848,28.36481],[-16.905042,28.365242],[-16.905025,28.364829],[-16.904824,28.364517],[-16.904978,28.364403],[-16.90496,28.364336],[-16.905193,28.364138],[-16.90586,28.36427],[-16.905534,28.364034],[-16.905641,28.363848],[-16.905556,28.36374],[-16.905747,28.363843],[-16.90578,28.36363],[-16.906109,28.363645],[-16.906218,28.363744],[-16.906254,28.363988],[-16.906478,28.364045],[-16.906419,28.363711],[-16.906236,28.363593],[-16.906205,28.363413],[-16.905957,28.363222],[-16.905977,28.363134],[-16.906039,28.363094],[-16.906126,28.363183],[-16.906254,28.363184],[-16.90648,28.363125],[-16.906513,28.363217],[-16.90673,28.363314],[-16.906587,28.363523],[-16.907088,28.363237],[-16.907076,28.363092],[-16.907166,28.363008],[-16.907214,28.363097],[-16.907325,28.363075],[-16.907552,28.363243],[-16.907534,28.363122],[-16.907361,28.362999],[-16.907669,28.362974],[-16.90765,28.362826],[-16.907401,28.362726],[-16.907652,28.362509],[-16.907813,28.362754],[-16.907986,28.362777],[-16.908117,28.363217],[-16.908187,28.363202],[-16.908195,28.363057],[-16.908421,28.363277],[-16.908735,28.363223],[-16.908865,28.363031],[-16.908874,28.362825],[-16.909133,28.36276],[-16.909481,28.36314],[-16.909516,28.363056],[-16.909393,28.362742],[-16.909506,28.362627],[-16.909694,28.362988],[-16.909874,28.363142],[-16.909955,28.363109],[-16.91006,28.363333],[-16.910171,28.363197],[-16.910095,28.36317],[-16.910101,28.363038],[-16.910317,28.362454],[-16.910475,28.362467],[-16.910579,28.362642],[-16.910589,28.363156],[-16.910792,28.363085],[-16.910902,28.362957],[-16.910718,28.36283],[-16.910622,28.362475],[-16.910709,28.362014],[-16.910983,28.361801],[-16.911531,28.361897],[-16.911702,28.361773],[-16.911783,28.361921],[-16.911943,28.361979],[-16.912241,28.361965],[-16.912443,28.362108],[-16.912583,28.361987],[-16.912685,28.362115],[-16.912862,28.362191],[-16.912982,28.36216],[-16.912945,28.362261],[-16.913234,28.362255],[-16.913751,28.361907],[-16.913989,28.361926],[-16.914267,28.361839],[-16.914333,28.361495],[-16.91445,28.361405],[-16.914676,28.36143],[-16.914694,28.361351],[-16.914844,28.361357],[-16.914854,28.361272],[-16.915038,28.361217],[-16.91514,28.361297],[-16.915382,28.36123],[-16.915722,28.36127],[-16.915846,28.361402],[-16.915911,28.361308],[-16.916153,28.361336],[-16.916333,28.361189],[-16.916581,28.361311],[-16.916788,28.36105],[-16.916795,28.360928],[-16.916936,28.360848],[-16.917292,28.360989],[-16.917502,28.360923],[-16.917725,28.360737],[-16.917817,28.360909],[-16.917821,28.360649],[-16.917625,28.360456],[-16.917396,28.36036],[-16.917216,28.360024],[-16.9174,28.359806],[-16.917834,28.359935],[-16.917869,28.35983],[-16.917689,28.359646],[-16.917701,28.359541],[-16.917927,28.359313],[-16.917852,28.359198],[-16.917987,28.359105],[-16.91791,28.358966],[-16.918092,28.358915],[-16.91821,28.358778],[-16.918192,28.358554],[-16.918441,28.358598],[-16.918888,28.358393],[-16.919072,28.358477],[-16.919234,28.358192],[-16.919142,28.357841],[-16.91955,28.357841],[-16.919637,28.357785],[-16.919525,28.357319],[-16.920084,28.357284],[-16.92023,28.357078],[-16.920474,28.357174],[-16.92041,28.357002],[-16.920521,28.356909],[-16.920223,28.356951],[-16.92017,28.356816],[-16.920276,28.356343],[-16.920406,28.356113],[-16.920609,28.35602],[-16.920746,28.35612],[-16.9209,28.356016],[-16.921168,28.356307],[-16.921775,28.356208],[-16.92203,28.355945],[-16.921724,28.355595],[-16.921888,28.355229],[-16.922256,28.355565],[-16.922403,28.355595],[-16.922508,28.355838],[-16.922567,28.355864],[-16.922761,28.355732],[-16.922745,28.355553],[-16.922871,28.355539],[-16.922932,28.354657],[-16.923281,28.354521],[-16.92335,28.354396],[-16.923269,28.354315],[-16.923388,28.354238],[-16.923433,28.35393],[-16.923589,28.353847],[-16.923575,28.353781],[-16.923407,28.353795],[-16.923234,28.353679],[-16.923524,28.353652],[-16.923637,28.353421],[-16.923492,28.353305],[-16.923791,28.353247],[-16.923582,28.353159],[-16.923679,28.353056],[-16.923665,28.35294],[-16.923517,28.352837],[-16.92371,28.3527],[-16.923662,28.352565],[-16.923537,28.352507],[-16.923669,28.352387],[-16.923496,28.352264],[-16.923605,28.352256],[-16.923178,28.352059],[-16.923437,28.352034],[-16.923305,28.35189],[-16.923361,28.351801],[-16.92347,28.351898],[-16.923432,28.351597],[-16.923568,28.351699],[-16.923753,28.351565],[-16.923861,28.351579],[-16.92373,28.351452],[-16.92371,28.351158],[-16.923968,28.351121],[-16.924092,28.351021],[-16.92383,28.350831],[-16.923826,28.350622],[-16.923983,28.350745],[-16.92414,28.350714],[-16.924102,28.350601],[-16.92401,28.350617],[-16.923922,28.350532],[-16.923867,28.350367],[-16.923952,28.350293],[-16.923895,28.350236],[-16.924086,28.35024],[-16.923933,28.350137],[-16.924213,28.350149],[-16.923929,28.350027],[-16.923899,28.349801],[-16.924062,28.349733],[-16.923588,28.349301],[-16.923694,28.349034],[-16.923818,28.348971],[-16.923986,28.348993],[-16.923564,28.348817],[-16.923326,28.348437],[-16.923297,28.348143],[-16.923121,28.347982],[-16.923191,28.347879],[-16.923494,28.347737],[-16.923362,28.34746],[-16.923264,28.347491],[-16.923225,28.347684],[-16.923102,28.347666],[-16.923154,28.347527],[-16.922701,28.347437],[-16.922665,28.347286],[-16.922514,28.347151],[-16.922636,28.34704],[-16.922905,28.346965],[-16.92269,28.346939],[-16.922476,28.347018],[-16.922292,28.346883],[-16.922253,28.346773],[-16.922849,28.346647],[-16.922812,28.346452],[-16.922597,28.346295],[-16.922643,28.346217],[-16.922517,28.346014],[-16.923065,28.346104],[-16.922718,28.34579],[-16.9229,28.345664],[-16.922838,28.345587],[-16.922575,28.345525],[-16.92266,28.345423],[-16.922584,28.345332],[-16.922466,28.345368],[-16.922503,28.345499],[-16.922279,28.345564],[-16.92203,28.345369],[-16.921987,28.345126],[-16.922226,28.345136],[-16.922311,28.345021],[-16.922151,28.344738],[-16.921953,28.344764],[-16.921903,28.344923],[-16.92171,28.344721],[-16.921703,28.344602],[-16.921813,28.344465],[-16.921946,28.344494],[-16.921902,28.344368],[-16.922132,28.344412],[-16.922021,28.344293],[-16.922175,28.344234],[-16.922165,28.344115],[-16.922041,28.344146],[-16.921347,28.343767],[-16.921336,28.343678],[-16.921519,28.343757],[-16.92168,28.343639],[-16.921515,28.343516],[-16.921629,28.343441],[-16.921435,28.343378],[-16.921337,28.343221],[-16.921167,28.343282],[-16.920967,28.343235],[-16.920702,28.342926],[-16.920707,28.342829],[-16.921162,28.342827],[-16.921826,28.342701],[-16.922394,28.342462],[-16.922648,28.342552],[-16.922909,28.34248],[-16.922971,28.342346],[-16.923005,28.342524],[-16.923122,28.342611],[-16.923747,28.342715],[-16.923991,28.342664],[-16.924051,28.342504],[-16.924476,28.342471],[-16.924509,28.34222],[-16.925203,28.342022],[-16.925667,28.342116],[-16.925929,28.3419],[-16.924459,28.34201],[-16.924432,28.341921],[-16.924909,28.341775],[-16.925041,28.341583],[-16.925261,28.341533],[-16.925309,28.341442],[-16.925173,28.3415],[-16.92466,28.341475],[-16.924098,28.34133],[-16.923887,28.341378],[-16.923904,28.34131],[-16.923821,28.341293],[-16.923516,28.341439],[-16.923434,28.341359],[-16.923131,28.341511],[-16.922721,28.341862],[-16.922068,28.341982],[-16.921811,28.341881],[-16.921716,28.341961],[-16.921533,28.341792],[-16.921638,28.341632],[-16.921556,28.341392],[-16.92133,28.341221],[-16.921086,28.34085],[-16.921015,28.340835],[-16.920907,28.341135],[-16.920551,28.340867],[-16.920383,28.34099],[-16.920512,28.341136],[-16.920197,28.341478],[-16.92023,28.341627],[-16.920046,28.342033],[-16.919353,28.341859],[-16.919133,28.341939],[-16.919267,28.342137],[-16.919464,28.342046],[-16.919699,28.342047],[-16.919975,28.342192],[-16.919887,28.342322],[-16.919958,28.342697],[-16.919835,28.342813],[-16.919682,28.342695],[-16.91968,28.342793],[-16.919563,28.342883],[-16.919475,28.342717],[-16.91941,28.342771],[-16.919281,28.342703],[-16.919258,28.34276],[-16.91885,28.342789],[-16.918575,28.342596],[-16.918312,28.342691],[-16.918072,28.3426],[-16.917791,28.342706],[-16.917811,28.342575],[-16.917718,28.342459],[-16.91748,28.3426],[-16.917084,28.342541],[-16.917021,28.342323],[-16.9168,28.342375],[-16.916219,28.342149],[-16.915854,28.342395],[-16.915738,28.342334],[-16.915708,28.342178],[-16.91589,28.341949],[-16.915864,28.341812],[-16.915527,28.341449],[-16.915321,28.341555],[-16.915263,28.341371],[-16.915103,28.341287],[-16.914759,28.341445],[-16.91435,28.341332],[-16.914162,28.341249],[-16.914206,28.341106],[-16.914099,28.34097],[-16.913659,28.340932],[-16.913626,28.340652],[-16.913325,28.340572],[-16.913194,28.340464],[-16.912903,28.34043],[-16.912764,28.34021],[-16.912821,28.340116],[-16.912263,28.34024],[-16.912394,28.340159],[-16.912346,28.339962],[-16.912003,28.340119],[-16.911725,28.339825],[-16.91151,28.339828],[-16.911484,28.339972],[-16.911333,28.339943],[-16.911275,28.339865],[-16.911509,28.339768],[-16.911492,28.339705],[-16.911098,28.339657],[-16.910941,28.339561],[-16.910758,28.339272],[-16.910875,28.339426],[-16.910946,28.339398],[-16.911008,28.338869],[-16.911235,28.338697],[-16.910754,28.338653],[-16.910453,28.338389],[-16.91018,28.338536],[-16.91011,28.338674],[-16.910308,28.338723],[-16.91013,28.338917],[-16.909568,28.339131],[-16.908933,28.339237],[-16.908671,28.339428],[-16.908649,28.339551],[-16.908229,28.339665],[-16.907887,28.339631],[-16.907636,28.33952],[-16.907571,28.339265],[-16.907362,28.339269],[-16.907215,28.339373],[-16.907096,28.339341],[-16.907045,28.339175],[-16.906722,28.339001],[-16.906477,28.339137],[-16.906251,28.339091],[-16.905771,28.338617],[-16.906067,28.338606],[-16.90582,28.338488],[-16.905575,28.338464],[-16.905441,28.338591],[-16.905256,28.338596],[-16.905294,28.338512],[-16.904622,28.338272],[-16.904276,28.337869],[-16.904279,28.337733],[-16.904477,28.337526],[-16.904361,28.337369],[-16.904412,28.337177],[-16.90425,28.336847],[-16.903996,28.336616],[-16.903833,28.336274],[-16.903478,28.336048],[-16.903401,28.335652],[-16.90306,28.335573],[-16.902578,28.335208],[-16.902459,28.334471],[-16.902528,28.334362],[-16.902255,28.3342],[-16.901896,28.334193],[-16.901334,28.333879],[-16.900939,28.333588],[-16.900752,28.333342],[-16.900432,28.333184],[-16.900098,28.332639],[-16.899708,28.332444],[-16.898853,28.332218],[-16.897792,28.332408],[-16.897052,28.332239],[-16.896542,28.332015],[-16.896516,28.331778],[-16.896102,28.331217],[-16.896102,28.33074],[-16.896502,28.329752],[-16.897478,28.328905],[-16.897623,28.328678],[-16.897593,28.328519],[-16.896939,28.327727],[-16.896556,28.327474],[-16.896071,28.326874],[-16.894873,28.32677],[-16.894843,28.32584],[-16.894802,28.325699],[-16.894638,28.325562],[-16.894836,28.324948],[-16.894834,28.323778],[-16.894364,28.32326],[-16.894295,28.32302],[-16.894015,28.322872],[-16.893856,28.322436],[-16.893601,28.322091],[-16.893216,28.321925],[-16.892998,28.321394],[-16.892517,28.320656],[-16.892269,28.320374],[-16.892029,28.320292],[-16.890887,28.320266],[-16.890595,28.320317],[-16.890472,28.320033],[-16.890499,28.319816],[-16.890274,28.319705],[-16.890421,28.319454],[-16.890187,28.3193],[-16.890136,28.319014],[-16.889912,28.318876],[-16.889612,28.318441],[-16.889517,28.317974],[-16.888788,28.317502],[-16.888491,28.317233],[-16.88834,28.316962],[-16.888249,28.316932],[-16.888014,28.317097],[-16.887742,28.317059],[-16.887634,28.31695],[-16.887632,28.316751],[-16.886472,28.317026],[-16.886101,28.316947],[-16.885254,28.316197],[-16.885119,28.315798],[-16.884888,28.315573],[-16.884207,28.315395],[-16.883754,28.315044],[-16.882721,28.314628],[-16.882595,28.314493],[-16.88204,28.314242],[-16.881745,28.31379],[-16.881509,28.31365],[-16.881351,28.313383],[-16.88113,28.313246],[-16.881083,28.313088],[-16.880827,28.313057],[-16.880767,28.312778],[-16.880433,28.312423],[-16.880371,28.311015],[-16.880794,28.31027],[-16.880899,28.30984],[-16.881215,28.309352],[-16.881744,28.308855],[-16.881773,28.30865],[-16.881438,28.307793],[-16.88126,28.307039],[-16.881364,28.305183],[-16.880625,28.304191],[-16.880506,28.30364],[-16.880034,28.302906],[-16.878916,28.302403],[-16.87839,28.301996],[-16.8783,28.301833],[-16.878324,28.301614],[-16.878615,28.301471],[-16.878639,28.301321],[-16.878394,28.301292],[-16.87814,28.301431],[-16.877963,28.30144],[-16.877061,28.301073],[-16.876399,28.30066],[-16.875981,28.300093],[-16.875816,28.29999],[-16.874026,28.299751],[-16.873871,28.299615],[-16.873599,28.29969],[-16.873435,28.299612],[-16.873229,28.299669],[-16.872318,28.299619],[-16.871856,28.299959],[-16.871616,28.299741],[-16.871088,28.29969],[-16.870777,28.299515],[-16.870561,28.29921],[-16.87037,28.298298],[-16.870501,28.297979],[-16.870686,28.29788],[-16.870762,28.297467],[-16.870549,28.297247],[-16.870555,28.297005],[-16.870436,28.296846],[-16.870366,28.296381],[-16.869925,28.296152],[-16.869798,28.296162],[-16.869736,28.295984],[-16.86952,28.295839],[-16.869567,28.295094],[-16.869425,28.295131],[-16.868724,28.294535],[-16.868568,28.294577],[-16.868062,28.294315],[-16.867411,28.293615],[-16.866995,28.29334],[-16.866967,28.293162],[-16.866804,28.293043],[-16.86698,28.292925],[-16.867301,28.29295],[-16.868007,28.293224],[-16.868134,28.293163],[-16.868138,28.293064],[-16.867991,28.293172],[-16.867856,28.292996],[-16.867031,28.292798],[-16.866828,28.292884],[-16.866494,28.292873],[-16.866387,28.292746],[-16.866206,28.29216],[-16.865697,28.291835],[-16.865398,28.291458],[-16.864959,28.291429],[-16.864966,28.290972],[-16.865488,28.290543],[-16.86588,28.290395],[-16.865865,28.290182],[-16.866084,28.289975],[-16.866178,28.290051],[-16.866108,28.290268],[-16.866233,28.290313],[-16.866396,28.290252],[-16.86644,28.29016],[-16.866367,28.289976],[-16.8661,28.289827],[-16.865687,28.290077],[-16.86546,28.29004],[-16.865184,28.289883],[-16.865273,28.289661],[-16.865099,28.289498],[-16.865003,28.289744],[-16.864699,28.289584],[-16.864861,28.28932],[-16.86509,28.28929],[-16.865053,28.28913],[-16.864615,28.289228],[-16.864365,28.288994],[-16.863915,28.288863],[-16.863772,28.288902],[-16.863651,28.289116],[-16.863327,28.289382],[-16.863074,28.289332],[-16.862107,28.288495],[-16.861683,28.287926],[-16.86147,28.287569],[-16.861422,28.287278],[-16.861371,28.286066],[-16.861476,28.284881],[-16.86159,28.284746],[-16.86297,28.284424],[-16.863007,28.28421],[-16.862651,28.284271],[-16.862523,28.284161],[-16.862522,28.283939],[-16.862838,28.283576],[-16.863337,28.283369],[-16.863358,28.283084],[-16.863188,28.282897],[-16.863124,28.28265],[-16.862592,28.282711],[-16.862256,28.282308],[-16.862266,28.281879],[-16.862469,28.281506],[-16.862373,28.281159],[-16.861795,28.281058],[-16.861357,28.280546],[-16.861185,28.279974],[-16.861394,28.279748],[-16.861307,28.279541],[-16.861417,28.279317],[-16.861219,28.279097],[-16.860772,28.27895],[-16.861009,28.278607],[-16.860975,28.278405],[-16.860337,28.27758],[-16.859839,28.276741],[-16.859803,28.27652],[-16.859458,28.276225],[-16.859208,28.275839],[-16.859228,28.275237],[-16.859152,28.275052],[-16.859326,28.274904],[-16.859289,28.27479],[-16.859067,28.274629],[-16.858571,28.274448],[-16.85827,28.274223],[-16.857658,28.274271],[-16.857429,28.274087],[-16.857054,28.274152],[-16.856962,28.27406],[-16.857006,28.273885],[-16.856863,28.27387],[-16.856767,28.273456],[-16.856407,28.273402],[-16.856194,28.273162],[-16.856077,28.273217],[-16.85491,28.272932],[-16.85402,28.272902],[-16.852797,28.27311],[-16.852617,28.273438],[-16.852058,28.273726],[-16.851223,28.274867],[-16.851046,28.275752],[-16.850564,28.276408],[-16.850756,28.276699],[-16.850888,28.277121],[-16.850034,28.277169],[-16.849819,28.277239],[-16.849757,28.27736],[-16.84971,28.278428],[-16.849167,28.278967],[-16.848666,28.279274],[-16.848093,28.280105],[-16.847865,28.280242],[-16.847251,28.280931],[-16.847242,28.281329],[-16.846942,28.281522],[-16.846817,28.281855],[-16.847171,28.28257],[-16.847102,28.283022],[-16.846758,28.283117],[-16.846073,28.283088],[-16.845439,28.283273],[-16.844562,28.283059],[-16.844103,28.28307],[-16.843821,28.28336],[-16.843668,28.283764],[-16.84375,28.28393],[-16.843629,28.284152],[-16.842802,28.284698],[-16.8424,28.284661],[-16.842286,28.284432],[-16.842043,28.284255],[-16.841718,28.284266],[-16.841647,28.284328],[-16.841714,28.284411],[-16.8416,28.284556],[-16.841066,28.284812],[-16.840598,28.285229],[-16.84029,28.285923],[-16.840061,28.286032],[-16.839528,28.286588],[-16.838755,28.286614],[-16.83823,28.2864],[-16.837633,28.286776],[-16.837151,28.287256],[-16.83653,28.287219],[-16.836194,28.287361],[-16.835514,28.288296],[-16.834784,28.288308],[-16.834251,28.288202],[-16.833869,28.288212],[-16.833607,28.28879],[-16.832797,28.289313],[-16.83237,28.290061],[-16.831865,28.29033],[-16.831929,28.290634],[-16.832127,28.29082],[-16.83276,28.290629],[-16.833464,28.291161],[-16.833597,28.291356],[-16.833425,28.291579],[-16.833437,28.291838],[-16.833351,28.291896],[-16.833079,28.291798],[-16.832786,28.291558],[-16.832495,28.291515],[-16.832317,28.291549],[-16.831842,28.291988],[-16.831804,28.292203],[-16.832328,28.292724],[-16.832271,28.293043],[-16.831643,28.293164],[-16.831014,28.293143],[-16.830387,28.292949],[-16.829968,28.292675],[-16.829492,28.292613],[-16.828791,28.292284],[-16.828025,28.292484],[-16.826912,28.292564],[-16.826399,28.292718],[-16.825572,28.292826],[-16.825077,28.292991],[-16.824451,28.293037],[-16.823874,28.293196],[-16.823549,28.293155],[-16.8232,28.292889],[-16.82256,28.292677],[-16.821327,28.292648],[-16.82081,28.294189],[-16.820948,28.295333],[-16.821127,28.295802],[-16.821376,28.296156],[-16.821388,28.296388],[-16.821515,28.296537],[-16.821511,28.29697],[-16.821881,28.297827],[-16.82254,28.298529],[-16.822987,28.298643],[-16.8235,28.298938],[-16.824008,28.299956],[-16.823983,28.300344],[-16.823608,28.300859],[-16.823675,28.30126],[-16.823834,28.301476],[-16.823805,28.301766],[-16.823922,28.302357],[-16.823882,28.30301],[-16.823333,28.303496],[-16.823913,28.304041],[-16.824047,28.304373],[-16.82486,28.304869],[-16.826019,28.306336],[-16.826328,28.306603],[-16.826037,28.307132],[-16.825474,28.307778],[-16.825206,28.308858],[-16.824273,28.310184],[-16.823848,28.310925],[-16.823538,28.311049],[-16.82202,28.311067],[-16.821504,28.311198],[-16.821104,28.311832],[-16.820658,28.312154],[-16.820342,28.312526],[-16.819428,28.313339],[-16.819025,28.313868],[-16.818639,28.314126],[-16.818566,28.314485],[-16.820191,28.314369],[-16.820641,28.314598],[-16.82137,28.314568],[-16.821748,28.314626],[-16.823068,28.315488],[-16.824073,28.316318],[-16.824498,28.316753],[-16.824656,28.317062],[-16.824776,28.317902],[-16.82476,28.318734],[-16.825037,28.318812],[-16.825702,28.318778],[-16.826014,28.318858],[-16.826529,28.31953],[-16.826707,28.320303],[-16.827398,28.321027],[-16.827827,28.322308],[-16.827963,28.322468],[-16.828539,28.322569],[-16.828585,28.323962],[-16.828887,28.324689],[-16.829073,28.324894],[-16.829214,28.32494],[-16.830179,28.324945],[-16.830695,28.325098],[-16.830526,28.326337],[-16.830586,28.326866],[-16.831045,28.327952],[-16.831943,28.329104],[-16.831917,28.329653],[-16.831779,28.330264],[-16.832061,28.33172],[-16.831937,28.333569],[-16.832046,28.333775],[-16.832314,28.334008],[-16.833161,28.334487],[-16.83409,28.335961],[-16.834207,28.336316],[-16.833909,28.336742],[-16.834149,28.337546],[-16.834064,28.338921],[-16.833582,28.340554],[-16.833771,28.341073],[-16.833902,28.342073],[-16.834141,28.342552],[-16.833931,28.343516],[-16.833487,28.344219],[-16.833618,28.344935],[-16.833565,28.345326],[-16.833635,28.345508],[-16.833878,28.345753],[-16.833828,28.34599],[-16.833971,28.346728],[-16.833925,28.346991],[-16.833609,28.347453],[-16.833388,28.348094],[-16.833663,28.34877],[-16.833998,28.34923],[-16.833957,28.350638],[-16.834165,28.351066],[-16.834473,28.351389],[-16.834866,28.352221],[-16.835442,28.352656],[-16.835445,28.352735],[-16.835199,28.353264],[-16.835295,28.354013],[-16.83501,28.354541],[-16.834818,28.35529],[-16.834218,28.356058],[-16.833585,28.356638],[-16.83311,28.357362],[-16.833009,28.357801],[-16.833457,28.361504],[-16.834054,28.363788],[-16.834373,28.365965],[-16.834675,28.365982],[-16.834287,28.367154],[-16.833838,28.372166],[-16.833393,28.375524],[-16.830689,28.390571],[-16.830298,28.392285]]]]}},{"type":"Feature","id":"38011","properties":{"cod_ine":"38011","nombre":"Candelaria","nombre_ine":"Candelaria","nombre_shp":"Candelaria","area_km2":49.238,"partes":1,"partes_roque":0},"geometry":{"type":"MultiPolygon","coordinates":[[[[-16.397421,28.411403],[-16.398496,28.411477],[-16.39852,28.411938],[-16.399066,28.412092],[-16.399347,28.412367],[-16.39962,28.412159],[-16.399711,28.412171],[-16.40022,28.412933],[-16.40053,28.413162],[-16.400907,28.413199],[-16.401002,28.413512],[-16.401297,28.413646],[-16.401458,28.413933],[-16.401903,28.414096],[-16.402217,28.414528],[-16.402478,28.414724],[-16.402994,28.414793],[-16.405007,28.413782],[-16.406741,28.414347],[-16.408723,28.413974],[-16.41557,28.410272],[-16.417365,28.409028],[-16.419109,28.40901],[-16.420229,28.409154],[-16.420432,28.409134],[-16.42075,28.408968],[-16.421148,28.408696],[-16.421752,28.408021],[-16.422443,28.406999],[-16.422491,28.405739],[-16.422585,28.404976],[-16.422691,28.404799],[-16.423022,28.404522],[-16.423922,28.404086],[-16.424296,28.403994],[-16.424611,28.403779],[-16.424613,28.403488],[-16.42432,28.402106],[-16.42416,28.401832],[-16.424101,28.401314],[-16.42418,28.400444],[-16.424608,28.399298],[-16.423799,28.398262],[-16.423471,28.398105],[-16.423093,28.398062],[-16.423663,28.396876],[-16.424472,28.39591],[-16.426864,28.395748],[-16.427512,28.395441],[-16.428607,28.395407],[-16.429628,28.394981],[-16.431068,28.394632],[-16.433177,28.394779],[-16.433953,28.394448],[-16.434742,28.393989],[-16.435775,28.393265],[-16.436436,28.392946],[-16.43756,28.392222],[-16.4394,28.391778],[-16.441308,28.391205],[-16.441912,28.390935],[-16.442416,28.390595],[-16.443453,28.390135],[-16.444142,28.390049],[-16.445392,28.390392],[-16.445322,28.38894],[-16.446067,28.388239],[-16.446686,28.387978],[-16.447141,28.387362],[-16.447062,28.386995],[-16.447109,28.386408],[-16.447477,28.385887],[-16.447608,28.385346],[-16.447633,28.384719],[-16.447496,28.383921],[-16.446857,28.383333],[-16.446427,28.383154],[-16.446334,28.382763],[-16.445909,28.382296],[-16.445004,28.382378],[-16.444595,28.382524],[-16.444091,28.382559],[-16.443491,28.38201],[-16.443038,28.381444],[-16.442521,28.381479],[-16.441804,28.381267],[-16.440945,28.381331],[-16.440717,28.381144],[-16.440693,28.380742],[-16.440458,28.380372],[-16.43935,28.379671],[-16.439124,28.379651],[-16.439082,28.379252],[-16.438733,28.379116],[-16.438577,28.378793],[-16.437598,28.378875],[-16.437489,28.378818],[-16.437437,28.378748],[-16.437522,28.378515],[-16.437666,28.37838],[-16.437518,28.378055],[-16.43721,28.377798],[-16.436844,28.377658],[-16.436263,28.377614],[-16.436278,28.377375],[-16.436015,28.377328],[-16.435752,28.376945],[-16.435827,28.376692],[-16.435729,28.376426],[-16.43558,28.376358],[-16.435176,28.376565],[-16.434879,28.376451],[-16.434708,28.376207],[-16.434751,28.375988],[-16.434063,28.375808],[-16.433604,28.375061],[-16.433357,28.374949],[-16.433068,28.374559],[-16.432509,28.374258],[-16.432228,28.374299],[-16.432055,28.374091],[-16.431784,28.373492],[-16.431615,28.373349],[-16.431093,28.373],[-16.430748,28.372963],[-16.429719,28.373155],[-16.428451,28.372101],[-16.427924,28.37142],[-16.426676,28.370599],[-16.426341,28.370516],[-16.426189,28.370351],[-16.425852,28.37021],[-16.425787,28.369757],[-16.425388,28.369064],[-16.425398,28.368705],[-16.425541,28.368632],[-16.425524,28.368571],[-16.425022,28.368125],[-16.424966,28.36783],[-16.423738,28.367529],[-16.423531,28.367035],[-16.423235,28.366731],[-16.423054,28.366144],[-16.422929,28.365972],[-16.42258,28.365921],[-16.422227,28.365765],[-16.421799,28.365483],[-16.421559,28.365212],[-16.421141,28.365275],[-16.420832,28.365211],[-16.419807,28.36442],[-16.418299,28.363892],[-16.417925,28.363646],[-16.417481,28.362867],[-16.416954,28.362602],[-16.416695,28.362038],[-16.416035,28.361287],[-16.41592,28.360907],[-16.415963,28.360449],[-16.415645,28.360238],[-16.415397,28.359924],[-16.415211,28.359468],[-16.414859,28.359314],[-16.414649,28.359097],[-16.414387,28.359098],[-16.414122,28.358789],[-16.413414,28.358271],[-16.412098,28.357546],[-16.411809,28.356645],[-16.411496,28.356497],[-16.411322,28.356262],[-16.41129,28.356014],[-16.411073,28.355693],[-16.410892,28.354982],[-16.410622,28.354577],[-16.410657,28.354285],[-16.410437,28.353954],[-16.409707,28.353684],[-16.409192,28.353276],[-16.408596,28.352955],[-16.408225,28.352975],[-16.407848,28.353211],[-16.407576,28.353279],[-16.406459,28.352871],[-16.406387,28.352511],[-16.406707,28.352347],[-16.406794,28.352101],[-16.406573,28.351458],[-16.406135,28.35091],[-16.405389,28.350536],[-16.404245,28.350118],[-16.403518,28.349927],[-16.402292,28.349413],[-16.400988,28.349099],[-16.400554,28.348885],[-16.400261,28.34864],[-16.399832,28.347957],[-16.399631,28.347828],[-16.399442,28.347142],[-16.399188,28.3468],[-16.398376,28.346019],[-16.397537,28.345558],[-16.396785,28.345322],[-16.396346,28.345662],[-16.395874,28.345856],[-16.395165,28.346056],[-16.394468,28.346093],[-16.394168,28.346012],[-16.393925,28.345813],[-16.39354,28.345745],[-16.393247,28.345828],[-16.392901,28.345608],[-16.392031,28.345365],[-16.391769,28.345142],[-16.391585,28.344811],[-16.392064,28.344734],[-16.39234,28.345088],[-16.392886,28.34465],[-16.393264,28.344484],[-16.393409,28.344184],[-16.393679,28.344084],[-16.39373,28.343893],[-16.393198,28.34312],[-16.392571,28.342769],[-16.391971,28.342594],[-16.391621,28.342628],[-16.390642,28.342909],[-16.390504,28.342676],[-16.390491,28.342458],[-16.389896,28.342643],[-16.389801,28.34261],[-16.38925,28.341759],[-16.388681,28.341929],[-16.388507,28.341786],[-16.387731,28.341551],[-16.386982,28.341428],[-16.386901,28.341615],[-16.386173,28.341405],[-16.385753,28.341194],[-16.385538,28.340996],[-16.385381,28.340615],[-16.385383,28.340276],[-16.384305,28.339395],[-16.383562,28.339265],[-16.383445,28.339253],[-16.383255,28.339472],[-16.382399,28.33942],[-16.382112,28.339668],[-16.381768,28.339663],[-16.381576,28.339765],[-16.380799,28.339848],[-16.38024,28.340346],[-16.379473,28.340588],[-16.377106,28.340166],[-16.376958,28.34029],[-16.376795,28.340285],[-16.376604,28.340117],[-16.376073,28.339976],[-16.375891,28.339835],[-16.375491,28.339758],[-16.374511,28.339976],[-16.37315,28.34015],[-16.372801,28.340262],[-16.372226,28.340247],[-16.371124,28.339614],[-16.370027,28.33878],[-16.369802,28.338806],[-16.367956,28.339557],[-16.36743,28.339642],[-16.367294,28.339585],[-16.36662,28.339743],[-16.366377,28.339497],[-16.365973,28.339447],[-16.366261,28.339575],[-16.366909,28.340458],[-16.367042,28.340813],[-16.3672,28.340924],[-16.36717,28.341059],[-16.36733,28.341288],[-16.367356,28.341485],[-16.367215,28.341613],[-16.367135,28.341829],[-16.367143,28.341968],[-16.367291,28.342079],[-16.367083,28.342244],[-16.366506,28.3423],[-16.366802,28.342387],[-16.36641,28.342631],[-16.366301,28.342926],[-16.366487,28.342914],[-16.366629,28.342809],[-16.366798,28.342996],[-16.366892,28.342985],[-16.367277,28.343214],[-16.36731,28.343569],[-16.36768,28.343589],[-16.367585,28.34384],[-16.367653,28.34404],[-16.367561,28.344153],[-16.36758,28.344263],[-16.367388,28.344341],[-16.367237,28.344732],[-16.367251,28.34493],[-16.367066,28.344914],[-16.367007,28.344988],[-16.367217,28.345306],[-16.367454,28.345226],[-16.36747,28.345425],[-16.36734,28.345551],[-16.367379,28.345649],[-16.367628,28.345645],[-16.367594,28.345767],[-16.367783,28.345729],[-16.367854,28.345901],[-16.367917,28.345835],[-16.368263,28.346126],[-16.368737,28.346277],[-16.368964,28.346266],[-16.369144,28.346452],[-16.369133,28.346617],[-16.368978,28.346704],[-16.368853,28.346973],[-16.368865,28.347273],[-16.368937,28.347364],[-16.368885,28.347481],[-16.36877,28.347625],[-16.368415,28.347698],[-16.368449,28.348025],[-16.36833,28.348382],[-16.368433,28.348572],[-16.368276,28.348846],[-16.368302,28.34917],[-16.36811,28.349343],[-16.368559,28.349629],[-16.368783,28.349556],[-16.36896,28.349735],[-16.369119,28.351191],[-16.369275,28.352037],[-16.36939,28.352238],[-16.369378,28.352587],[-16.369751,28.353859],[-16.369733,28.354561],[-16.369455,28.355523],[-16.369148,28.355671],[-16.369502,28.355817],[-16.369423,28.356105],[-16.369008,28.35619],[-16.369141,28.356283],[-16.368906,28.357339],[-16.368953,28.357523],[-16.368705,28.357732],[-16.36856,28.35775],[-16.368264,28.357538],[-16.368303,28.357621],[-16.368241,28.357648],[-16.368106,28.357525],[-16.36795,28.357575],[-16.367672,28.357253],[-16.368344,28.35619],[-16.368206,28.356049],[-16.368042,28.356129],[-16.367416,28.357215],[-16.367445,28.357355],[-16.36791,28.357911],[-16.367894,28.35801],[-16.367531,28.358455],[-16.367418,28.358468],[-16.367357,28.358336],[-16.36716,28.358385],[-16.367171,28.359086],[-16.366915,28.359125],[-16.366596,28.359728],[-16.366645,28.359824],[-16.366966,28.359997],[-16.366895,28.360194],[-16.36649,28.360174],[-16.366247,28.360025],[-16.366046,28.360054],[-16.366289,28.360371],[-16.366189,28.360834],[-16.36597,28.360963],[-16.365828,28.36086],[-16.365722,28.360868],[-16.365754,28.361008],[-16.365926,28.361112],[-16.365709,28.361349],[-16.36543,28.361228],[-16.365518,28.361381],[-16.365652,28.36144],[-16.365497,28.36145],[-16.36524,28.361739],[-16.364965,28.361535],[-16.365488,28.360908],[-16.365521,28.36071],[-16.3656,28.36066],[-16.365548,28.360572],[-16.365291,28.360619],[-16.365137,28.361028],[-16.364531,28.361778],[-16.363903,28.361932],[-16.363761,28.361831],[-16.363606,28.361928],[-16.363757,28.362198],[-16.363903,28.362247],[-16.364236,28.362668],[-16.36432,28.362997],[-16.364271,28.363086],[-16.364172,28.363181],[-16.364037,28.363149],[-16.363903,28.363462],[-16.363705,28.363508],[-16.363908,28.363619],[-16.364089,28.36393],[-16.364341,28.363954],[-16.364307,28.364266],[-16.363816,28.365622],[-16.363541,28.366035],[-16.362995,28.36754],[-16.362889,28.367658],[-16.362589,28.367756],[-16.362631,28.367948],[-16.362087,28.368318],[-16.361996,28.368296],[-16.361985,28.368207],[-16.362391,28.367852],[-16.362304,28.36782],[-16.362027,28.367948],[-16.361501,28.368454],[-16.361454,28.368596],[-16.361435,28.369806],[-16.361313,28.370838],[-16.361682,28.372268],[-16.361744,28.373003],[-16.361628,28.373558],[-16.361431,28.373633],[-16.361207,28.373939],[-16.361103,28.374023],[-16.361394,28.374315],[-16.36154,28.374896],[-16.361645,28.375041],[-16.36145,28.37528],[-16.361633,28.37545],[-16.361609,28.375937],[-16.361447,28.376086],[-16.361441,28.376236],[-16.361191,28.376557],[-16.360932,28.376665],[-16.360856,28.377055],[-16.360334,28.377105],[-16.360003,28.377289],[-16.360014,28.377508],[-16.360258,28.37769],[-16.360501,28.378265],[-16.360652,28.378348],[-16.360931,28.378363],[-16.360953,28.378454],[-16.360962,28.378655],[-16.360521,28.37879],[-16.360432,28.378902],[-16.360399,28.379212],[-16.360623,28.379421],[-16.360289,28.379845],[-16.359744,28.379695],[-16.359758,28.379886],[-16.359677,28.37993],[-16.359667,28.379813],[-16.359589,28.379842],[-16.359642,28.380041],[-16.35938,28.380244],[-16.35901,28.380354],[-16.358683,28.380277],[-16.358176,28.380385],[-16.357952,28.380197],[-16.357498,28.379996],[-16.35715,28.379993],[-16.356486,28.380836],[-16.356377,28.381165],[-16.35623,28.381288],[-16.356268,28.381601],[-16.356131,28.382107],[-16.356476,28.38233],[-16.356374,28.382398],[-16.356132,28.382382],[-16.355854,28.382714],[-16.355576,28.383283],[-16.355341,28.383467],[-16.353898,28.384151],[-16.353784,28.384097],[-16.352613,28.384606],[-16.351793,28.385068],[-16.351517,28.385327],[-16.350931,28.385677],[-16.350575,28.385771],[-16.350218,28.385727],[-16.35006,28.385904],[-16.349738,28.38597],[-16.349158,28.386298],[-16.348916,28.386301],[-16.348815,28.386369],[-16.348331,28.386295],[-16.348168,28.38647],[-16.347668,28.386744],[-16.347423,28.386634],[-16.347174,28.386723],[-16.346462,28.387674],[-16.34617,28.387902],[-16.345627,28.388993],[-16.345026,28.389841],[-16.344774,28.390527],[-16.344587,28.390769],[-16.344426,28.39071],[-16.344583,28.391102],[-16.344155,28.391619],[-16.34417,28.391693],[-16.343993,28.391655],[-16.343994,28.391832],[-16.343843,28.391823],[-16.34375,28.392049],[-16.343409,28.392002],[-16.343376,28.392145],[-16.343243,28.392139],[-16.343187,28.392306],[-16.343014,28.392278],[-16.342636,28.392407],[-16.342353,28.392246],[-16.342306,28.392977],[-16.342164,28.392991],[-16.342215,28.393184],[-16.342063,28.393142],[-16.34208,28.393332],[-16.341934,28.393351],[-16.341945,28.393466],[-16.341865,28.393469],[-16.34151,28.393884],[-16.341354,28.393971],[-16.341315,28.393877],[-16.341278,28.393978],[-16.341058,28.394055],[-16.340789,28.394046],[-16.340636,28.393966],[-16.340527,28.394159],[-16.340353,28.394112],[-16.340086,28.394486],[-16.340144,28.394545],[-16.339959,28.394576],[-16.339978,28.394706],[-16.339764,28.39477],[-16.339589,28.395322],[-16.339058,28.395845],[-16.338749,28.396079],[-16.338508,28.396002],[-16.338223,28.396034],[-16.337233,28.396324],[-16.337412,28.396714],[-16.337945,28.397171],[-16.338324,28.397384],[-16.338637,28.397717],[-16.339302,28.397742],[-16.339854,28.397969],[-16.340107,28.39824],[-16.340271,28.398306],[-16.341059,28.39847],[-16.341342,28.398429],[-16.341837,28.398582],[-16.342451,28.398585],[-16.342789,28.398505],[-16.343143,28.398605],[-16.343431,28.398846],[-16.343601,28.399304],[-16.343927,28.399624],[-16.344112,28.399611],[-16.3444,28.39943],[-16.344952,28.399314],[-16.345139,28.399761],[-16.345607,28.399686],[-16.346259,28.399892],[-16.347164,28.399831],[-16.347661,28.400009],[-16.347921,28.399952],[-16.348182,28.400013],[-16.348604,28.400236],[-16.349016,28.400135],[-16.349327,28.400746],[-16.349836,28.4007],[-16.349977,28.400279],[-16.350098,28.40021],[-16.350297,28.400353],[-16.350434,28.400593],[-16.350679,28.400683],[-16.351075,28.400656],[-16.351472,28.400454],[-16.351503,28.400772],[-16.351783,28.400893],[-16.352247,28.400561],[-16.352734,28.40045],[-16.353157,28.400485],[-16.353511,28.400177],[-16.353744,28.400109],[-16.354321,28.400281],[-16.355131,28.400253],[-16.35531,28.400445],[-16.356091,28.400722],[-16.356662,28.400748],[-16.357096,28.400608],[-16.35745,28.401157],[-16.358511,28.402169],[-16.358645,28.402242],[-16.35899,28.402135],[-16.359014,28.40248],[-16.359114,28.402664],[-16.359823,28.40251],[-16.360262,28.402544],[-16.360378,28.402696],[-16.36016,28.402919],[-16.360262,28.40325],[-16.361056,28.403095],[-16.361354,28.403257],[-16.36179,28.403679],[-16.362076,28.403801],[-16.362418,28.403865],[-16.362696,28.403711],[-16.362945,28.403704],[-16.363052,28.403822],[-16.363041,28.404267],[-16.363202,28.404584],[-16.364731,28.404934],[-16.364996,28.405227],[-16.365312,28.405289],[-16.366127,28.405919],[-16.366507,28.406098],[-16.366836,28.406133],[-16.366998,28.406319],[-16.367113,28.406674],[-16.36704,28.406907],[-16.367245,28.407251],[-16.367388,28.407272],[-16.367412,28.407353],[-16.367356,28.407547],[-16.366715,28.408034],[-16.366597,28.408302],[-16.36719,28.408693],[-16.36741,28.409059],[-16.367739,28.4091],[-16.368085,28.409295],[-16.368548,28.409386],[-16.369022,28.409464],[-16.369374,28.409434],[-16.370306,28.410009],[-16.370662,28.409926],[-16.371003,28.409966],[-16.371321,28.410116],[-16.371805,28.410082],[-16.372303,28.410523],[-16.372711,28.410614],[-16.372881,28.410734],[-16.373506,28.410798],[-16.373781,28.411316],[-16.374149,28.41152],[-16.374809,28.411464],[-16.375011,28.411263],[-16.375211,28.411191],[-16.375443,28.411259],[-16.375838,28.411986],[-16.375976,28.412084],[-16.376302,28.41208],[-16.37638,28.412326],[-16.377003,28.412649],[-16.377205,28.413055],[-16.377469,28.413334],[-16.377863,28.413391],[-16.37812,28.413233],[-16.378196,28.412925],[-16.378544,28.412906],[-16.378776,28.413161],[-16.379011,28.41372],[-16.379201,28.413854],[-16.37984,28.413662],[-16.380039,28.413681],[-16.38054,28.414111],[-16.38092,28.414256],[-16.381617,28.414116],[-16.382163,28.41444],[-16.382513,28.414402],[-16.382772,28.414479],[-16.383266,28.414149],[-16.38435,28.413691],[-16.384751,28.413798],[-16.3855,28.413794],[-16.386263,28.414118],[-16.386521,28.414125],[-16.386822,28.414007],[-16.387204,28.414201],[-16.387648,28.414289],[-16.38847,28.413624],[-16.389599,28.413394],[-16.389846,28.413504],[-16.390066,28.41347],[-16.391269,28.412583],[-16.3918,28.412331],[-16.392731,28.412577],[-16.393783,28.412449],[-16.394144,28.412332],[-16.394596,28.412325],[-16.394923,28.412423],[-16.395959,28.412011],[-16.396406,28.412045],[-16.396816,28.411553],[-16.397421,28.411403]]]]}},{"type":"Feature","id":"38012","properties":{"cod_ine":"38012","nombre":"Fasnia","nombre_ine":"Fasnia","nombre_shp":"Fasnia","area_km2":45.907,"partes":3,"partes_roque":2},"geometry":{"type":"MultiPolygon","coordinates":[[[[-16.413358,28.217522],[-16.413133,28.217602],[-16.413002,28.21791],[-16.413398,28.218092],[-16.413574,28.218001],[-16.413692,28.217744],[-16.413607,28.217618],[-16.413358,28.217522]]],[[[-16.453843,28.258245],[-16.45411,28.258662],[-16.454524,28.258856],[-16.455091,28.258683],[-16.455912,28.258913],[-16.456012,28.259099],[-16.456017,28.259359],[-16.45584,28.259582],[-16.455823,28.259918],[-16.455594,28.260306],[-16.45569,28.260542],[-16.456139,28.260734],[-16.456336,28.261052],[-16.456423,28.261047],[-16.456519,28.26119],[-16.456101,28.261989],[-16.456138,28.262234],[-16.456701,28.262948],[-16.457009,28.263177],[-16.457468,28.263308],[-16.457927,28.26324],[-16.458131,28.263339],[-16.45828,28.264272],[-16.45875,28.264831],[-16.459225,28.265067],[-16.459482,28.265405],[-16.458994,28.266191],[-16.45903,28.266579],[-16.460105,28.267174],[-16.46045,28.267813],[-16.460711,28.26807],[-16.460918,28.268106],[-16.461187,28.268038],[-16.461647,28.268254],[-16.461869,28.268572],[-16.461988,28.269027],[-16.462354,28.269176],[-16.46329,28.269333],[-16.463986,28.269299],[-16.464841,28.269865],[-16.480772,28.277701],[-16.483061,28.278671],[-16.487177,28.280097],[-16.492777,28.281834],[-16.497062,28.283283],[-16.499312,28.283945],[-16.502052,28.284476],[-16.51133,28.301339],[-16.51435,28.302513],[-16.516785,28.304011],[-16.517856,28.303593],[-16.519037,28.303429],[-16.519339,28.30324],[-16.522018,28.302919],[-16.523176,28.302144],[-16.523472,28.301522],[-16.523398,28.30021],[-16.523654,28.299219],[-16.524071,28.298422],[-16.524711,28.297749],[-16.525527,28.297251],[-16.52656,28.296948],[-16.526619,28.296857],[-16.531157,28.29499],[-16.532934,28.290277],[-16.533199,28.287955],[-16.537749,28.287109],[-16.536099,28.286029],[-16.514181,28.268636],[-16.510627,28.26646],[-16.509883,28.265419],[-16.50913,28.264965],[-16.508912,28.264611],[-16.50863,28.26437],[-16.507697,28.263871],[-16.507539,28.263692],[-16.507323,28.263645],[-16.506829,28.263215],[-16.506477,28.262776],[-16.506105,28.262597],[-16.505808,28.262269],[-16.505455,28.261646],[-16.505184,28.261416],[-16.504771,28.26076],[-16.504152,28.260469],[-16.503963,28.260033],[-16.503597,28.259595],[-16.503508,28.259215],[-16.502981,28.259011],[-16.502611,28.25866],[-16.502283,28.258152],[-16.501384,28.257873],[-16.500831,28.257331],[-16.50031,28.257221],[-16.500058,28.256978],[-16.49965,28.256892],[-16.499205,28.256308],[-16.498988,28.255844],[-16.498599,28.255893],[-16.498262,28.255606],[-16.497648,28.255351],[-16.497511,28.255009],[-16.497047,28.254874],[-16.496814,28.25489],[-16.496615,28.254796],[-16.496434,28.254534],[-16.496365,28.254228],[-16.496178,28.254157],[-16.495972,28.2539],[-16.495493,28.25377],[-16.495153,28.253521],[-16.494911,28.253474],[-16.494686,28.253246],[-16.494586,28.252891],[-16.493412,28.252265],[-16.493377,28.251963],[-16.493048,28.251489],[-16.493075,28.251366],[-16.492902,28.25131],[-16.492553,28.250986],[-16.492104,28.250971],[-16.491789,28.250783],[-16.491432,28.250971],[-16.490933,28.250882],[-16.490771,28.250728],[-16.490597,28.250268],[-16.490411,28.250202],[-16.490256,28.250032],[-16.488955,28.249715],[-16.488355,28.249259],[-16.488073,28.24884],[-16.487683,28.248594],[-16.486885,28.248374],[-16.486123,28.2479],[-16.485768,28.247759],[-16.485756,28.247516],[-16.485961,28.247085],[-16.485525,28.246916],[-16.485323,28.246609],[-16.484766,28.246304],[-16.484033,28.245659],[-16.483263,28.245325],[-16.483013,28.245052],[-16.482604,28.244833],[-16.482342,28.24418],[-16.482372,28.243238],[-16.482514,28.243016],[-16.482496,28.242815],[-16.482263,28.242549],[-16.482045,28.242107],[-16.481629,28.241717],[-16.480997,28.241525],[-16.480857,28.241179],[-16.480621,28.241064],[-16.479813,28.240915],[-16.479565,28.240762],[-16.479242,28.240373],[-16.478782,28.24015],[-16.478373,28.239818],[-16.477655,28.239607],[-16.477485,28.239038],[-16.477261,28.238786],[-16.476889,28.238787],[-16.47652,28.238938],[-16.476353,28.238906],[-16.476141,28.238768],[-16.475881,28.238349],[-16.475597,28.238266],[-16.474329,28.237441],[-16.474234,28.237203],[-16.474011,28.237016],[-16.47355,28.236294],[-16.473271,28.236033],[-16.473061,28.235225],[-16.472854,28.235],[-16.472691,28.234399],[-16.472001,28.233436],[-16.4718,28.23335],[-16.471541,28.233055],[-16.471497,28.232731],[-16.471241,28.232702],[-16.47102,28.232567],[-16.470581,28.232578],[-16.47002,28.232293],[-16.4699,28.231994],[-16.46938,28.231562],[-16.468763,28.230734],[-16.468578,28.230605],[-16.468541,28.230472],[-16.468656,28.230153],[-16.468434,28.229641],[-16.467504,28.22894],[-16.466809,28.228228],[-16.466124,28.228213],[-16.466035,28.228051],[-16.466034,28.22755],[-16.465516,28.227283],[-16.465257,28.227234],[-16.465071,28.227062],[-16.464597,28.226257],[-16.4647,28.225917],[-16.464055,28.225588],[-16.463778,28.225217],[-16.463758,28.224659],[-16.463429,28.224496],[-16.462704,28.223606],[-16.462366,28.223379],[-16.462351,28.22303],[-16.461979,28.222975],[-16.461583,28.222575],[-16.461221,28.222539],[-16.461066,28.222443],[-16.460927,28.221585],[-16.460788,28.221415],[-16.460484,28.221319],[-16.460156,28.220433],[-16.459774,28.220485],[-16.459585,28.220613],[-16.459325,28.220557],[-16.459085,28.220269],[-16.458873,28.219443],[-16.458307,28.219133],[-16.458137,28.218848],[-16.457609,28.218689],[-16.457565,28.218331],[-16.45743,28.218168],[-16.457021,28.217998],[-16.456107,28.217882],[-16.455469,28.218153],[-16.454953,28.218217],[-16.454714,28.218082],[-16.454493,28.218061],[-16.454185,28.218126],[-16.453905,28.218334],[-16.45366,28.218321],[-16.4532,28.218082],[-16.453228,28.217691],[-16.452911,28.217496],[-16.452626,28.217125],[-16.452233,28.216905],[-16.45212,28.216367],[-16.45173,28.216135],[-16.451449,28.21584],[-16.450356,28.215741],[-16.450199,28.215618],[-16.450111,28.21536],[-16.449881,28.215279],[-16.449567,28.215431],[-16.449129,28.215375],[-16.448526,28.215462],[-16.448,28.21586],[-16.44788,28.215873],[-16.447402,28.215402],[-16.446969,28.215449],[-16.446874,28.215254],[-16.446756,28.215226],[-16.446246,28.215333],[-16.446004,28.215313],[-16.445461,28.21517],[-16.445096,28.214937],[-16.444319,28.21483],[-16.443907,28.214618],[-16.443751,28.214436],[-16.443628,28.213894],[-16.443719,28.213674],[-16.444258,28.213152],[-16.444364,28.212916],[-16.444356,28.212363],[-16.444236,28.212191],[-16.444173,28.21177],[-16.443822,28.211354],[-16.443612,28.210891],[-16.443325,28.210553],[-16.44319,28.210135],[-16.442846,28.210094],[-16.442634,28.209529],[-16.442373,28.209582],[-16.442045,28.209267],[-16.441667,28.209034],[-16.441294,28.208266],[-16.441257,28.207658],[-16.441031,28.207204],[-16.44121,28.206778],[-16.440795,28.206311],[-16.44095,28.205416],[-16.440779,28.205372],[-16.440534,28.205594],[-16.440285,28.205599],[-16.43988,28.20533],[-16.439146,28.205035],[-16.43889,28.204742],[-16.438784,28.204189],[-16.438566,28.203997],[-16.438362,28.204008],[-16.438302,28.204324],[-16.438059,28.204487],[-16.437843,28.204444],[-16.437385,28.204185],[-16.436752,28.204124],[-16.436594,28.20399],[-16.436463,28.203705],[-16.436079,28.203407],[-16.435857,28.203003],[-16.435636,28.202773],[-16.435493,28.202384],[-16.435263,28.202161],[-16.434964,28.202076],[-16.434735,28.202254],[-16.434386,28.202265],[-16.43398,28.201949],[-16.433898,28.20171],[-16.433793,28.201639],[-16.433146,28.201842],[-16.432929,28.201824],[-16.432871,28.201739],[-16.432932,28.20149],[-16.432664,28.201274],[-16.432389,28.200298],[-16.431748,28.200081],[-16.431484,28.200075],[-16.431307,28.200169],[-16.430424,28.199989],[-16.430027,28.199727],[-16.43007,28.199273],[-16.429996,28.199107],[-16.429647,28.199174],[-16.429124,28.199515],[-16.42884,28.199611],[-16.428281,28.199515],[-16.427812,28.199642],[-16.42755,28.199561],[-16.427502,28.199354],[-16.427757,28.199024],[-16.427716,28.198763],[-16.427436,28.198518],[-16.426836,28.198255],[-16.426056,28.197298],[-16.425922,28.196855],[-16.425509,28.196586],[-16.425587,28.196084],[-16.424726,28.195324],[-16.424659,28.194846],[-16.424294,28.194441],[-16.423718,28.194032],[-16.423551,28.193811],[-16.423098,28.193567],[-16.422705,28.193694],[-16.422221,28.193641],[-16.422301,28.193283],[-16.422468,28.192993],[-16.422044,28.193502],[-16.421987,28.194218],[-16.421702,28.194592],[-16.421748,28.194765],[-16.421682,28.194965],[-16.421734,28.195305],[-16.422384,28.195669],[-16.422407,28.195769],[-16.422127,28.195906],[-16.422103,28.196178],[-16.421928,28.196265],[-16.421932,28.196451],[-16.421796,28.196474],[-16.421771,28.196581],[-16.421594,28.196664],[-16.421649,28.197058],[-16.421431,28.197098],[-16.421209,28.197284],[-16.42115,28.197612],[-16.421234,28.198092],[-16.420958,28.19852],[-16.421714,28.198802],[-16.421916,28.199143],[-16.423289,28.199741],[-16.423579,28.20004],[-16.423542,28.200644],[-16.423676,28.200796],[-16.42429,28.201039],[-16.424503,28.201492],[-16.425072,28.20199],[-16.425064,28.202078],[-16.424876,28.202181],[-16.424807,28.202312],[-16.424991,28.20267],[-16.424695,28.2028],[-16.424546,28.202969],[-16.424751,28.203169],[-16.424875,28.20352],[-16.424841,28.203811],[-16.424507,28.203932],[-16.424517,28.204083],[-16.424726,28.20419],[-16.424659,28.20458],[-16.424551,28.204676],[-16.424314,28.204625],[-16.424324,28.20477],[-16.424159,28.204917],[-16.423672,28.204964],[-16.423441,28.205296],[-16.423219,28.205415],[-16.423191,28.205608],[-16.422928,28.205923],[-16.422494,28.206009],[-16.4224,28.206339],[-16.422191,28.206513],[-16.422251,28.206742],[-16.422484,28.206848],[-16.422527,28.207013],[-16.421935,28.207232],[-16.421681,28.207626],[-16.421658,28.207817],[-16.421381,28.207982],[-16.421332,28.208132],[-16.420872,28.208493],[-16.420832,28.208648],[-16.420982,28.209055],[-16.421167,28.209367],[-16.421411,28.209564],[-16.421403,28.209738],[-16.420943,28.209896],[-16.419855,28.209924],[-16.420094,28.210355],[-16.419896,28.210451],[-16.419561,28.21084],[-16.419508,28.211125],[-16.419299,28.211383],[-16.419262,28.211903],[-16.419102,28.212262],[-16.41873,28.212554],[-16.418567,28.212828],[-16.417994,28.213164],[-16.418207,28.21357],[-16.417872,28.213628],[-16.417917,28.213828],[-16.4177,28.213922],[-16.417807,28.214137],[-16.417648,28.214324],[-16.417769,28.214496],[-16.417546,28.21456],[-16.41752,28.214648],[-16.417251,28.214767],[-16.417353,28.214813],[-16.417185,28.215003],[-16.417494,28.215195],[-16.417455,28.215456],[-16.417147,28.215518],[-16.417086,28.215649],[-16.41678,28.215675],[-16.41636,28.215839],[-16.416263,28.21595],[-16.41626,28.216198],[-16.415842,28.216068],[-16.415525,28.216099],[-16.415556,28.21629],[-16.415464,28.216466],[-16.415524,28.216799],[-16.415149,28.217741],[-16.415071,28.218259],[-16.414807,28.218322],[-16.414548,28.218496],[-16.414408,28.218704],[-16.414576,28.218764],[-16.414553,28.21896],[-16.41423,28.219069],[-16.414366,28.219147],[-16.414394,28.21956],[-16.414116,28.219789],[-16.413848,28.219899],[-16.413613,28.219553],[-16.413506,28.21953],[-16.413117,28.219948],[-16.412926,28.220015],[-16.413321,28.220077],[-16.413456,28.220211],[-16.413374,28.220656],[-16.413132,28.220718],[-16.413232,28.22077],[-16.413248,28.220988],[-16.412827,28.221845],[-16.412589,28.222081],[-16.412336,28.222179],[-16.411274,28.221855],[-16.411209,28.22193],[-16.411445,28.222084],[-16.411455,28.222309],[-16.411311,28.222527],[-16.41113,28.22254],[-16.411181,28.222705],[-16.411011,28.222733],[-16.410961,28.222964],[-16.410842,28.222683],[-16.410695,28.222809],[-16.410369,28.222898],[-16.409816,28.223619],[-16.409671,28.223651],[-16.409848,28.223906],[-16.409836,28.224047],[-16.409722,28.2242],[-16.409547,28.224212],[-16.409584,28.224313],[-16.409326,28.224305],[-16.409268,28.224425],[-16.409443,28.224792],[-16.409438,28.225137],[-16.409706,28.225365],[-16.409825,28.225613],[-16.40983,28.225899],[-16.409564,28.22607],[-16.409386,28.226308],[-16.409633,28.226548],[-16.409135,28.226582],[-16.409071,28.226763],[-16.408836,28.226807],[-16.409096,28.227144],[-16.408995,28.227344],[-16.40903,28.22751],[-16.40882,28.227648],[-16.408429,28.227706],[-16.408813,28.228018],[-16.408348,28.228239],[-16.40849,28.228379],[-16.408774,28.22844],[-16.409001,28.228654],[-16.408853,28.228915],[-16.408677,28.22882],[-16.408523,28.228913],[-16.408869,28.229277],[-16.408867,28.229411],[-16.40852,28.230009],[-16.408716,28.230233],[-16.40884,28.230648],[-16.40867,28.230762],[-16.408704,28.231007],[-16.408255,28.231058],[-16.408523,28.231061],[-16.408689,28.231121],[-16.408706,28.231217],[-16.408376,28.231374],[-16.408294,28.23166],[-16.408073,28.231714],[-16.408215,28.231999],[-16.40815,28.232268],[-16.408034,28.232437],[-16.407857,28.232408],[-16.407649,28.23252],[-16.407727,28.232665],[-16.407597,28.232791],[-16.407308,28.233624],[-16.409242,28.234079],[-16.409534,28.234814],[-16.409813,28.23487],[-16.410542,28.23472],[-16.411198,28.234813],[-16.412677,28.235522],[-16.413688,28.236227],[-16.413908,28.236491],[-16.414228,28.236702],[-16.415276,28.236465],[-16.416118,28.236601],[-16.416918,28.237001],[-16.417611,28.237612],[-16.418126,28.237713],[-16.418594,28.238308],[-16.418818,28.238983],[-16.419447,28.239141],[-16.419841,28.239053],[-16.420143,28.239125],[-16.421124,28.240416],[-16.421145,28.240723],[-16.422415,28.240951],[-16.422933,28.241178],[-16.42297,28.241564],[-16.422764,28.242209],[-16.422905,28.242462],[-16.423035,28.242515],[-16.423852,28.242229],[-16.424062,28.242225],[-16.424206,28.2423],[-16.424882,28.243495],[-16.424945,28.244145],[-16.425606,28.244311],[-16.42596,28.2447],[-16.426185,28.244696],[-16.426586,28.244434],[-16.427041,28.244416],[-16.427236,28.244597],[-16.427416,28.244942],[-16.428081,28.245579],[-16.428134,28.245889],[-16.428246,28.245999],[-16.428446,28.245999],[-16.428619,28.245875],[-16.428802,28.245659],[-16.42886,28.245379],[-16.429215,28.245361],[-16.429418,28.245578],[-16.429538,28.245915],[-16.429839,28.24637],[-16.431112,28.246406],[-16.431756,28.246524],[-16.432203,28.246788],[-16.432794,28.247016],[-16.433126,28.247292],[-16.433497,28.247307],[-16.434163,28.247491],[-16.434304,28.247657],[-16.434377,28.248552],[-16.434474,28.24865],[-16.43555,28.248711],[-16.436061,28.248318],[-16.4364,28.248172],[-16.436607,28.248217],[-16.437122,28.248602],[-16.438111,28.248497],[-16.438473,28.248818],[-16.438487,28.249366],[-16.438918,28.249811],[-16.4391,28.250163],[-16.439448,28.250148],[-16.439879,28.249893],[-16.440099,28.249852],[-16.440855,28.250846],[-16.441139,28.250974],[-16.441473,28.250921],[-16.44179,28.250417],[-16.442291,28.250145],[-16.442826,28.250245],[-16.443297,28.250712],[-16.443684,28.250658],[-16.444908,28.250824],[-16.444996,28.250778],[-16.445019,28.250491],[-16.445171,28.250471],[-16.445608,28.251143],[-16.446161,28.251431],[-16.446269,28.251728],[-16.446584,28.252004],[-16.446543,28.252311],[-16.446208,28.252509],[-16.44615,28.25281],[-16.446232,28.252928],[-16.446476,28.253068],[-16.446953,28.25311],[-16.447184,28.253006],[-16.447479,28.253046],[-16.447637,28.253207],[-16.447943,28.253325],[-16.448074,28.253543],[-16.448574,28.253689],[-16.448855,28.254006],[-16.449289,28.254153],[-16.450231,28.25486],[-16.450663,28.255413],[-16.451075,28.255679],[-16.451063,28.25602],[-16.451187,28.256384],[-16.450641,28.256749],[-16.450632,28.257006],[-16.450964,28.257181],[-16.45174,28.258206],[-16.452043,28.258402],[-16.452404,28.258483],[-16.452695,28.258449],[-16.453299,28.258163],[-16.453558,28.258151],[-16.453843,28.258245]]],[[[-16.408511,28.229403],[-16.408449,28.229483],[-16.408627,28.229625],[-16.408657,28.229546],[-16.408511,28.229403]]]]}},{"type":"Feature","id":"38015","properties":{"cod_ine":"38015","nombre":"Garachico","nombre_ine":"Garachico","nombre_shp":"Garachico","area_km2":29.081,"partes":2,"partes_roque":1},"geometry":{"type":"MultiPolygon","coordinates":[[[[-16.762014,28.380407],[-16.762148,28.38048],[-16.762355,28.380779],[-16.76277,28.380687],[-16.762965,28.380767],[-16.763172,28.380544],[-16.763301,28.380197],[-16.763278,28.379869],[-16.763372,28.379446],[-16.763227,28.379315],[-16.763078,28.379302],[-16.763049,28.379023],[-16.76286,28.378623],[-16.762414,28.378444],[-16.762229,28.37839],[-16.762271,28.378307],[-16.76205,28.37823],[-16.762053,28.378921],[-16.761898,28.379289],[-16.761997,28.379474],[-16.761706,28.379574],[-16.761671,28.380049],[-16.761993,28.380303],[-16.762014,28.380407]]],[[[-16.793582,28.374883],[-16.793776,28.374512],[-16.794174,28.37425],[-16.794654,28.374081],[-16.795622,28.373955],[-16.79576,28.373721],[-16.796107,28.373414],[-16.796668,28.372405],[-16.797111,28.371506],[-16.79691,28.370834],[-16.796984,28.370725],[-16.79685,28.37044],[-16.796879,28.370261],[-16.797045,28.370034],[-16.79689,28.369783],[-16.796841,28.368714],[-16.79676,28.368406],[-16.796092,28.367276],[-16.796109,28.366809],[-16.795968,28.366479],[-16.795808,28.366188],[-16.795646,28.366095],[-16.795751,28.365744],[-16.795051,28.365744],[-16.794848,28.365618],[-16.7948,28.365395],[-16.794374,28.365013],[-16.793396,28.364775],[-16.793197,28.364631],[-16.792986,28.364217],[-16.792487,28.363822],[-16.791902,28.363157],[-16.792072,28.362695],[-16.792028,28.362517],[-16.79161,28.362044],[-16.79157,28.361783],[-16.790738,28.360858],[-16.790712,28.360628],[-16.790342,28.359827],[-16.790063,28.359544],[-16.789639,28.3595],[-16.789219,28.359614],[-16.788453,28.360594],[-16.787922,28.360793],[-16.787552,28.361046],[-16.787415,28.361012],[-16.787184,28.360539],[-16.786968,28.360413],[-16.781928,28.361309],[-16.780296,28.366865],[-16.771327,28.36801],[-16.765544,28.365322],[-16.763839,28.350354],[-16.767315,28.331412],[-16.766285,28.327949],[-16.765154,28.325003],[-16.7638,28.320736],[-16.762536,28.316371],[-16.757502,28.302714],[-16.753684,28.298364],[-16.749429,28.293742],[-16.743105,28.287512],[-16.734572,28.286305],[-16.714373,28.277082],[-16.70044,28.271596],[-16.718262,28.285366],[-16.727464,28.295122],[-16.72746,28.297469],[-16.727742,28.298029],[-16.728211,28.298294],[-16.728288,28.298559],[-16.728197,28.299125],[-16.727785,28.299888],[-16.727724,28.300324],[-16.72806,28.300706],[-16.729976,28.302098],[-16.729699,28.302909],[-16.730311,28.3041],[-16.74358,28.343057],[-16.743445,28.343273],[-16.743755,28.344271],[-16.743708,28.345196],[-16.744105,28.345326],[-16.744494,28.345335],[-16.744639,28.345694],[-16.744671,28.346432],[-16.744517,28.347128],[-16.744193,28.34762],[-16.74387,28.347861],[-16.742798,28.349215],[-16.742539,28.349735],[-16.742611,28.350268],[-16.742561,28.350432],[-16.742256,28.350686],[-16.741939,28.351231],[-16.741606,28.351556],[-16.741052,28.351789],[-16.740109,28.352699],[-16.739686,28.352781],[-16.739288,28.353],[-16.73882,28.354033],[-16.738774,28.354304],[-16.739173,28.354601],[-16.73964,28.355392],[-16.739885,28.355492],[-16.739896,28.356034],[-16.739767,28.35648],[-16.739819,28.357079],[-16.740161,28.358065],[-16.739996,28.359769],[-16.739777,28.360252],[-16.739718,28.360654],[-16.739381,28.361216],[-16.739574,28.361741],[-16.739554,28.362141],[-16.739472,28.362462],[-16.739234,28.362844],[-16.739295,28.363112],[-16.739483,28.363378],[-16.739501,28.363881],[-16.739648,28.364491],[-16.739879,28.364986],[-16.73993,28.365523],[-16.739497,28.366726],[-16.739487,28.367112],[-16.739264,28.368026],[-16.739269,28.368586],[-16.737301,28.36841],[-16.737295,28.368724],[-16.737487,28.369658],[-16.737644,28.371413],[-16.737645,28.372625],[-16.737808,28.372947],[-16.738435,28.378135],[-16.73888,28.380267],[-16.739082,28.380546],[-16.739275,28.380666],[-16.73942,28.380555],[-16.739563,28.380138],[-16.739417,28.379923],[-16.73946,28.379861],[-16.73966,28.379983],[-16.739881,28.379823],[-16.740106,28.380057],[-16.740405,28.379991],[-16.740799,28.380055],[-16.741405,28.379717],[-16.741399,28.379238],[-16.740914,28.37904],[-16.740626,28.378372],[-16.740478,28.378335],[-16.740537,28.378129],[-16.741056,28.378098],[-16.74133,28.378343],[-16.741932,28.378465],[-16.742876,28.378228],[-16.743006,28.378118],[-16.743035,28.377904],[-16.743163,28.377735],[-16.743207,28.377706],[-16.743308,28.377821],[-16.743312,28.377523],[-16.743525,28.377208],[-16.743509,28.377047],[-16.743429,28.376854],[-16.743003,28.376424],[-16.742827,28.375883],[-16.743095,28.375916],[-16.743333,28.375851],[-16.743859,28.376227],[-16.744094,28.375955],[-16.744341,28.375992],[-16.744531,28.375962],[-16.744799,28.375571],[-16.745073,28.375481],[-16.745318,28.375103],[-16.745517,28.374576],[-16.745752,28.374515],[-16.745854,28.374638],[-16.746261,28.374618],[-16.746288,28.374456],[-16.746186,28.374212],[-16.745941,28.374096],[-16.745931,28.374008],[-16.746057,28.3739],[-16.746701,28.373778],[-16.74673,28.373307],[-16.746976,28.372989],[-16.747746,28.372633],[-16.747997,28.372673],[-16.748225,28.372619],[-16.748388,28.372157],[-16.74947,28.371164],[-16.749944,28.370967],[-16.752092,28.370724],[-16.752771,28.370888],[-16.753473,28.371329],[-16.7535,28.371557],[-16.753882,28.37206],[-16.75398,28.371987],[-16.753978,28.371741],[-16.754121,28.371681],[-16.755125,28.372176],[-16.755289,28.372322],[-16.755391,28.372647],[-16.755315,28.372828],[-16.755179,28.372804],[-16.755137,28.372862],[-16.755373,28.373043],[-16.756187,28.374236],[-16.756333,28.374344],[-16.756309,28.374482],[-16.756437,28.374587],[-16.757048,28.374419],[-16.757845,28.374591],[-16.758425,28.374362],[-16.758786,28.37444],[-16.759372,28.374422],[-16.760014,28.374185],[-16.760464,28.374184],[-16.760886,28.374317],[-16.761553,28.374738],[-16.761574,28.37495],[-16.761763,28.375015],[-16.761845,28.375005],[-16.761869,28.374911],[-16.761957,28.374947],[-16.762452,28.375415],[-16.762577,28.375377],[-16.762832,28.375565],[-16.763229,28.375556],[-16.763262,28.375751],[-16.763508,28.375712],[-16.763568,28.375497],[-16.763827,28.375591],[-16.764097,28.375546],[-16.764194,28.375651],[-16.7645,28.375644],[-16.764589,28.375522],[-16.764802,28.375497],[-16.764879,28.37555],[-16.765057,28.375419],[-16.765174,28.375441],[-16.76547,28.375097],[-16.765591,28.375094],[-16.765824,28.374805],[-16.765715,28.374462],[-16.766055,28.374318],[-16.766062,28.37394],[-16.766229,28.373371],[-16.766299,28.373512],[-16.766143,28.373943],[-16.766179,28.374245],[-16.766058,28.374536],[-16.76622,28.374429],[-16.766281,28.374283],[-16.766533,28.373194],[-16.76654,28.372977],[-16.766394,28.372819],[-16.766376,28.372589],[-16.766571,28.372543],[-16.767111,28.372872],[-16.767161,28.372781],[-16.767084,28.372687],[-16.767399,28.372687],[-16.767537,28.372494],[-16.767502,28.372285],[-16.767577,28.372215],[-16.767669,28.372432],[-16.767797,28.372465],[-16.767946,28.372307],[-16.767786,28.37264],[-16.767961,28.372849],[-16.768122,28.372839],[-16.768247,28.372615],[-16.768403,28.372572],[-16.768288,28.371673],[-16.767733,28.371017],[-16.768313,28.370789],[-16.768428,28.371149],[-16.768942,28.371153],[-16.769096,28.371126],[-16.769144,28.371044],[-16.769286,28.371052],[-16.770104,28.371376],[-16.769999,28.371559],[-16.769743,28.371715],[-16.769662,28.371962],[-16.76947,28.372103],[-16.769107,28.373102],[-16.76919,28.373104],[-16.769252,28.372887],[-16.769504,28.372942],[-16.76966,28.373239],[-16.769862,28.373302],[-16.769758,28.373668],[-16.769892,28.373679],[-16.770064,28.373313],[-16.770345,28.373163],[-16.770306,28.372797],[-16.770393,28.372749],[-16.770724,28.372794],[-16.771312,28.373149],[-16.771462,28.373436],[-16.771321,28.373624],[-16.771359,28.373751],[-16.771528,28.373837],[-16.771461,28.373887],[-16.771536,28.374049],[-16.771629,28.374127],[-16.771675,28.374079],[-16.771698,28.37417],[-16.771877,28.374278],[-16.771942,28.37423],[-16.771896,28.374126],[-16.77199,28.37407],[-16.772583,28.374163],[-16.77273,28.374245],[-16.773206,28.374179],[-16.773513,28.374311],[-16.773575,28.374425],[-16.773717,28.374401],[-16.773907,28.374568],[-16.774063,28.374606],[-16.774201,28.374444],[-16.774462,28.374392],[-16.774817,28.374443],[-16.774888,28.374385],[-16.775209,28.374389],[-16.775315,28.374475],[-16.775474,28.374384],[-16.775652,28.374639],[-16.775717,28.374582],[-16.775822,28.374632],[-16.775884,28.374547],[-16.775916,28.374739],[-16.775992,28.374635],[-16.775994,28.374379],[-16.776092,28.374756],[-16.776533,28.374832],[-16.776571,28.37463],[-16.776698,28.374476],[-16.776582,28.374338],[-16.776633,28.374039],[-16.776773,28.374047],[-16.776842,28.374361],[-16.776938,28.374455],[-16.777336,28.374521],[-16.777646,28.374484],[-16.777727,28.374381],[-16.777659,28.374115],[-16.778675,28.373986],[-16.778909,28.373759],[-16.779079,28.373065],[-16.779363,28.373046],[-16.779629,28.373258],[-16.779644,28.373618],[-16.779788,28.373848],[-16.779796,28.374084],[-16.779937,28.374001],[-16.780062,28.373477],[-16.780609,28.373326],[-16.780783,28.373369],[-16.780915,28.373616],[-16.780639,28.373798],[-16.780605,28.373876],[-16.780763,28.373813],[-16.780597,28.373995],[-16.780675,28.374313],[-16.780887,28.374216],[-16.781031,28.374377],[-16.780897,28.374919],[-16.780966,28.374953],[-16.781038,28.374856],[-16.781176,28.375055],[-16.781858,28.374847],[-16.782248,28.37493],[-16.782146,28.374993],[-16.782097,28.375259],[-16.782194,28.375367],[-16.782387,28.375297],[-16.782439,28.375086],[-16.78269,28.374806],[-16.782668,28.374653],[-16.782897,28.374857],[-16.783195,28.374465],[-16.784071,28.374707],[-16.78431,28.374827],[-16.784728,28.375232],[-16.785431,28.375452],[-16.787517,28.375486],[-16.788319,28.37533],[-16.789645,28.374805],[-16.790741,28.373703],[-16.791442,28.373373],[-16.792058,28.373306],[-16.792503,28.373477],[-16.792541,28.373599],[-16.792386,28.373843],[-16.792561,28.373861],[-16.792636,28.37404],[-16.792993,28.374012],[-16.793099,28.374156],[-16.792969,28.37429],[-16.79302,28.374572],[-16.79334,28.374666],[-16.793582,28.374883]]]]}},{"type":"Feature","id":"38017","properties":{"cod_ine":"38017","nombre":"Granadilla de Abona","nombre_ine":"Granadilla de Abona","nombre_shp":"Granadilla de Abona","area_km2":162.531,"partes":1,"partes_roque":0},"geometry":{"type":"MultiPolygon","coordinates":[[[[-16.574394,28.196897],[-16.574812,28.197438],[-16.575538,28.197757],[-16.575466,28.198294],[-16.576325,28.199756],[-16.576672,28.200902],[-16.576957,28.201168],[-16.577929,28.201086],[-16.578516,28.201224],[-16.578982,28.201647],[-16.579869,28.201651],[-16.580248,28.201468],[-16.581197,28.20076],[-16.581992,28.200532],[-16.582379,28.200593],[-16.583012,28.20149],[-16.583192,28.201617],[-16.583564,28.201689],[-16.584371,28.202079],[-16.584773,28.202029],[-16.585719,28.20207],[-16.585947,28.202158],[-16.586086,28.202447],[-16.586129,28.203496],[-16.586425,28.203793],[-16.586929,28.204687],[-16.587287,28.20469],[-16.587665,28.204891],[-16.587884,28.204913],[-16.588317,28.204513],[-16.588329,28.204281],[-16.588446,28.204157],[-16.588984,28.204016],[-16.589722,28.204479],[-16.589705,28.205025],[-16.589842,28.205452],[-16.589735,28.205823],[-16.590047,28.206228],[-16.590708,28.206527],[-16.591119,28.206622],[-16.591259,28.206821],[-16.591804,28.206763],[-16.592196,28.206528],[-16.592625,28.206726],[-16.593076,28.207434],[-16.593048,28.207867],[-16.592931,28.208115],[-16.593523,28.209175],[-16.594028,28.210868],[-16.594147,28.210991],[-16.594283,28.21137],[-16.594806,28.211845],[-16.595259,28.212142],[-16.595358,28.212536],[-16.595339,28.212881],[-16.595557,28.213578],[-16.596206,28.214146],[-16.596453,28.214594],[-16.596857,28.214783],[-16.596997,28.215258],[-16.599787,28.218102],[-16.610107,28.217302],[-16.618748,28.213726],[-16.618668,28.211723],[-16.619237,28.210554],[-16.619303,28.210253],[-16.619064,28.20965],[-16.619038,28.208861],[-16.618769,28.207734],[-16.618709,28.20708],[-16.618805,28.206408],[-16.618477,28.205647],[-16.618432,28.204883],[-16.61853,28.204548],[-16.618344,28.203951],[-16.618445,28.203729],[-16.619441,28.202524],[-16.619928,28.202087],[-16.620142,28.201702],[-16.619817,28.20139],[-16.619743,28.20093],[-16.619532,28.200761],[-16.619562,28.2001],[-16.619488,28.199949],[-16.619073,28.199781],[-16.618641,28.199269],[-16.6183,28.199257],[-16.617993,28.199088],[-16.617717,28.199061],[-16.617266,28.198374],[-16.616792,28.198356],[-16.61638,28.198487],[-16.616285,28.198459],[-16.616196,28.198257],[-16.615814,28.197888],[-16.615398,28.197607],[-16.615066,28.196958],[-16.615171,28.196506],[-16.614902,28.196108],[-16.614739,28.195412],[-16.614466,28.195045],[-16.614505,28.194835],[-16.6144,28.194491],[-16.614063,28.193951],[-16.61407,28.193823],[-16.614222,28.193688],[-16.614227,28.193511],[-16.614652,28.192895],[-16.614261,28.192468],[-16.614374,28.192059],[-16.614225,28.191989],[-16.61345,28.190962],[-16.613167,28.189999],[-16.613221,28.189887],[-16.613511,28.189803],[-16.613888,28.189222],[-16.613798,28.188833],[-16.613532,28.188487],[-16.613493,28.187734],[-16.613279,28.187486],[-16.61332,28.18671],[-16.6135,28.186551],[-16.613704,28.186146],[-16.613498,28.185281],[-16.613643,28.184461],[-16.61378,28.184275],[-16.614377,28.184045],[-16.614443,28.183855],[-16.61408,28.183061],[-16.613806,28.182835],[-16.613743,28.182648],[-16.613805,28.182027],[-16.613469,28.180184],[-16.613359,28.180006],[-16.61347,28.179762],[-16.613495,28.178933],[-16.613629,28.17882],[-16.613871,28.178094],[-16.614025,28.177096],[-16.61443,28.176681],[-16.613843,28.175716],[-16.613496,28.174429],[-16.612755,28.173537],[-16.612177,28.173164],[-16.611897,28.172831],[-16.611597,28.172028],[-16.611461,28.171877],[-16.611425,28.170728],[-16.611491,28.170582],[-16.61135,28.170352],[-16.61135,28.170144],[-16.611568,28.169732],[-16.611845,28.169425],[-16.611864,28.169012],[-16.6124,28.16778],[-16.612392,28.167291],[-16.612977,28.166584],[-16.613232,28.166379],[-16.613286,28.166179],[-16.613233,28.165925],[-16.613399,28.165349],[-16.613704,28.165111],[-16.613717,28.16475],[-16.614,28.164252],[-16.61453,28.163759],[-16.614783,28.163032],[-16.614815,28.162699],[-16.615163,28.162228],[-16.615359,28.162103],[-16.615454,28.161484],[-16.615555,28.161335],[-16.615743,28.161287],[-16.61579,28.161204],[-16.615826,28.160403],[-16.616029,28.160067],[-16.616232,28.15989],[-16.616123,28.159703],[-16.616114,28.159468],[-16.616135,28.159037],[-16.616248,28.158827],[-16.616222,28.158587],[-16.61584,28.158133],[-16.615958,28.157799],[-16.615939,28.157563],[-16.615776,28.157393],[-16.615536,28.156898],[-16.615237,28.156711],[-16.615134,28.15632],[-16.614899,28.155971],[-16.614376,28.15556],[-16.613805,28.154506],[-16.613723,28.154205],[-16.613325,28.154062],[-16.613133,28.153864],[-16.613203,28.15322],[-16.612503,28.152774],[-16.616712,28.145745],[-16.619671,28.145432],[-16.619925,28.145331],[-16.620292,28.145116],[-16.620514,28.144598],[-16.620937,28.144021],[-16.621603,28.143673],[-16.621783,28.143433],[-16.621791,28.142898],[-16.621902,28.1426],[-16.621725,28.14233],[-16.621593,28.141868],[-16.621733,28.141252],[-16.621566,28.141121],[-16.621696,28.140915],[-16.621622,28.140348],[-16.621703,28.139966],[-16.62146,28.139069],[-16.621613,28.13887],[-16.621776,28.138804],[-16.621904,28.138569],[-16.62194,28.138277],[-16.621853,28.137981],[-16.621618,28.137752],[-16.621604,28.137536],[-16.619843,28.13478],[-16.62019,28.134742],[-16.620099,28.134526],[-16.620104,28.133957],[-16.619568,28.133758],[-16.619332,28.133445],[-16.619038,28.132796],[-16.618606,28.132535],[-16.61846,28.132564],[-16.618223,28.132231],[-16.618303,28.131717],[-16.618192,28.131177],[-16.617691,28.130921],[-16.617426,28.130943],[-16.616797,28.130438],[-16.616247,28.130232],[-16.616099,28.129869],[-16.615783,28.129735],[-16.615296,28.129151],[-16.615253,28.128978],[-16.615404,28.128731],[-16.615281,28.128441],[-16.615028,28.128146],[-16.614859,28.127708],[-16.614424,28.127307],[-16.614259,28.126955],[-16.61354,28.126686],[-16.612928,28.126257],[-16.612719,28.126012],[-16.612616,28.125636],[-16.612803,28.125133],[-16.612842,28.124756],[-16.612559,28.124387],[-16.612814,28.123899],[-16.6128,28.123655],[-16.612475,28.123185],[-16.611985,28.122864],[-16.611751,28.122451],[-16.611737,28.122039],[-16.61151,28.121572],[-16.611319,28.120381],[-16.61136,28.120116],[-16.611582,28.119933],[-16.611517,28.11946],[-16.611151,28.119022],[-16.610617,28.118638],[-16.610502,28.118466],[-16.610609,28.118221],[-16.610806,28.118119],[-16.611205,28.118137],[-16.612026,28.118358],[-16.612216,28.118159],[-16.612133,28.117558],[-16.611448,28.116668],[-16.611281,28.116164],[-16.611276,28.115833],[-16.611354,28.115782],[-16.611587,28.115824],[-16.611883,28.115264],[-16.611844,28.115115],[-16.611557,28.114812],[-16.611001,28.114692],[-16.6112,28.114089],[-16.610983,28.114006],[-16.610929,28.113713],[-16.610831,28.113674],[-16.610723,28.11342],[-16.61096,28.113169],[-16.610998,28.112894],[-16.610677,28.112584],[-16.609619,28.112296],[-16.609202,28.111987],[-16.608841,28.111849],[-16.608483,28.111396],[-16.60841,28.111063],[-16.607821,28.110551],[-16.607756,28.109437],[-16.607475,28.109133],[-16.607377,28.108606],[-16.607133,28.108311],[-16.607046,28.107985],[-16.606712,28.107833],[-16.606647,28.107669],[-16.606073,28.107349],[-16.605576,28.106525],[-16.605164,28.106385],[-16.604574,28.106446],[-16.604195,28.106385],[-16.603971,28.106203],[-16.603924,28.105835],[-16.603379,28.105503],[-16.60329,28.105261],[-16.60331,28.104737],[-16.603081,28.10462],[-16.602937,28.104432],[-16.603203,28.103858],[-16.602978,28.103324],[-16.602943,28.10262],[-16.602899,28.102533],[-16.602324,28.102267],[-16.602227,28.10204],[-16.602199,28.101492],[-16.601929,28.101274],[-16.601897,28.100931],[-16.601801,28.100756],[-16.601476,28.100528],[-16.601098,28.10039],[-16.60078,28.100003],[-16.600982,28.099728],[-16.600988,28.099313],[-16.601405,28.099089],[-16.601586,28.098848],[-16.601563,28.098688],[-16.601169,28.098442],[-16.601095,28.098165],[-16.601636,28.097545],[-16.601721,28.097143],[-16.601594,28.096928],[-16.60114,28.096707],[-16.601069,28.096609],[-16.601105,28.096209],[-16.601608,28.095425],[-16.601636,28.094899],[-16.601412,28.094673],[-16.600591,28.094559],[-16.600129,28.094409],[-16.599915,28.094201],[-16.599771,28.093887],[-16.599775,28.093346],[-16.599868,28.093092],[-16.600823,28.092629],[-16.601005,28.092454],[-16.601109,28.092168],[-16.601033,28.091878],[-16.600227,28.091346],[-16.600143,28.090981],[-16.600369,28.090735],[-16.600973,28.090527],[-16.601339,28.09032],[-16.601431,28.08984],[-16.601369,28.088954],[-16.602066,28.088637],[-16.602289,28.088388],[-16.602267,28.087531],[-16.602497,28.086558],[-16.602497,28.085805],[-16.602767,28.085438],[-16.602829,28.084709],[-16.603348,28.084227],[-16.603495,28.08392],[-16.603412,28.083653],[-16.603003,28.083696],[-16.602914,28.083508],[-16.60368,28.083158],[-16.603918,28.082787],[-16.603878,28.082341],[-16.603267,28.081685],[-16.603167,28.081436],[-16.603215,28.080544],[-16.603481,28.080396],[-16.603835,28.08041],[-16.60394,28.080249],[-16.603904,28.079974],[-16.60364,28.079699],[-16.60309,28.079595],[-16.60294,28.079487],[-16.602884,28.079273],[-16.60299,28.078834],[-16.60296,28.078543],[-16.603165,28.078187],[-16.60365,28.077617],[-16.603639,28.077389],[-16.603308,28.076499],[-16.603368,28.076264],[-16.603605,28.075893],[-16.603755,28.07528],[-16.603653,28.075083],[-16.603311,28.074848],[-16.603651,28.074456],[-16.603649,28.073646],[-16.603497,28.073081],[-16.603696,28.072616],[-16.603685,28.07242],[-16.60352,28.072133],[-16.603092,28.071716],[-16.603167,28.071379],[-16.60303,28.071115],[-16.603286,28.070663],[-16.603063,28.07002],[-16.602765,28.069669],[-16.602035,28.069226],[-16.601703,28.06884],[-16.601306,28.06803],[-16.601224,28.067629],[-16.601257,28.067361],[-16.60141,28.067092],[-16.602059,28.066744],[-16.602214,28.066524],[-16.602226,28.06577],[-16.602643,28.06488],[-16.603082,28.064629],[-16.603675,28.06458],[-16.603938,28.064434],[-16.603966,28.064267],[-16.603801,28.063791],[-16.603933,28.063318],[-16.60412,28.063027],[-16.604727,28.062681],[-16.604912,28.062503],[-16.604893,28.062262],[-16.604577,28.061769],[-16.604628,28.061559],[-16.605457,28.061082],[-16.605697,28.06077],[-16.605695,28.060398],[-16.605469,28.060053],[-16.605681,28.059486],[-16.60573,28.059068],[-16.605459,28.058814],[-16.605396,28.058258],[-16.605193,28.057594],[-16.605478,28.05651],[-16.606399,28.055595],[-16.606481,28.055427],[-16.606478,28.055231],[-16.606261,28.05491],[-16.605836,28.053571],[-16.606565,28.051692],[-16.606574,28.051037],[-16.606455,28.050802],[-16.605182,28.049553],[-16.605123,28.049333],[-16.605391,28.048894],[-16.605391,28.048179],[-16.605944,28.047516],[-16.606729,28.045604],[-16.605652,28.045247],[-16.605588,28.045033],[-16.605849,28.044279],[-16.605664,28.043918],[-16.604743,28.043193],[-16.603723,28.042573],[-16.602856,28.041496],[-16.60236,28.040626],[-16.601351,28.040072],[-16.600861,28.039696],[-16.600268,28.038888],[-16.599939,28.037976],[-16.599258,28.036863],[-16.59936,28.036191],[-16.59918,28.035765],[-16.599246,28.035286],[-16.598893,28.034441],[-16.598945,28.034177],[-16.598531,28.034026],[-16.598287,28.03385],[-16.59807,28.033623],[-16.597954,28.033349],[-16.597889,28.032407],[-16.59751,28.031687],[-16.597282,28.030313],[-16.597318,28.030017],[-16.597693,28.029417],[-16.597339,28.029033],[-16.597064,28.02851],[-16.596891,28.027334],[-16.596756,28.027863],[-16.596545,28.027733],[-16.596357,28.02803],[-16.596099,28.028034],[-16.596096,28.028374],[-16.595804,28.028823],[-16.595825,28.028997],[-16.595757,28.029092],[-16.595448,28.029215],[-16.595056,28.029189],[-16.593949,28.028698],[-16.593617,28.028704],[-16.593548,28.028592],[-16.593446,28.028795],[-16.592991,28.028653],[-16.592688,28.028639],[-16.592606,28.028558],[-16.592633,28.028186],[-16.592491,28.027792],[-16.592114,28.027565],[-16.592045,28.027618],[-16.59175,28.027526],[-16.591644,28.027596],[-16.591564,28.027944],[-16.591431,28.02786],[-16.591412,28.027613],[-16.591293,28.027696],[-16.591008,28.027623],[-16.590632,28.027888],[-16.59055,28.0282],[-16.59039,28.028188],[-16.590226,28.028042],[-16.590049,28.028132],[-16.589918,28.028036],[-16.58938,28.028153],[-16.589229,28.02838],[-16.589304,28.02849],[-16.589239,28.028555],[-16.589114,28.02852],[-16.588966,28.028584],[-16.588872,28.028519],[-16.588652,28.028642],[-16.58852,28.02822],[-16.588101,28.028929],[-16.587983,28.028988],[-16.587832,28.02896],[-16.587741,28.029074],[-16.587451,28.029153],[-16.586965,28.029535],[-16.586829,28.029536],[-16.586775,28.029358],[-16.586635,28.029483],[-16.586546,28.029459],[-16.586519,28.029305],[-16.58619,28.029468],[-16.586065,28.029437],[-16.58605,28.029165],[-16.585652,28.029276],[-16.585169,28.029273],[-16.585063,28.029147],[-16.584786,28.02926],[-16.584225,28.029223],[-16.584037,28.029093],[-16.583592,28.02907],[-16.583502,28.029005],[-16.583196,28.029107],[-16.583137,28.028967],[-16.583049,28.029117],[-16.582828,28.029141],[-16.582607,28.028943],[-16.582271,28.028969],[-16.582255,28.028764],[-16.582177,28.02889],[-16.582004,28.028873],[-16.581873,28.028959],[-16.581773,28.028919],[-16.581509,28.029113],[-16.581467,28.029635],[-16.581644,28.029828],[-16.581544,28.02998],[-16.581464,28.029986],[-16.581114,28.029582],[-16.580653,28.029322],[-16.580608,28.029182],[-16.580506,28.029297],[-16.580377,28.029229],[-16.58027,28.029354],[-16.580154,28.029029],[-16.579982,28.029224],[-16.579469,28.029105],[-16.578886,28.029125],[-16.578193,28.029229],[-16.578133,28.0294],[-16.577988,28.029426],[-16.577853,28.029284],[-16.57745,28.029261],[-16.576975,28.029464],[-16.576391,28.029597],[-16.576347,28.029763],[-16.576138,28.029822],[-16.575781,28.030088],[-16.575735,28.030309],[-16.575369,28.030478],[-16.575212,28.030726],[-16.574777,28.030886],[-16.57411,28.030961],[-16.573929,28.030919],[-16.57351,28.030766],[-16.573338,28.030634],[-16.573324,28.030488],[-16.57317,28.03048],[-16.572859,28.030875],[-16.572418,28.030886],[-16.572276,28.031029],[-16.57215,28.030993],[-16.572007,28.031177],[-16.571835,28.031083],[-16.571386,28.031147],[-16.570284,28.030998],[-16.569921,28.030831],[-16.569943,28.030679],[-16.569711,28.030464],[-16.569508,28.030508],[-16.569376,28.030705],[-16.568933,28.030601],[-16.568638,28.030635],[-16.568572,28.030551],[-16.568431,28.030545],[-16.568458,28.030395],[-16.568318,28.030336],[-16.568211,28.03005],[-16.568034,28.030038],[-16.567921,28.029948],[-16.567967,28.02981],[-16.567779,28.029682],[-16.567769,28.029414],[-16.567296,28.02937],[-16.567219,28.029334],[-16.567136,28.029022],[-16.566631,28.028928],[-16.566408,28.02895],[-16.565597,28.029323],[-16.565267,28.029355],[-16.565152,28.029293],[-16.564993,28.029367],[-16.564663,28.02935],[-16.564219,28.029445],[-16.564063,28.029316],[-16.563895,28.029333],[-16.563474,28.02973],[-16.563416,28.029888],[-16.563021,28.030022],[-16.562161,28.029888],[-16.561734,28.029981],[-16.561161,28.030531],[-16.561077,28.03076],[-16.560825,28.030918],[-16.559455,28.031328],[-16.557638,28.031414],[-16.55528,28.031078],[-16.553182,28.030324],[-16.551855,28.029608],[-16.55182,28.029551],[-16.551961,28.029367],[-16.551908,28.029323],[-16.551666,28.029426],[-16.551505,28.029184],[-16.55166,28.028991],[-16.551738,28.027906],[-16.551686,28.02785],[-16.551404,28.028152],[-16.551283,28.028067],[-16.551462,28.027442],[-16.551423,28.027282],[-16.551162,28.027175],[-16.550924,28.026899],[-16.551001,28.026165],[-16.550992,28.026054],[-16.550894,28.02599],[-16.550709,28.026194],[-16.55061,28.026147],[-16.550484,28.02621],[-16.550157,28.025931],[-16.549849,28.025901],[-16.549484,28.02603],[-16.549377,28.025871],[-16.549279,28.025415],[-16.549072,28.025264],[-16.54834,28.025312],[-16.548117,28.025012],[-16.547967,28.025248],[-16.54784,28.025269],[-16.547706,28.025174],[-16.547686,28.025263],[-16.54755,28.025309],[-16.547457,28.025289],[-16.547355,28.025073],[-16.547166,28.024941],[-16.546892,28.025002],[-16.546984,28.024872],[-16.546909,28.024809],[-16.546445,28.024874],[-16.546447,28.025162],[-16.546211,28.025216],[-16.545905,28.025559],[-16.545773,28.025456],[-16.5457,28.025636],[-16.545437,28.025581],[-16.545351,28.025688],[-16.545402,28.025833],[-16.545167,28.026067],[-16.544963,28.026613],[-16.544785,28.026749],[-16.544697,28.026709],[-16.544507,28.026787],[-16.544378,28.026897],[-16.54435,28.027044],[-16.543595,28.027196],[-16.543557,28.027323],[-16.543635,28.027498],[-16.543162,28.028044],[-16.54311,28.028451],[-16.542886,28.028498],[-16.542818,28.02871],[-16.542576,28.028615],[-16.541828,28.028854],[-16.541649,28.028754],[-16.541219,28.028922],[-16.541178,28.029018],[-16.541317,28.029056],[-16.541351,28.029321],[-16.541242,28.02994],[-16.541292,28.030135],[-16.541118,28.030203],[-16.541047,28.03008],[-16.540461,28.030615],[-16.540531,28.03078],[-16.540712,28.030797],[-16.540684,28.030998],[-16.540567,28.031072],[-16.540453,28.030976],[-16.540212,28.031272],[-16.540005,28.031741],[-16.54004,28.032686],[-16.539845,28.032897],[-16.539592,28.032922],[-16.539534,28.033047],[-16.53973,28.033198],[-16.53991,28.033184],[-16.540625,28.033535],[-16.540647,28.033886],[-16.540992,28.034075],[-16.540995,28.034228],[-16.541096,28.034302],[-16.541118,28.034483],[-16.541003,28.034819],[-16.541041,28.035],[-16.541249,28.035213],[-16.541661,28.035173],[-16.54194,28.035336],[-16.542254,28.03534],[-16.542497,28.035498],[-16.542793,28.035886],[-16.54297,28.036398],[-16.542992,28.037391],[-16.542681,28.037637],[-16.542828,28.037698],[-16.542892,28.037816],[-16.542844,28.038372],[-16.542647,28.038775],[-16.542722,28.038957],[-16.54256,28.039696],[-16.542069,28.040824],[-16.54115,28.042171],[-16.540663,28.042621],[-16.540073,28.043028],[-16.538898,28.043657],[-16.538215,28.043836],[-16.537877,28.043661],[-16.537887,28.043809],[-16.537323,28.04399],[-16.536612,28.044107],[-16.536396,28.044095],[-16.536243,28.043911],[-16.535771,28.043706],[-16.534921,28.042822],[-16.534957,28.042634],[-16.535583,28.042172],[-16.53552,28.042107],[-16.53483,28.042615],[-16.534566,28.042547],[-16.53416,28.04273],[-16.533525,28.043297],[-16.533285,28.043766],[-16.533207,28.044302],[-16.533248,28.04499],[-16.533412,28.045236],[-16.533364,28.04562],[-16.533471,28.046021],[-16.533428,28.046208],[-16.533348,28.046226],[-16.533235,28.046447],[-16.533216,28.047338],[-16.533064,28.04776],[-16.532205,28.049063],[-16.5319,28.049188],[-16.531838,28.049457],[-16.531571,28.049709],[-16.531017,28.049979],[-16.530144,28.050178],[-16.529687,28.050211],[-16.52951,28.050178],[-16.529444,28.049752],[-16.52899,28.049458],[-16.528837,28.049453],[-16.528593,28.04961],[-16.528262,28.049487],[-16.527959,28.049765],[-16.527655,28.049784],[-16.527568,28.050089],[-16.527211,28.050303],[-16.526739,28.050106],[-16.526458,28.050282],[-16.526429,28.050135],[-16.526074,28.050141],[-16.525979,28.050263],[-16.525721,28.050196],[-16.525853,28.050321],[-16.52545,28.050523],[-16.525363,28.050898],[-16.525289,28.050846],[-16.525219,28.05094],[-16.525256,28.051073],[-16.52555,28.05118],[-16.525513,28.051428],[-16.525122,28.051425],[-16.524944,28.051567],[-16.52482,28.051452],[-16.524504,28.051568],[-16.524303,28.051888],[-16.524102,28.052004],[-16.523759,28.051885],[-16.523719,28.052086],[-16.523317,28.052265],[-16.523295,28.052386],[-16.5225,28.052772],[-16.522619,28.052869],[-16.522556,28.053186],[-16.522497,28.053077],[-16.522372,28.05319],[-16.522254,28.053152],[-16.522138,28.053226],[-16.522019,28.053544],[-16.52182,28.053713],[-16.521794,28.053903],[-16.521497,28.054111],[-16.521799,28.05454],[-16.521803,28.054807],[-16.522253,28.054933],[-16.522465,28.055297],[-16.52243,28.05542],[-16.522292,28.055618],[-16.521802,28.055539],[-16.521548,28.055921],[-16.521254,28.056061],[-16.521151,28.056247],[-16.521175,28.056375],[-16.521074,28.056482],[-16.521113,28.057028],[-16.520965,28.057112],[-16.521064,28.057225],[-16.521016,28.057294],[-16.521657,28.057679],[-16.521743,28.057887],[-16.521604,28.05825],[-16.521113,28.058599],[-16.521101,28.058487],[-16.520737,28.058934],[-16.520879,28.059034],[-16.520873,28.059114],[-16.520566,28.0595],[-16.520195,28.059502],[-16.520094,28.059818],[-16.51958,28.059846],[-16.519407,28.059967],[-16.51907,28.059993],[-16.518696,28.060194],[-16.517717,28.060288],[-16.516934,28.060165],[-16.516228,28.059908],[-16.515449,28.059292],[-16.515348,28.059788],[-16.515505,28.060032],[-16.515394,28.060239],[-16.515567,28.060324],[-16.515518,28.060544],[-16.516034,28.061073],[-16.515952,28.061255],[-16.515824,28.061312],[-16.515767,28.061512],[-16.515922,28.061767],[-16.515633,28.061958],[-16.515324,28.061761],[-16.515193,28.061788],[-16.514889,28.062095],[-16.514844,28.06224],[-16.514623,28.06239],[-16.514568,28.062732],[-16.514723,28.063075],[-16.514687,28.063167],[-16.514352,28.063061],[-16.514075,28.06311],[-16.513935,28.062991],[-16.513642,28.063217],[-16.513645,28.063296],[-16.513803,28.063397],[-16.514574,28.063715],[-16.514546,28.063871],[-16.514466,28.063923],[-16.513766,28.063784],[-16.513512,28.063871],[-16.513037,28.063818],[-16.513357,28.063923],[-16.513358,28.064089],[-16.512508,28.064336],[-16.512474,28.064557],[-16.512651,28.064755],[-16.512606,28.064808],[-16.512282,28.064687],[-16.512233,28.064857],[-16.512363,28.06503],[-16.511916,28.065269],[-16.511602,28.065284],[-16.511506,28.065078],[-16.511166,28.064902],[-16.511062,28.064877],[-16.511015,28.065002],[-16.510922,28.065006],[-16.510821,28.064773],[-16.510635,28.064662],[-16.510359,28.064786],[-16.51026,28.065299],[-16.509958,28.065104],[-16.509759,28.065099],[-16.509654,28.064976],[-16.509519,28.064998],[-16.509612,28.065221],[-16.509862,28.065379],[-16.509891,28.065697],[-16.509689,28.065974],[-16.509447,28.065974],[-16.509325,28.066103],[-16.509136,28.066161],[-16.5088,28.066025],[-16.508972,28.066374],[-16.508788,28.066583],[-16.508656,28.066637],[-16.508395,28.066569],[-16.50822,28.066777],[-16.507968,28.066754],[-16.50791,28.066867],[-16.507991,28.06689],[-16.507962,28.067131],[-16.507756,28.067019],[-16.5078,28.067154],[-16.507526,28.067065],[-16.507601,28.067248],[-16.507456,28.067592],[-16.507331,28.06757],[-16.507007,28.067738],[-16.506935,28.067653],[-16.506873,28.067729],[-16.506621,28.067677],[-16.506735,28.067871],[-16.50666,28.068152],[-16.506509,28.068226],[-16.506675,28.068633],[-16.506605,28.070441],[-16.506431,28.071475],[-16.506029,28.072769],[-16.505907,28.073005],[-16.50541,28.07297],[-16.505332,28.073021],[-16.505476,28.07327],[-16.505464,28.073469],[-16.504957,28.074572],[-16.504262,28.075569],[-16.503571,28.076393],[-16.50303,28.076896],[-16.502681,28.077118],[-16.5024,28.076994],[-16.501844,28.076993],[-16.501804,28.077127],[-16.501465,28.077329],[-16.500631,28.077611],[-16.500063,28.077632],[-16.49963,28.077423],[-16.498993,28.077688],[-16.498254,28.077769],[-16.49773,28.077744],[-16.497245,28.078026],[-16.496884,28.078387],[-16.495649,28.079251],[-16.495271,28.079026],[-16.495268,28.0789],[-16.495188,28.078863],[-16.495059,28.079004],[-16.494439,28.078831],[-16.494338,28.078914],[-16.49398,28.078602],[-16.4939,28.078611],[-16.493904,28.078734],[-16.49337,28.078927],[-16.493029,28.078898],[-16.492677,28.078621],[-16.49274,28.078748],[-16.492473,28.079142],[-16.492281,28.080253],[-16.492031,28.080614],[-16.491865,28.080565],[-16.491888,28.080761],[-16.491736,28.081352],[-16.491577,28.081582],[-16.49135,28.081741],[-16.491061,28.082341],[-16.491111,28.08274],[-16.491049,28.083131],[-16.490477,28.084414],[-16.490085,28.084926],[-16.490178,28.085137],[-16.490773,28.085308],[-16.491318,28.085324],[-16.491235,28.085511],[-16.491634,28.085638],[-16.491405,28.086108],[-16.490899,28.086006],[-16.49093,28.085951],[-16.490644,28.085603],[-16.490171,28.085438],[-16.489807,28.085541],[-16.489587,28.085486],[-16.489612,28.085093],[-16.489533,28.085082],[-16.489454,28.084916],[-16.489512,28.084782],[-16.489669,28.084732],[-16.489668,28.084612],[-16.489401,28.084594],[-16.48924,28.084834],[-16.489392,28.085767],[-16.489865,28.086675],[-16.490589,28.08738],[-16.491127,28.08748],[-16.491069,28.08784],[-16.490867,28.087934],[-16.490847,28.088445],[-16.490085,28.090009],[-16.489776,28.090292],[-16.489628,28.090269],[-16.489312,28.090409],[-16.488928,28.090346],[-16.489049,28.09047],[-16.489019,28.090613],[-16.48889,28.090723],[-16.488762,28.091053],[-16.488625,28.091103],[-16.488587,28.091264],[-16.488296,28.091596],[-16.487881,28.091541],[-16.487374,28.09179],[-16.487291,28.091956],[-16.486951,28.092129],[-16.486994,28.092223],[-16.486916,28.092381],[-16.486669,28.092594],[-16.485872,28.092941],[-16.485746,28.092949],[-16.485478,28.09281],[-16.485463,28.092948],[-16.484907,28.093207],[-16.484676,28.093018],[-16.484158,28.092975],[-16.484246,28.093254],[-16.482997,28.09429],[-16.482677,28.094416],[-16.482358,28.094656],[-16.481781,28.095285],[-16.482702,28.0977],[-16.48261,28.098432],[-16.482897,28.098687],[-16.483201,28.099256],[-16.483822,28.099839],[-16.484935,28.100594],[-16.485623,28.100717],[-16.486185,28.10105],[-16.486597,28.101636],[-16.486922,28.101917],[-16.486949,28.103859],[-16.48716,28.104532],[-16.487246,28.105145],[-16.48747,28.105578],[-16.488654,28.106],[-16.489415,28.106687],[-16.490049,28.107673],[-16.490443,28.108054],[-16.490581,28.108425],[-16.49056,28.108829],[-16.490746,28.109161],[-16.491841,28.110494],[-16.492315,28.110809],[-16.492724,28.111211],[-16.493278,28.112164],[-16.495116,28.112523],[-16.495311,28.112634],[-16.495566,28.113042],[-16.49717,28.113414],[-16.497261,28.113623],[-16.497186,28.114078],[-16.497618,28.114596],[-16.497512,28.114771],[-16.496998,28.115054],[-16.496766,28.115362],[-16.496653,28.115893],[-16.496938,28.116538],[-16.497367,28.116885],[-16.497907,28.117008],[-16.498179,28.117251],[-16.499211,28.117494],[-16.499926,28.117789],[-16.500119,28.118109],[-16.499849,28.118426],[-16.499947,28.11916],[-16.500531,28.119522],[-16.501173,28.11965],[-16.501201,28.119794],[-16.500962,28.120095],[-16.501075,28.120445],[-16.501481,28.120617],[-16.501913,28.120637],[-16.501863,28.12096],[-16.501928,28.121257],[-16.502034,28.121367],[-16.502594,28.121422],[-16.502819,28.121652],[-16.502993,28.122026],[-16.502937,28.122404],[-16.503102,28.122594],[-16.503407,28.122717],[-16.503831,28.122717],[-16.50403,28.122848],[-16.503886,28.123332],[-16.503537,28.123893],[-16.503612,28.124186],[-16.503793,28.124366],[-16.504057,28.124916],[-16.504439,28.125181],[-16.504509,28.125507],[-16.504408,28.125926],[-16.503968,28.126301],[-16.504011,28.126514],[-16.504431,28.126677],[-16.505105,28.126805],[-16.505309,28.126976],[-16.506409,28.127267],[-16.506961,28.127718],[-16.508057,28.128225],[-16.509926,28.12867],[-16.510562,28.129042],[-16.510952,28.129015],[-16.511547,28.129128],[-16.511745,28.129311],[-16.511675,28.129645],[-16.511908,28.130119],[-16.512055,28.130156],[-16.513845,28.12996],[-16.514032,28.129721],[-16.51426,28.129838],[-16.514476,28.129838],[-16.515847,28.129516],[-16.516021,28.129561],[-16.516512,28.129991],[-16.516829,28.130015],[-16.516918,28.129935],[-16.516965,28.129628],[-16.517274,28.129556],[-16.517501,28.129694],[-16.517857,28.130073],[-16.518609,28.130284],[-16.519246,28.130624],[-16.519544,28.131117],[-16.5198,28.1312],[-16.520135,28.131194],[-16.520153,28.131418],[-16.519919,28.131957],[-16.520476,28.132364],[-16.520693,28.132659],[-16.521523,28.132639],[-16.521578,28.132902],[-16.521489,28.133224],[-16.521614,28.133604],[-16.521765,28.133663],[-16.522469,28.133614],[-16.522546,28.133665],[-16.522774,28.134202],[-16.522546,28.134439],[-16.522555,28.134559],[-16.523111,28.135372],[-16.523208,28.135826],[-16.523595,28.136179],[-16.524212,28.136558],[-16.524582,28.136594],[-16.524789,28.136881],[-16.525203,28.136962],[-16.525243,28.137218],[-16.52546,28.137399],[-16.525531,28.137667],[-16.52582,28.137837],[-16.525638,28.138196],[-16.525693,28.138326],[-16.525614,28.138658],[-16.526282,28.139368],[-16.526104,28.139574],[-16.525854,28.139615],[-16.525685,28.139851],[-16.525954,28.140514],[-16.525741,28.14101],[-16.525595,28.141165],[-16.525929,28.141423],[-16.525998,28.141603],[-16.52633,28.141882],[-16.526436,28.142397],[-16.526272,28.142699],[-16.526194,28.143221],[-16.526153,28.143278],[-16.525864,28.14329],[-16.525776,28.143465],[-16.526222,28.144083],[-16.526423,28.144207],[-16.526787,28.144158],[-16.526985,28.144232],[-16.527155,28.144607],[-16.526911,28.14495],[-16.527312,28.145066],[-16.52784,28.145755],[-16.528285,28.145975],[-16.528427,28.146502],[-16.528222,28.146836],[-16.528251,28.146948],[-16.528643,28.147054],[-16.529029,28.147009],[-16.529124,28.147103],[-16.529101,28.14734],[-16.52961,28.147495],[-16.529625,28.147732],[-16.52948,28.148006],[-16.52953,28.148096],[-16.529995,28.148039],[-16.530369,28.147802],[-16.53074,28.148155],[-16.530697,28.148263],[-16.530376,28.148357],[-16.530261,28.148507],[-16.530655,28.149042],[-16.530783,28.149695],[-16.53096,28.149847],[-16.531324,28.149976],[-16.531384,28.150641],[-16.531828,28.1509],[-16.532217,28.151874],[-16.532589,28.152069],[-16.532781,28.152344],[-16.532794,28.152484],[-16.532667,28.152652],[-16.532694,28.152781],[-16.532818,28.152863],[-16.533161,28.152893],[-16.533691,28.153318],[-16.533953,28.153428],[-16.53452,28.154044],[-16.534625,28.154397],[-16.535239,28.154803],[-16.535285,28.155161],[-16.535208,28.155749],[-16.535592,28.155975],[-16.536626,28.156378],[-16.537101,28.156725],[-16.537908,28.157061],[-16.538154,28.157331],[-16.538339,28.157787],[-16.539127,28.1582],[-16.539393,28.158498],[-16.539517,28.158837],[-16.539818,28.15903],[-16.539896,28.159227],[-16.540909,28.159487],[-16.541466,28.159496],[-16.541362,28.160016],[-16.541423,28.160149],[-16.541948,28.160251],[-16.542101,28.160128],[-16.54209,28.159981],[-16.542434,28.159982],[-16.543064,28.160329],[-16.543244,28.160532],[-16.543351,28.160813],[-16.544069,28.161155],[-16.5444,28.161133],[-16.544799,28.16121],[-16.545812,28.161634],[-16.546121,28.161612],[-16.546147,28.161788],[-16.545975,28.162072],[-16.545985,28.162234],[-16.546241,28.162421],[-16.546532,28.162372],[-16.546605,28.162505],[-16.546369,28.163044],[-16.546381,28.163283],[-16.546994,28.163658],[-16.547329,28.163774],[-16.547439,28.163693],[-16.547467,28.16331],[-16.5476,28.163265],[-16.547977,28.1638],[-16.54843,28.164136],[-16.548965,28.164798],[-16.549819,28.16518],[-16.550405,28.165154],[-16.550729,28.165561],[-16.550875,28.165629],[-16.551813,28.165327],[-16.552018,28.16537],[-16.55215,28.16549],[-16.552133,28.165944],[-16.552306,28.166222],[-16.55206,28.166471],[-16.552043,28.166773],[-16.55183,28.166949],[-16.551785,28.167162],[-16.551949,28.167354],[-16.552289,28.16735],[-16.552419,28.167491],[-16.552455,28.167655],[-16.552332,28.168112],[-16.55334,28.168187],[-16.554043,28.168095],[-16.554376,28.168306],[-16.554999,28.168427],[-16.555809,28.168804],[-16.555991,28.168996],[-16.556024,28.16914],[-16.555734,28.169414],[-16.555248,28.169519],[-16.555144,28.170039],[-16.555254,28.170263],[-16.555816,28.170512],[-16.555973,28.170783],[-16.556039,28.171123],[-16.555897,28.171549],[-16.555982,28.171803],[-16.556155,28.171995],[-16.556394,28.171875],[-16.556612,28.171629],[-16.557081,28.171513],[-16.557591,28.171534],[-16.557844,28.171278],[-16.558019,28.171265],[-16.558305,28.171474],[-16.558616,28.172181],[-16.559378,28.172538],[-16.559357,28.172856],[-16.559499,28.173155],[-16.559311,28.173308],[-16.559247,28.173699],[-16.559858,28.174229],[-16.560469,28.174425],[-16.560848,28.17427],[-16.56121,28.174442],[-16.561229,28.174789],[-16.560882,28.175168],[-16.560824,28.175356],[-16.561001,28.175529],[-16.561306,28.175594],[-16.561686,28.175815],[-16.562033,28.176168],[-16.561852,28.176456],[-16.561929,28.176593],[-16.56245,28.177122],[-16.562747,28.177143],[-16.562937,28.17736],[-16.56329,28.177493],[-16.563987,28.17821],[-16.564087,28.17854],[-16.564038,28.178933],[-16.5645,28.179553],[-16.564486,28.179718],[-16.564124,28.180212],[-16.56413,28.180379],[-16.564431,28.180553],[-16.564826,28.180628],[-16.565317,28.18118],[-16.565043,28.181975],[-16.56504,28.182661],[-16.565387,28.183176],[-16.565776,28.183295],[-16.565939,28.183492],[-16.566957,28.183911],[-16.566986,28.184114],[-16.566902,28.184268],[-16.566344,28.184394],[-16.56628,28.18456],[-16.56584,28.185021],[-16.565876,28.18516],[-16.566084,28.185234],[-16.566366,28.185504],[-16.566796,28.186539],[-16.566845,28.186828],[-16.567063,28.187191],[-16.567169,28.187248],[-16.567829,28.187126],[-16.568145,28.18735],[-16.568925,28.187661],[-16.569274,28.187905],[-16.569446,28.18826],[-16.569494,28.188681],[-16.569832,28.189325],[-16.569787,28.189565],[-16.569622,28.189781],[-16.56972,28.190493],[-16.570154,28.19079],[-16.570276,28.190969],[-16.570272,28.191204],[-16.570073,28.191741],[-16.57042,28.191956],[-16.57085,28.192048],[-16.571719,28.192487],[-16.571664,28.192887],[-16.572173,28.192947],[-16.572307,28.193114],[-16.572357,28.193432],[-16.572939,28.193646],[-16.573297,28.194116],[-16.573555,28.194219],[-16.573643,28.194405],[-16.573668,28.19542],[-16.574121,28.196027],[-16.574207,28.196608],[-16.574394,28.196897]]]]}},{"type":"Feature","id":"38018","properties":{"cod_ine":"38018","nombre":"La Guancha","nombre_ine":"Guancha, La","nombre_shp":"La Guancha","area_km2":23.98,"partes":10,"partes_roque":9},"geometry":{"type":"MultiPolygon","coordinates":[[[[-16.667268,28.401999],[-16.667263,28.402093],[-16.667348,28.402128],[-16.667268,28.401999]]],[[[-16.673924,28.401286],[-16.673891,28.401414],[-16.67402,28.40151],[-16.674076,28.401453],[-16.673924,28.401286]]],[[[-16.674077,28.400986],[-16.674066,28.401101],[-16.674215,28.401197],[-16.674605,28.401232],[-16.674534,28.401121],[-16.674077,28.400986]]],[[[-16.677654,28.398317],[-16.677592,28.398334],[-16.677598,28.398482],[-16.677758,28.39857],[-16.677654,28.398317]]],[[[-16.669476,28.402019],[-16.669596,28.402147],[-16.669616,28.402094],[-16.669476,28.402019]]],[[[-16.661897,28.398731],[-16.662177,28.398742],[-16.662794,28.398952],[-16.663103,28.398817],[-16.663581,28.399037],[-16.663939,28.399477],[-16.664054,28.399877],[-16.664277,28.400248],[-16.664521,28.39991],[-16.664736,28.399876],[-16.665096,28.399511],[-16.665361,28.399915],[-16.66563,28.399813],[-16.665696,28.399601],[-16.665628,28.39928],[-16.6655,28.399113],[-16.665837,28.399059],[-16.666038,28.399248],[-16.666563,28.400563],[-16.666948,28.400886],[-16.667026,28.401142],[-16.667219,28.401244],[-16.66735,28.401151],[-16.667509,28.401197],[-16.667666,28.400931],[-16.667701,28.400721],[-16.66759,28.400566],[-16.667522,28.400052],[-16.667582,28.39986],[-16.66794,28.399851],[-16.668101,28.399983],[-16.668293,28.400573],[-16.668502,28.400791],[-16.668494,28.401017],[-16.66912,28.401115],[-16.669539,28.400948],[-16.669587,28.400872],[-16.669406,28.400834],[-16.669682,28.400671],[-16.669476,28.400626],[-16.669937,28.400376],[-16.669942,28.400263],[-16.670096,28.400146],[-16.67001,28.400016],[-16.670105,28.399906],[-16.670377,28.399855],[-16.670207,28.3997],[-16.670357,28.39919],[-16.670619,28.399001],[-16.670898,28.398983],[-16.671196,28.399241],[-16.670967,28.399638],[-16.671303,28.399773],[-16.671227,28.40006],[-16.671521,28.400486],[-16.671662,28.400458],[-16.671842,28.400228],[-16.672065,28.400266],[-16.672379,28.400504],[-16.672283,28.400575],[-16.672341,28.400732],[-16.672564,28.400582],[-16.672669,28.400743],[-16.672869,28.400788],[-16.672927,28.400898],[-16.672805,28.400901],[-16.672779,28.400973],[-16.672866,28.401217],[-16.673156,28.401368],[-16.673343,28.401532],[-16.673353,28.401626],[-16.673501,28.401601],[-16.67378,28.401855],[-16.673907,28.40181],[-16.674199,28.402043],[-16.674223,28.401756],[-16.673762,28.401592],[-16.673004,28.401025],[-16.673031,28.400952],[-16.67322,28.401118],[-16.67353,28.401208],[-16.673183,28.400903],[-16.673252,28.400824],[-16.673129,28.400765],[-16.67316,28.40071],[-16.673618,28.400806],[-16.673792,28.40097],[-16.673828,28.401151],[-16.673924,28.401166],[-16.673889,28.400719],[-16.673964,28.40072],[-16.674222,28.401012],[-16.674476,28.401018],[-16.674694,28.401194],[-16.675379,28.400784],[-16.675425,28.400557],[-16.675104,28.400339],[-16.675194,28.400131],[-16.674657,28.400066],[-16.674706,28.399723],[-16.67433,28.399318],[-16.674293,28.399096],[-16.673945,28.398678],[-16.673903,28.398431],[-16.67357,28.398178],[-16.673511,28.397942],[-16.673696,28.397839],[-16.674092,28.39792],[-16.675246,28.398593],[-16.675608,28.399094],[-16.675955,28.399044],[-16.676011,28.398769],[-16.675738,28.3988],[-16.675514,28.398504],[-16.675811,28.398689],[-16.6767,28.398718],[-16.676762,28.39863],[-16.676712,28.398428],[-16.675917,28.398364],[-16.676831,28.398342],[-16.676859,28.398278],[-16.676727,28.398163],[-16.676976,28.398178],[-16.676961,28.397982],[-16.676854,28.397947],[-16.676943,28.39789],[-16.676969,28.397741],[-16.676767,28.397509],[-16.676315,28.397255],[-16.676134,28.397268],[-16.675602,28.396934],[-16.675576,28.396674],[-16.675856,28.396635],[-16.676605,28.396945],[-16.676741,28.396909],[-16.677047,28.397023],[-16.677342,28.397034],[-16.677366,28.396457],[-16.677283,28.396319],[-16.676954,28.396037],[-16.676085,28.395891],[-16.675854,28.395663],[-16.675815,28.395607],[-16.675954,28.395332],[-16.675789,28.395135],[-16.675842,28.394953],[-16.675522,28.394569],[-16.675507,28.394388],[-16.675664,28.394117],[-16.676098,28.393712],[-16.676536,28.393115],[-16.676803,28.392962],[-16.677407,28.392869],[-16.677464,28.392629],[-16.677795,28.392366],[-16.6782,28.392319],[-16.678904,28.391987],[-16.679244,28.391906],[-16.67963,28.391521],[-16.680294,28.391112],[-16.680699,28.390653],[-16.681045,28.390495],[-16.68143,28.390434],[-16.681857,28.390471],[-16.683051,28.390858],[-16.683445,28.390917],[-16.683515,28.391159],[-16.683764,28.391123],[-16.683948,28.391295],[-16.684258,28.391332],[-16.684287,28.3911],[-16.683936,28.390504],[-16.683256,28.389965],[-16.683185,28.389785],[-16.683248,28.389437],[-16.683175,28.389122],[-16.682592,28.38829],[-16.681904,28.387818],[-16.681584,28.387704],[-16.6813,28.387703],[-16.681107,28.387588],[-16.680635,28.387581],[-16.680351,28.387426],[-16.67894,28.383944],[-16.678263,28.383314],[-16.676531,28.382543],[-16.675805,28.381636],[-16.675021,28.381039],[-16.674713,28.380603],[-16.674156,28.379419],[-16.673599,28.37885],[-16.673288,28.378229],[-16.673197,28.377668],[-16.673013,28.377398],[-16.672972,28.377118],[-16.673098,28.376643],[-16.673271,28.376377],[-16.673333,28.375604],[-16.673629,28.374987],[-16.673524,28.374549],[-16.673181,28.374217],[-16.671981,28.373446],[-16.67173,28.372966],[-16.671692,28.372583],[-16.670588,28.371837],[-16.670401,28.370866],[-16.670241,28.370688],[-16.669669,28.370535],[-16.669534,28.370595],[-16.669104,28.370418],[-16.668838,28.370421],[-16.66854,28.370201],[-16.668084,28.369435],[-16.668024,28.369061],[-16.667576,28.368688],[-16.66739,28.368162],[-16.667179,28.367916],[-16.666253,28.367831],[-16.665611,28.36752],[-16.665241,28.36706],[-16.665071,28.366952],[-16.664454,28.366993],[-16.66372,28.366808],[-16.663641,28.366288],[-16.663506,28.366247],[-16.663314,28.365926],[-16.663052,28.365169],[-16.662107,28.36429],[-16.661782,28.363398],[-16.661826,28.362738],[-16.661692,28.362255],[-16.661682,28.361515],[-16.661526,28.360818],[-16.660924,28.359677],[-16.660551,28.359144],[-16.659855,28.358435],[-16.659778,28.358021],[-16.659377,28.357606],[-16.659308,28.357183],[-16.659401,28.356306],[-16.658996,28.3554],[-16.658428,28.354669],[-16.657621,28.35402],[-16.657265,28.353104],[-16.656295,28.352217],[-16.656019,28.351623],[-16.655899,28.35113],[-16.655975,28.350712],[-16.656656,28.349794],[-16.656897,28.349065],[-16.656751,28.348121],[-16.656854,28.347527],[-16.656657,28.347101],[-16.656426,28.346747],[-16.656106,28.345984],[-16.655732,28.345711],[-16.654946,28.344858],[-16.654966,28.344497],[-16.654894,28.344383],[-16.654059,28.343951],[-16.653927,28.343206],[-16.653599,28.342892],[-16.653224,28.342862],[-16.653082,28.342629],[-16.653025,28.342091],[-16.652768,28.341634],[-16.652572,28.341442],[-16.652156,28.341269],[-16.651619,28.341194],[-16.650633,28.340777],[-16.64986,28.340602],[-16.649568,28.340366],[-16.649411,28.339917],[-16.648451,28.339168],[-16.648113,28.339041],[-16.647319,28.338949],[-16.647072,28.338842],[-16.646873,28.338553],[-16.646689,28.338424],[-16.645936,28.338278],[-16.645904,28.338091],[-16.64538,28.337619],[-16.644791,28.336631],[-16.644147,28.336057],[-16.643976,28.335747],[-16.643945,28.335405],[-16.644182,28.333658],[-16.644006,28.333376],[-16.643476,28.333215],[-16.643311,28.332976],[-16.642936,28.332089],[-16.643237,28.331808],[-16.643189,28.331409],[-16.642925,28.330952],[-16.642846,28.330509],[-16.642573,28.329919],[-16.642066,28.329611],[-16.641875,28.329338],[-16.641992,28.329077],[-16.641943,28.328606],[-16.641769,28.328128],[-16.641318,28.327283],[-16.640581,28.326752],[-16.64028,28.32637],[-16.639771,28.326126],[-16.63923,28.325354],[-16.639041,28.324555],[-16.639151,28.324274],[-16.639464,28.324088],[-16.639597,28.323887],[-16.6396,28.323118],[-16.639367,28.322877],[-16.639157,28.322417],[-16.638695,28.322028],[-16.638659,28.321437],[-16.638199,28.321066],[-16.637798,28.320929],[-16.637557,28.320649],[-16.637322,28.320129],[-16.63675,28.319714],[-16.6362,28.319741],[-16.635875,28.319311],[-16.6357,28.319313],[-16.634827,28.318559],[-16.63444,28.317751],[-16.634692,28.31665],[-16.634648,28.316463],[-16.63422,28.316267],[-16.634101,28.316054],[-16.63383,28.315816],[-16.633744,28.315474],[-16.633302,28.315082],[-16.633451,28.314022],[-16.633359,28.313437],[-16.633252,28.313292],[-16.633269,28.313113],[-16.633074,28.312583],[-16.633226,28.312457],[-16.633484,28.31201],[-16.633427,28.311665],[-16.633949,28.31142],[-16.634028,28.310974],[-16.634217,28.310791],[-16.633831,28.310072],[-16.633743,28.309572],[-16.633367,28.309358],[-16.633504,28.308505],[-16.633596,28.308346],[-16.633904,28.308115],[-16.63394,28.30772],[-16.633198,28.30737],[-16.63294,28.306549],[-16.633019,28.306296],[-16.632754,28.30525],[-16.632796,28.304836],[-16.63269,28.304497],[-16.632721,28.304264],[-16.641008,28.298845],[-16.607651,28.306728],[-16.62917,28.34125],[-16.629867,28.341855],[-16.630725,28.342835],[-16.630957,28.344082],[-16.631693,28.344778],[-16.631813,28.345139],[-16.631875,28.346732],[-16.6346,28.354393],[-16.635122,28.356245],[-16.635409,28.356756],[-16.636589,28.3582],[-16.636605,28.358389],[-16.637283,28.358676],[-16.637424,28.358801],[-16.63767,28.359712],[-16.638092,28.359987],[-16.638421,28.360723],[-16.638804,28.361007],[-16.639498,28.362639],[-16.639992,28.363337],[-16.641134,28.364318],[-16.642666,28.365407],[-16.64287,28.366438],[-16.64287,28.366982],[-16.642983,28.36726],[-16.642874,28.367571],[-16.642966,28.367827],[-16.643099,28.367909],[-16.64354,28.367955],[-16.644183,28.36825],[-16.644849,28.368307],[-16.645052,28.368476],[-16.64519,28.368732],[-16.645609,28.368756],[-16.645884,28.368913],[-16.646248,28.369362],[-16.646752,28.369609],[-16.646882,28.369966],[-16.647095,28.370225],[-16.647663,28.370552],[-16.647808,28.370796],[-16.648519,28.371494],[-16.648676,28.372595],[-16.649117,28.373339],[-16.649255,28.374806],[-16.649133,28.375171],[-16.649088,28.375744],[-16.649004,28.375892],[-16.648684,28.375986],[-16.648445,28.376246],[-16.648454,28.376986],[-16.649079,28.377942],[-16.649552,28.378277],[-16.649679,28.379047],[-16.650163,28.379774],[-16.650209,28.380624],[-16.650471,28.381706],[-16.650485,28.382282],[-16.650956,28.382973],[-16.652085,28.383833],[-16.652442,28.384205],[-16.652569,28.384456],[-16.65324,28.385037],[-16.653503,28.3856],[-16.654048,28.385997],[-16.65435,28.386068],[-16.654539,28.386993],[-16.655118,28.387832],[-16.655358,28.388055],[-16.655265,28.388473],[-16.655382,28.388677],[-16.655038,28.389112],[-16.653645,28.390273],[-16.653482,28.390483],[-16.653283,28.391135],[-16.652938,28.391446],[-16.652957,28.391913],[-16.652485,28.392607],[-16.652641,28.393216],[-16.652474,28.394109],[-16.652192,28.394934],[-16.652187,28.395293],[-16.652286,28.395558],[-16.65247,28.395807],[-16.653058,28.395863],[-16.653394,28.396105],[-16.653974,28.396254],[-16.654004,28.396467],[-16.654915,28.397027],[-16.655097,28.397331],[-16.655341,28.397319],[-16.655765,28.397583],[-16.655836,28.398182],[-16.656357,28.39865],[-16.656642,28.399086],[-16.656567,28.399227],[-16.656664,28.399347],[-16.657112,28.399322],[-16.657313,28.399148],[-16.657679,28.399091],[-16.65793,28.399555],[-16.657819,28.399882],[-16.657815,28.400571],[-16.657959,28.40126],[-16.658108,28.401546],[-16.658316,28.401547],[-16.658427,28.401295],[-16.658588,28.401178],[-16.658712,28.400955],[-16.658673,28.400804],[-16.658758,28.400605],[-16.658948,28.400383],[-16.659171,28.40094],[-16.659495,28.400984],[-16.659921,28.401511],[-16.659999,28.401459],[-16.660079,28.40101],[-16.660203,28.400899],[-16.66018,28.400524],[-16.660517,28.401298],[-16.660802,28.401273],[-16.660997,28.400681],[-16.661653,28.399757],[-16.661423,28.398823],[-16.661897,28.398731]]],[[[-16.669251,28.401691],[-16.669284,28.401781],[-16.669378,28.401738],[-16.669251,28.401691]]],[[[-16.669771,28.401581],[-16.669656,28.401647],[-16.669911,28.401665],[-16.66996,28.4016],[-16.669771,28.401581]]],[[[-16.669155,28.401267],[-16.668908,28.401388],[-16.668646,28.401352],[-16.668656,28.401436],[-16.668852,28.401561],[-16.66946,28.401409],[-16.669155,28.401267]]],[[[-16.670158,28.40036],[-16.670147,28.4007],[-16.670254,28.400548],[-16.670158,28.40036]]]]}},{"type":"Feature","id":"38019","properties":{"cod_ine":"38019","nombre":"Guía de Isora","nombre_ine":"Guía de Isora","nombre_shp":"Guia de Isora","area_km2":146.46,"partes":13,"partes_roque":12},"geometry":{"type":"MultiPolygon","coordinates":[[[[-16.680818,28.212782],[-16.683865,28.249456],[-16.679322,28.268818],[-16.700686,28.267967],[-16.746952,28.273698],[-16.77704,28.273951],[-16.795515,28.26466],[-16.808617,28.256006],[-16.840371,28.226651],[-16.84025,28.226547],[-16.840332,28.226083],[-16.840125,28.226119],[-16.839698,28.226475],[-16.83938,28.226322],[-16.839538,28.226014],[-16.839308,28.225928],[-16.839173,28.225668],[-16.838939,28.225539],[-16.838919,28.225439],[-16.838726,28.225385],[-16.838727,28.225063],[-16.838892,28.224823],[-16.838929,28.22454],[-16.838853,28.224432],[-16.838424,28.224238],[-16.838473,28.223899],[-16.838646,28.223646],[-16.838572,28.223548],[-16.838602,28.223407],[-16.838952,28.2233],[-16.839261,28.223085],[-16.839871,28.222233],[-16.840004,28.221406],[-16.839881,28.221283],[-16.839791,28.221389],[-16.839516,28.220813],[-16.839554,28.220673],[-16.839689,28.220707],[-16.839833,28.220603],[-16.839801,28.220463],[-16.839591,28.22025],[-16.83963,28.220067],[-16.839246,28.220058],[-16.839062,28.219666],[-16.838445,28.21891],[-16.838194,28.218953],[-16.838104,28.218799],[-16.83776,28.218632],[-16.837192,28.218541],[-16.836953,28.218218],[-16.837093,28.217997],[-16.836852,28.217985],[-16.836897,28.217809],[-16.83651,28.217784],[-16.836534,28.217621],[-16.836721,28.217538],[-16.836381,28.217486],[-16.83633,28.217419],[-16.836386,28.217254],[-16.836726,28.217212],[-16.836771,28.216592],[-16.837097,28.216417],[-16.836975,28.215935],[-16.83701,28.215468],[-16.836868,28.21512],[-16.837023,28.214859],[-16.836766,28.214767],[-16.836574,28.214821],[-16.83668,28.214276],[-16.836516,28.214129],[-16.836544,28.213749],[-16.836671,28.213586],[-16.837247,28.213225],[-16.837397,28.213263],[-16.837495,28.213437],[-16.837945,28.213354],[-16.838029,28.21323],[-16.838007,28.212959],[-16.838344,28.21272],[-16.83849,28.212484],[-16.838153,28.212347],[-16.838555,28.212202],[-16.837632,28.212013],[-16.837404,28.211885],[-16.837035,28.211045],[-16.836871,28.210983],[-16.836855,28.210748],[-16.836721,28.210663],[-16.836428,28.210633],[-16.836264,28.210355],[-16.836082,28.210258],[-16.836091,28.210068],[-16.8363,28.209926],[-16.836166,28.209702],[-16.836375,28.209369],[-16.836858,28.209262],[-16.836914,28.209187],[-16.836624,28.208437],[-16.83634,28.208322],[-16.836383,28.20807],[-16.836611,28.208123],[-16.836771,28.208003],[-16.836793,28.207815],[-16.836934,28.208015],[-16.836982,28.207806],[-16.837091,28.207865],[-16.837508,28.207707],[-16.837543,28.207574],[-16.837353,28.20725],[-16.837066,28.207071],[-16.836723,28.207072],[-16.836525,28.206742],[-16.836389,28.206745],[-16.83643,28.206877],[-16.836213,28.206856],[-16.836089,28.20679],[-16.83615,28.206679],[-16.836091,28.206615],[-16.835642,28.206673],[-16.835477,28.20646],[-16.835184,28.206462],[-16.835091,28.206535],[-16.834875,28.206401],[-16.834752,28.206187],[-16.834747,28.205895],[-16.835009,28.205881],[-16.835072,28.205791],[-16.834614,28.204561],[-16.834505,28.204549],[-16.834318,28.204204],[-16.834176,28.204119],[-16.834088,28.204233],[-16.833955,28.204139],[-16.833906,28.204469],[-16.833838,28.204472],[-16.833733,28.204105],[-16.833851,28.20361],[-16.833733,28.203245],[-16.834033,28.202593],[-16.83369,28.202554],[-16.833518,28.202025],[-16.833332,28.20186],[-16.833259,28.201992],[-16.833061,28.201723],[-16.83285,28.201605],[-16.83267,28.201957],[-16.832391,28.201625],[-16.832303,28.201697],[-16.832244,28.20166],[-16.832162,28.20177],[-16.831938,28.201289],[-16.832117,28.201153],[-16.83214,28.200992],[-16.831737,28.200868],[-16.831983,28.200719],[-16.83195,28.200634],[-16.831832,28.20061],[-16.831743,28.200697],[-16.831625,28.200635],[-16.831437,28.200771],[-16.83128,28.200766],[-16.831173,28.200668],[-16.830923,28.20094],[-16.830708,28.200858],[-16.83029,28.200888],[-16.830103,28.200993],[-16.830057,28.201127],[-16.829623,28.20107],[-16.829533,28.201215],[-16.82947,28.20119],[-16.829571,28.201036],[-16.829364,28.200919],[-16.829189,28.200638],[-16.828847,28.200582],[-16.82869,28.200449],[-16.828426,28.199936],[-16.828542,28.199821],[-16.82906,28.199694],[-16.829145,28.19954],[-16.828991,28.199511],[-16.828583,28.199646],[-16.828468,28.199811],[-16.828355,28.199738],[-16.828339,28.199871],[-16.82804,28.199744],[-16.827954,28.199473],[-16.82819,28.199232],[-16.828308,28.199293],[-16.828496,28.199133],[-16.828388,28.199059],[-16.828615,28.198792],[-16.828686,28.198467],[-16.82856,28.198479],[-16.828469,28.19826],[-16.828219,28.198156],[-16.828036,28.197898],[-16.827958,28.197616],[-16.828071,28.197502],[-16.827995,28.197373],[-16.828124,28.197237],[-16.828016,28.196941],[-16.827641,28.19682],[-16.827601,28.196936],[-16.827397,28.19694],[-16.827317,28.196844],[-16.827361,28.196671],[-16.827281,28.19667],[-16.827213,28.196783],[-16.827111,28.19677],[-16.826881,28.196524],[-16.826843,28.196283],[-16.826927,28.196106],[-16.827135,28.195891],[-16.82734,28.195845],[-16.827353,28.195678],[-16.827538,28.195621],[-16.827183,28.195464],[-16.826947,28.195569],[-16.826777,28.195499],[-16.826685,28.195559],[-16.826527,28.195376],[-16.82648,28.195136],[-16.827031,28.194168],[-16.827452,28.194057],[-16.827827,28.19414],[-16.827583,28.193902],[-16.827746,28.193827],[-16.827935,28.193842],[-16.827676,28.193801],[-16.82789,28.193601],[-16.82763,28.193459],[-16.827318,28.193519],[-16.827248,28.193477],[-16.827124,28.193325],[-16.827339,28.193124],[-16.827118,28.193147],[-16.82721,28.192996],[-16.826659,28.19303],[-16.827073,28.192725],[-16.827267,28.192684],[-16.826932,28.192604],[-16.826724,28.192687],[-16.826719,28.192575],[-16.827057,28.192313],[-16.826338,28.192502],[-16.826143,28.192386],[-16.825949,28.19214],[-16.826222,28.191756],[-16.825825,28.19179],[-16.825679,28.191727],[-16.826012,28.191545],[-16.82581,28.191595],[-16.825616,28.191473],[-16.825329,28.19152],[-16.825264,28.191433],[-16.825365,28.191318],[-16.825012,28.191274],[-16.824524,28.190937],[-16.823761,28.190919],[-16.823479,28.19059],[-16.823577,28.190405],[-16.823397,28.190367],[-16.823354,28.189972],[-16.823419,28.189782],[-16.823629,28.18959],[-16.82369,28.189254],[-16.823565,28.189203],[-16.823468,28.189013],[-16.823087,28.189058],[-16.823061,28.189008],[-16.823271,28.188841],[-16.823486,28.188797],[-16.823528,28.188699],[-16.823473,28.188647],[-16.82322,28.188697],[-16.823016,28.188602],[-16.823305,28.18841],[-16.822982,28.188313],[-16.822892,28.188118],[-16.822671,28.188105],[-16.822432,28.187904],[-16.822591,28.18764],[-16.82259,28.1874],[-16.822164,28.187342],[-16.822015,28.187077],[-16.821876,28.1872],[-16.821859,28.186968],[-16.821711,28.18696],[-16.821625,28.186686],[-16.821466,28.18662],[-16.820959,28.185659],[-16.820952,28.185434],[-16.821299,28.185058],[-16.821356,28.184796],[-16.821191,28.184438],[-16.821061,28.184326],[-16.821079,28.184141],[-16.820955,28.18403],[-16.82114,28.183808],[-16.820337,28.183746],[-16.820669,28.183655],[-16.820633,28.183519],[-16.820407,28.183405],[-16.820405,28.183116],[-16.820321,28.182947],[-16.820564,28.182804],[-16.820597,28.182446],[-16.820264,28.18209],[-16.820116,28.182062],[-16.820074,28.182318],[-16.81992,28.182298],[-16.819514,28.182145],[-16.819215,28.181823],[-16.819313,28.181641],[-16.819636,28.181576],[-16.81964,28.181265],[-16.81991,28.180926],[-16.819853,28.180776],[-16.819566,28.180596],[-16.819312,28.180578],[-16.819248,28.180318],[-16.819011,28.180374],[-16.819015,28.180059],[-16.818609,28.180066],[-16.818232,28.179725],[-16.817729,28.179761],[-16.817507,28.179645],[-16.81727,28.179719],[-16.816632,28.179728],[-16.81633,28.179645],[-16.814861,28.178447],[-16.814277,28.178141],[-16.814065,28.178315],[-16.815512,28.179531],[-16.814925,28.180025],[-16.815082,28.180258],[-16.81453,28.180504],[-16.814344,28.180112],[-16.813844,28.180112],[-16.81305,28.179799],[-16.812459,28.179474],[-16.812029,28.179097],[-16.811965,28.178949],[-16.811844,28.178928],[-16.811625,28.178733],[-16.810899,28.177855],[-16.810129,28.176805],[-16.81002,28.176334],[-16.810094,28.176241],[-16.809129,28.176033],[-16.808773,28.175718],[-16.808639,28.175952],[-16.808413,28.175894],[-16.808376,28.175584],[-16.807862,28.175443],[-16.807775,28.175343],[-16.808002,28.175078],[-16.807978,28.174897],[-16.807805,28.175015],[-16.807775,28.174958],[-16.807966,28.174684],[-16.807984,28.174523],[-16.806929,28.174505],[-16.806999,28.174072],[-16.807224,28.174039],[-16.807452,28.173874],[-16.80763,28.173605],[-16.807938,28.173535],[-16.808381,28.173573],[-16.808355,28.173402],[-16.808107,28.173251],[-16.807749,28.173272],[-16.807453,28.173167],[-16.807485,28.173016],[-16.807854,28.17305],[-16.807815,28.172815],[-16.807601,28.172681],[-16.807797,28.172577],[-16.807857,28.172375],[-16.807506,28.172267],[-16.807351,28.172291],[-16.807177,28.172427],[-16.807016,28.172419],[-16.806808,28.172147],[-16.806589,28.172034],[-16.805825,28.172287],[-16.80547,28.171428],[-16.805509,28.171321],[-16.805786,28.171248],[-16.805524,28.171094],[-16.805694,28.170796],[-16.805438,28.170691],[-16.80502,28.170761],[-16.804848,28.170724],[-16.80463,28.170608],[-16.804566,28.170414],[-16.80444,28.17043],[-16.804529,28.170142],[-16.805242,28.169353],[-16.805201,28.169274],[-16.804957,28.169198],[-16.805096,28.168934],[-16.804933,28.168852],[-16.804942,28.168775],[-16.805873,28.168388],[-16.806413,28.168252],[-16.807136,28.168271],[-16.806952,28.168173],[-16.806264,28.168079],[-16.806444,28.167943],[-16.806371,28.167889],[-16.805935,28.167914],[-16.805722,28.16781],[-16.805466,28.167884],[-16.805238,28.167705],[-16.805195,28.167457],[-16.805343,28.167218],[-16.80534,28.16686],[-16.805589,28.166497],[-16.805387,28.166187],[-16.805591,28.165979],[-16.805662,28.165786],[-16.805355,28.165111],[-16.805414,28.164864],[-16.805586,28.164646],[-16.805567,28.164243],[-16.805454,28.164195],[-16.805413,28.164076],[-16.805553,28.16378],[-16.806056,28.163152],[-16.805818,28.162783],[-16.805792,28.162606],[-16.805685,28.162566],[-16.805507,28.162104],[-16.805023,28.161635],[-16.804729,28.16159],[-16.804663,28.161408],[-16.804724,28.161245],[-16.804686,28.161039],[-16.804849,28.16067],[-16.804649,28.160604],[-16.804612,28.160366],[-16.804162,28.159867],[-16.803952,28.159312],[-16.803959,28.158968],[-16.803671,28.158676],[-16.804044,28.158147],[-16.804177,28.158072],[-16.804158,28.157916],[-16.804294,28.157762],[-16.803927,28.157562],[-16.803725,28.157251],[-16.803375,28.157123],[-16.803332,28.157049],[-16.803555,28.156644],[-16.802904,28.156622],[-16.802108,28.156739],[-16.801877,28.156336],[-16.801611,28.15647],[-16.801221,28.157233],[-16.800786,28.157402],[-16.800019,28.157367],[-16.798723,28.157629],[-16.798329,28.158174],[-16.797843,28.158541],[-16.79755,28.158378],[-16.797079,28.158517],[-16.79651,28.158326],[-16.796277,28.158323],[-16.795791,28.158683],[-16.795632,28.159188],[-16.795437,28.159477],[-16.794788,28.159804],[-16.794453,28.159734],[-16.794344,28.159772],[-16.793526,28.160297],[-16.79279,28.160588],[-16.792118,28.16046],[-16.791301,28.160454],[-16.790438,28.160163],[-16.789809,28.160318],[-16.789591,28.160522],[-16.789349,28.16057],[-16.788778,28.160422],[-16.788423,28.160208],[-16.788032,28.160253],[-16.786812,28.160876],[-16.786393,28.160821],[-16.786083,28.160944],[-16.785897,28.161107],[-16.785477,28.161232],[-16.784879,28.161233],[-16.784697,28.161351],[-16.784451,28.161778],[-16.784332,28.161766],[-16.784026,28.161515],[-16.783813,28.161504],[-16.783686,28.16156],[-16.783359,28.162036],[-16.783184,28.162144],[-16.782354,28.162286],[-16.781966,28.162198],[-16.781546,28.162576],[-16.781306,28.162697],[-16.780774,28.162861],[-16.780473,28.162845],[-16.780198,28.162921],[-16.779609,28.163407],[-16.77908,28.163585],[-16.778762,28.164063],[-16.778464,28.164026],[-16.778321,28.163717],[-16.77805,28.163621],[-16.77745,28.163785],[-16.777125,28.164062],[-16.776971,28.164025],[-16.776796,28.163834],[-16.776358,28.163824],[-16.776047,28.163185],[-16.775769,28.163028],[-16.775377,28.163008],[-16.774135,28.1632],[-16.773856,28.162969],[-16.773692,28.162971],[-16.773279,28.163155],[-16.772914,28.163216],[-16.772792,28.163297],[-16.772546,28.163798],[-16.772216,28.16387],[-16.771983,28.163858],[-16.771825,28.16363],[-16.771593,28.163468],[-16.771409,28.163475],[-16.770779,28.163794],[-16.770587,28.163763],[-16.770381,28.163477],[-16.769991,28.163473],[-16.769455,28.163854],[-16.769035,28.163796],[-16.768867,28.163934],[-16.768775,28.164346],[-16.768587,28.164592],[-16.767949,28.164706],[-16.767691,28.16496],[-16.766324,28.165018],[-16.76496,28.16479],[-16.764794,28.16488],[-16.764636,28.165103],[-16.764738,28.165479],[-16.764687,28.165542],[-16.764152,28.165531],[-16.763711,28.165332],[-16.76321,28.165361],[-16.762501,28.165882],[-16.762267,28.166156],[-16.762124,28.166557],[-16.761963,28.16669],[-16.761634,28.166732],[-16.761223,28.166505],[-16.760887,28.166566],[-16.76067,28.166725],[-16.760188,28.166699],[-16.760121,28.166792],[-16.760161,28.167212],[-16.759991,28.167446],[-16.759786,28.167541],[-16.75952,28.167497],[-16.75887,28.167174],[-16.758398,28.16709],[-16.758163,28.167095],[-16.757638,28.167271],[-16.757489,28.167422],[-16.757261,28.16807],[-16.756988,28.168047],[-16.756808,28.16783],[-16.756855,28.167184],[-16.756692,28.167064],[-16.756186,28.167418],[-16.755257,28.167751],[-16.754816,28.167592],[-16.754355,28.167234],[-16.754009,28.167173],[-16.753713,28.167242],[-16.753326,28.167545],[-16.753214,28.167538],[-16.752913,28.167336],[-16.752722,28.167018],[-16.752199,28.166892],[-16.751726,28.167031],[-16.751317,28.167251],[-16.751094,28.167276],[-16.750451,28.167237],[-16.75003,28.167118],[-16.749668,28.167172],[-16.749465,28.167256],[-16.749218,28.167548],[-16.748985,28.168104],[-16.748754,28.168197],[-16.747862,28.167714],[-16.747232,28.167689],[-16.746927,28.167817],[-16.746285,28.168427],[-16.746019,28.168995],[-16.745707,28.169269],[-16.745131,28.169335],[-16.744943,28.169238],[-16.74418,28.169223],[-16.743987,28.169415],[-16.744068,28.169827],[-16.743739,28.170177],[-16.743228,28.170242],[-16.742692,28.170488],[-16.741792,28.170339],[-16.741355,28.17036],[-16.74111,28.170751],[-16.740853,28.170935],[-16.739838,28.171424],[-16.739325,28.171893],[-16.739046,28.171937],[-16.738672,28.172468],[-16.738487,28.172497],[-16.73816,28.172341],[-16.737958,28.172355],[-16.737247,28.172669],[-16.736068,28.173482],[-16.735639,28.173391],[-16.735448,28.173445],[-16.735273,28.173596],[-16.735183,28.17438],[-16.734843,28.174639],[-16.734572,28.174593],[-16.733909,28.174906],[-16.733746,28.175281],[-16.733422,28.1754],[-16.732263,28.175311],[-16.731979,28.175571],[-16.731955,28.17577],[-16.731852,28.175848],[-16.73067,28.175965],[-16.72985,28.176199],[-16.72971,28.176209],[-16.729099,28.17582],[-16.728903,28.175807],[-16.728685,28.17645],[-16.728435,28.176794],[-16.727918,28.177031],[-16.727674,28.17691],[-16.727026,28.176963],[-16.726957,28.177117],[-16.727048,28.177385],[-16.727013,28.177685],[-16.726659,28.178139],[-16.726515,28.178183],[-16.726032,28.178189],[-16.72484,28.177981],[-16.724277,28.178139],[-16.724086,28.178394],[-16.72335,28.178485],[-16.723092,28.178687],[-16.722865,28.178741],[-16.721913,28.178616],[-16.721668,28.178714],[-16.72092,28.178477],[-16.720664,28.178577],[-16.719666,28.179865],[-16.719598,28.180008],[-16.719692,28.180579],[-16.71927,28.181027],[-16.719057,28.181111],[-16.718804,28.181053],[-16.718673,28.181168],[-16.718191,28.18183],[-16.718218,28.182204],[-16.718111,28.182328],[-16.717782,28.182512],[-16.717276,28.182458],[-16.71723,28.182801],[-16.716708,28.183124],[-16.716268,28.18324],[-16.715609,28.183661],[-16.715427,28.183862],[-16.7154,28.184072],[-16.715209,28.184142],[-16.714865,28.184545],[-16.714539,28.184529],[-16.714206,28.184274],[-16.71367,28.184357],[-16.713517,28.184802],[-16.713424,28.184879],[-16.712941,28.184813],[-16.712569,28.184917],[-16.711864,28.18547],[-16.711578,28.185478],[-16.711173,28.185675],[-16.710944,28.186124],[-16.710878,28.186628],[-16.71059,28.186815],[-16.710336,28.187301],[-16.710207,28.187397],[-16.710081,28.18836],[-16.709397,28.188558],[-16.709015,28.189097],[-16.708471,28.189621],[-16.708044,28.189946],[-16.70774,28.190058],[-16.707736,28.190812],[-16.707537,28.191264],[-16.707215,28.191511],[-16.706871,28.191588],[-16.706784,28.19192],[-16.706603,28.192056],[-16.70594,28.191958],[-16.705701,28.191999],[-16.705484,28.192133],[-16.705282,28.192427],[-16.70512,28.193302],[-16.705023,28.193461],[-16.704061,28.193561],[-16.703709,28.19387],[-16.703799,28.194421],[-16.703523,28.194831],[-16.702686,28.195092],[-16.702034,28.195425],[-16.700691,28.195863],[-16.700379,28.196567],[-16.699908,28.197019],[-16.699857,28.197354],[-16.69971,28.197514],[-16.699585,28.197906],[-16.699326,28.198177],[-16.699105,28.19908],[-16.698775,28.19963],[-16.698175,28.200168],[-16.698077,28.200361],[-16.69731,28.200871],[-16.696742,28.20174],[-16.69657,28.201837],[-16.69572,28.202026],[-16.695345,28.202204],[-16.694805,28.202137],[-16.694059,28.20243],[-16.693676,28.202453],[-16.69345,28.202684],[-16.693141,28.202811],[-16.692724,28.203764],[-16.692025,28.204114],[-16.691883,28.204348],[-16.691155,28.204454],[-16.690596,28.204903],[-16.690325,28.204789],[-16.690007,28.20487],[-16.6895,28.204695],[-16.689387,28.20481],[-16.689193,28.20534],[-16.688814,28.205609],[-16.688367,28.206187],[-16.68757,28.206923],[-16.686875,28.207122],[-16.686562,28.207114],[-16.685901,28.207806],[-16.685202,28.208252],[-16.683848,28.208826],[-16.683351,28.208927],[-16.682869,28.209477],[-16.682508,28.209738],[-16.682315,28.210199],[-16.682279,28.21068],[-16.68196,28.210945],[-16.681619,28.211399],[-16.681363,28.212257],[-16.680818,28.212782]]],[[[-16.829314,28.199989],[-16.8291,28.200016],[-16.829105,28.200136],[-16.829281,28.200129],[-16.829367,28.200027],[-16.829314,28.199989]]],[[[-16.8298,28.199769],[-16.829755,28.199884],[-16.829596,28.199972],[-16.829686,28.199999],[-16.82961,28.200066],[-16.82969,28.200121],[-16.829828,28.200088],[-16.829898,28.199907],[-16.8298,28.199769]]],[[[-16.829534,28.199701],[-16.829207,28.199824],[-16.829124,28.19998],[-16.829584,28.199725],[-16.829534,28.199701]]],[[[-16.828616,28.198148],[-16.828541,28.198226],[-16.828613,28.198351],[-16.828755,28.198438],[-16.828849,28.198373],[-16.828792,28.198176],[-16.828616,28.198148]]],[[[-16.829248,28.198123],[-16.828969,28.19816],[-16.828907,28.198311],[-16.828962,28.19836],[-16.829248,28.198123]]],[[[-16.82878,28.197351],[-16.828989,28.197683],[-16.829208,28.197817],[-16.829226,28.197652],[-16.829157,28.197505],[-16.82878,28.197351]]],[[[-16.829022,28.197164],[-16.82902,28.197339],[-16.829154,28.197357],[-16.829218,28.197359],[-16.829219,28.197286],[-16.829022,28.197164]]],[[[-16.827748,28.195394],[-16.827655,28.195429],[-16.827705,28.195457],[-16.827798,28.195437],[-16.827748,28.195394]]],[[[-16.827919,28.195269],[-16.827888,28.195317],[-16.828017,28.195408],[-16.82807,28.195365],[-16.827919,28.195269]]],[[[-16.82797,28.193778],[-16.828073,28.19397],[-16.828243,28.193908],[-16.828149,28.193789],[-16.82808,28.193832],[-16.82797,28.193778]]],[[[-16.825646,28.191237],[-16.825529,28.191325],[-16.82572,28.191271],[-16.825646,28.191237]]],[[[-16.823875,28.189236],[-16.823799,28.189283],[-16.823834,28.189379],[-16.823875,28.189236]]]]}},{"type":"Feature","id":"38020","properties":{"cod_ine":"38020","nombre":"Güímar","nombre_ine":"Güímar","nombre_shp":"Guimar","area_km2":102.404,"partes":4,"partes_roque":3},"geometry":{"type":"MultiPolygon","coordinates":[[[[-16.4847,28.33489],[-16.484859,28.334551],[-16.48558,28.333948],[-16.485813,28.333295],[-16.485719,28.332218],[-16.485582,28.33177],[-16.485193,28.33117],[-16.485052,28.330612],[-16.485117,28.330417],[-16.485716,28.329903],[-16.486768,28.329452],[-16.487431,28.328569],[-16.488322,28.328083],[-16.48884,28.326952],[-16.489276,28.326256],[-16.490247,28.324874],[-16.490741,28.324397],[-16.490967,28.324203],[-16.491303,28.324055],[-16.492267,28.323794],[-16.493108,28.321733],[-16.49375,28.320977],[-16.494031,28.319212],[-16.494302,28.318361],[-16.494854,28.317373],[-16.49614,28.315897],[-16.497197,28.315152],[-16.497847,28.314919],[-16.498279,28.314626],[-16.498623,28.314354],[-16.498901,28.313965],[-16.499218,28.313269],[-16.499311,28.312139],[-16.499254,28.311177],[-16.498919,28.310582],[-16.498873,28.310183],[-16.498881,28.309525],[-16.499122,28.309134],[-16.501065,28.3077],[-16.502244,28.307148],[-16.5034,28.305872],[-16.504099,28.305548],[-16.50478,28.305121],[-16.505161,28.304618],[-16.505612,28.304187],[-16.509205,28.30335],[-16.509522,28.302959],[-16.51133,28.301339],[-16.502052,28.284476],[-16.499312,28.283945],[-16.497062,28.283283],[-16.492777,28.281834],[-16.487177,28.280097],[-16.483061,28.278671],[-16.480772,28.277701],[-16.464841,28.269865],[-16.463986,28.269299],[-16.46329,28.269333],[-16.462354,28.269176],[-16.461988,28.269027],[-16.461869,28.268572],[-16.461647,28.268254],[-16.461187,28.268038],[-16.460918,28.268106],[-16.460711,28.26807],[-16.46045,28.267813],[-16.460105,28.267174],[-16.45903,28.266579],[-16.458994,28.266191],[-16.459482,28.265405],[-16.459225,28.265067],[-16.45875,28.264831],[-16.45828,28.264272],[-16.458131,28.263339],[-16.457927,28.26324],[-16.457468,28.263308],[-16.457009,28.263177],[-16.456701,28.262948],[-16.456138,28.262234],[-16.456101,28.261989],[-16.456519,28.26119],[-16.456423,28.261047],[-16.456336,28.261052],[-16.456139,28.260734],[-16.45569,28.260542],[-16.455594,28.260306],[-16.455823,28.259918],[-16.45584,28.259582],[-16.456017,28.259359],[-16.456012,28.259099],[-16.455912,28.258913],[-16.455091,28.258683],[-16.454524,28.258856],[-16.45411,28.258662],[-16.453807,28.258216],[-16.453558,28.258151],[-16.453211,28.258182],[-16.45257,28.258475],[-16.452158,28.258441],[-16.451799,28.258257],[-16.451353,28.257766],[-16.450964,28.257181],[-16.450632,28.257006],[-16.450641,28.256749],[-16.451187,28.256384],[-16.451063,28.25602],[-16.451075,28.255679],[-16.450663,28.255413],[-16.450231,28.25486],[-16.449289,28.254153],[-16.448855,28.254006],[-16.448574,28.253689],[-16.448074,28.253543],[-16.447943,28.253325],[-16.447637,28.253207],[-16.447479,28.253046],[-16.447184,28.253006],[-16.446953,28.25311],[-16.446476,28.253068],[-16.446232,28.252928],[-16.44615,28.25281],[-16.446208,28.252509],[-16.446543,28.252311],[-16.446584,28.252004],[-16.446269,28.251728],[-16.446161,28.251431],[-16.445608,28.251143],[-16.445171,28.250471],[-16.445019,28.250491],[-16.444996,28.250778],[-16.444908,28.250824],[-16.443684,28.250658],[-16.443297,28.250712],[-16.442826,28.250245],[-16.442291,28.250145],[-16.44179,28.250417],[-16.441473,28.250921],[-16.441139,28.250974],[-16.440855,28.250846],[-16.440099,28.249852],[-16.439879,28.249893],[-16.439448,28.250148],[-16.4391,28.250163],[-16.438918,28.249811],[-16.438487,28.249366],[-16.438473,28.248818],[-16.438111,28.248497],[-16.437122,28.248602],[-16.436607,28.248217],[-16.4364,28.248172],[-16.436061,28.248318],[-16.43555,28.248711],[-16.434474,28.24865],[-16.434377,28.248552],[-16.434304,28.247657],[-16.434163,28.247491],[-16.433497,28.247307],[-16.433126,28.247292],[-16.432794,28.247016],[-16.432203,28.246788],[-16.431756,28.246524],[-16.431112,28.246406],[-16.429839,28.24637],[-16.429538,28.245915],[-16.429418,28.245578],[-16.429215,28.245361],[-16.42886,28.245379],[-16.428802,28.245659],[-16.428619,28.245875],[-16.428446,28.245999],[-16.428246,28.245999],[-16.428134,28.245889],[-16.428081,28.245579],[-16.427416,28.244942],[-16.427236,28.244597],[-16.427041,28.244416],[-16.426586,28.244434],[-16.426185,28.244696],[-16.42596,28.2447],[-16.425606,28.244311],[-16.424945,28.244145],[-16.424882,28.243495],[-16.424206,28.2423],[-16.424062,28.242225],[-16.423852,28.242229],[-16.423035,28.242515],[-16.422905,28.242462],[-16.422764,28.242209],[-16.42297,28.241564],[-16.422933,28.241178],[-16.422415,28.240951],[-16.421145,28.240723],[-16.421124,28.240416],[-16.420143,28.239125],[-16.419841,28.239053],[-16.419447,28.239141],[-16.418818,28.238983],[-16.418594,28.238308],[-16.418126,28.237713],[-16.417611,28.237612],[-16.416918,28.237001],[-16.416118,28.236601],[-16.415276,28.236465],[-16.41429,28.236705],[-16.414174,28.23668],[-16.413688,28.236227],[-16.412677,28.235522],[-16.411198,28.234813],[-16.410542,28.23472],[-16.409813,28.23487],[-16.409534,28.234814],[-16.409242,28.234079],[-16.407308,28.233624],[-16.407192,28.23436],[-16.407253,28.234884],[-16.406915,28.235203],[-16.406591,28.235279],[-16.406896,28.235611],[-16.406557,28.23588],[-16.40616,28.236428],[-16.405975,28.236526],[-16.405816,28.236489],[-16.405594,28.236639],[-16.405269,28.236661],[-16.405515,28.237008],[-16.405468,28.23711],[-16.405319,28.237102],[-16.405273,28.237199],[-16.405446,28.237595],[-16.405174,28.237887],[-16.405336,28.23797],[-16.405355,28.238082],[-16.404814,28.238642],[-16.404475,28.238532],[-16.404591,28.238621],[-16.404541,28.23887],[-16.404342,28.238716],[-16.404188,28.23884],[-16.404046,28.238789],[-16.403928,28.239271],[-16.404055,28.239791],[-16.403813,28.239793],[-16.403739,28.239623],[-16.403634,28.239792],[-16.403435,28.239812],[-16.403001,28.239307],[-16.402979,28.239522],[-16.403109,28.239662],[-16.402933,28.239629],[-16.402922,28.239858],[-16.402533,28.239741],[-16.402742,28.239951],[-16.402731,28.240122],[-16.402617,28.240156],[-16.402415,28.240034],[-16.402442,28.240498],[-16.402157,28.240489],[-16.401957,28.24067],[-16.401919,28.240989],[-16.401604,28.241102],[-16.401743,28.241229],[-16.401746,28.241375],[-16.402158,28.24166],[-16.402253,28.241874],[-16.4022,28.242204],[-16.401965,28.242413],[-16.402178,28.242565],[-16.40232,28.243127],[-16.402298,28.243213],[-16.40219,28.243152],[-16.402146,28.243225],[-16.402439,28.243595],[-16.402129,28.244476],[-16.401841,28.244792],[-16.401045,28.244914],[-16.401171,28.245156],[-16.401057,28.24544],[-16.400844,28.245604],[-16.40077,28.245771],[-16.400563,28.245701],[-16.400427,28.245755],[-16.400432,28.245839],[-16.400632,28.245942],[-16.400568,28.246204],[-16.400229,28.246267],[-16.400394,28.246383],[-16.400401,28.246468],[-16.400593,28.24649],[-16.400636,28.24663],[-16.400557,28.247227],[-16.400431,28.247454],[-16.39942,28.247728],[-16.39925,28.247879],[-16.398743,28.247945],[-16.398682,28.248091],[-16.39889,28.248369],[-16.398544,28.248281],[-16.398529,28.248469],[-16.398291,28.248516],[-16.398151,28.248741],[-16.397983,28.24877],[-16.398,28.248851],[-16.398171,28.248919],[-16.398289,28.249162],[-16.398209,28.249412],[-16.397914,28.249446],[-16.39812,28.249663],[-16.398029,28.249699],[-16.397673,28.249585],[-16.397593,28.249859],[-16.397352,28.249895],[-16.39733,28.250069],[-16.397106,28.250088],[-16.397209,28.250387],[-16.39695,28.250529],[-16.397073,28.250692],[-16.397035,28.25075],[-16.396916,28.250722],[-16.396963,28.250961],[-16.396787,28.251191],[-16.396455,28.251394],[-16.39651,28.25156],[-16.396209,28.251626],[-16.39647,28.251657],[-16.396444,28.251818],[-16.396119,28.251974],[-16.396206,28.252092],[-16.395971,28.252101],[-16.395914,28.252207],[-16.395925,28.252253],[-16.396109,28.252198],[-16.396114,28.252336],[-16.396229,28.25241],[-16.396141,28.252754],[-16.396037,28.253108],[-16.395729,28.253244],[-16.395709,28.253413],[-16.395431,28.25351],[-16.395428,28.253657],[-16.395295,28.253754],[-16.39543,28.254034],[-16.395718,28.254103],[-16.395712,28.254542],[-16.395509,28.254775],[-16.39576,28.255006],[-16.395762,28.255093],[-16.395557,28.255159],[-16.395534,28.255373],[-16.395298,28.255572],[-16.394978,28.255633],[-16.395031,28.255762],[-16.394883,28.256114],[-16.394542,28.256093],[-16.394517,28.256212],[-16.394271,28.256114],[-16.394238,28.256391],[-16.3941,28.25643],[-16.394213,28.256779],[-16.394123,28.256847],[-16.394181,28.257097],[-16.393927,28.257359],[-16.394728,28.257813],[-16.39481,28.257958],[-16.39451,28.258308],[-16.393507,28.258195],[-16.393321,28.258241],[-16.393222,28.258385],[-16.392935,28.25841],[-16.392615,28.259186],[-16.392296,28.259291],[-16.392186,28.259494],[-16.392201,28.259684],[-16.3925,28.259885],[-16.392168,28.260387],[-16.391803,28.260506],[-16.391068,28.260266],[-16.390692,28.260842],[-16.390467,28.260883],[-16.390405,28.261072],[-16.390015,28.261223],[-16.390212,28.261387],[-16.390128,28.261561],[-16.389942,28.261634],[-16.389924,28.262036],[-16.38949,28.262479],[-16.389475,28.262707],[-16.389309,28.26274],[-16.389163,28.263025],[-16.388802,28.263142],[-16.388054,28.264215],[-16.387638,28.264477],[-16.387323,28.264564],[-16.387415,28.26475],[-16.387417,28.265225],[-16.387568,28.26541],[-16.387404,28.265577],[-16.387467,28.265773],[-16.387186,28.265807],[-16.387185,28.265974],[-16.387046,28.266045],[-16.38731,28.266129],[-16.387219,28.266291],[-16.387309,28.266519],[-16.38686,28.266948],[-16.38708,28.26703],[-16.387113,28.267213],[-16.386966,28.267311],[-16.387054,28.267479],[-16.38719,28.267546],[-16.387109,28.268049],[-16.387101,28.26832],[-16.387218,28.26844],[-16.387156,28.268743],[-16.386918,28.268772],[-16.38691,28.269082],[-16.386798,28.269218],[-16.386576,28.269184],[-16.386725,28.269372],[-16.386324,28.269849],[-16.386393,28.269926],[-16.386063,28.270099],[-16.385994,28.270265],[-16.385586,28.270569],[-16.385436,28.270874],[-16.385147,28.270903],[-16.385351,28.270954],[-16.384938,28.271397],[-16.384967,28.27187],[-16.384859,28.272353],[-16.384691,28.272608],[-16.384331,28.27251],[-16.38409,28.272323],[-16.384003,28.272354],[-16.38437,28.272955],[-16.384318,28.273029],[-16.384104,28.27306],[-16.383952,28.273416],[-16.383817,28.273434],[-16.383703,28.273552],[-16.383851,28.273615],[-16.383961,28.273826],[-16.383896,28.274154],[-16.38399,28.274285],[-16.383555,28.274705],[-16.383883,28.274714],[-16.384291,28.274867],[-16.384255,28.275023],[-16.383871,28.275077],[-16.383659,28.275368],[-16.383915,28.275469],[-16.383982,28.275545],[-16.383927,28.275663],[-16.384239,28.275817],[-16.384256,28.275893],[-16.383952,28.276052],[-16.383736,28.276584],[-16.383208,28.276582],[-16.382852,28.277314],[-16.382907,28.277461],[-16.3832,28.277488],[-16.383264,28.277897],[-16.383536,28.277893],[-16.383926,28.278004],[-16.384106,28.278503],[-16.384144,28.278866],[-16.384126,28.279181],[-16.383995,28.279403],[-16.384176,28.279884],[-16.384136,28.281273],[-16.384054,28.281558],[-16.383805,28.281863],[-16.383898,28.282009],[-16.383767,28.282116],[-16.383999,28.282296],[-16.384013,28.283624],[-16.38386,28.284497],[-16.383608,28.284939],[-16.383092,28.285529],[-16.381857,28.286471],[-16.381203,28.286836],[-16.380788,28.286952],[-16.380404,28.286798],[-16.380391,28.28689],[-16.380792,28.287248],[-16.379551,28.288355],[-16.37943,28.288385],[-16.379315,28.288297],[-16.379248,28.288352],[-16.379424,28.288517],[-16.37936,28.288587],[-16.378761,28.288086],[-16.378751,28.287954],[-16.380102,28.286455],[-16.380346,28.286303],[-16.380189,28.286264],[-16.380007,28.286374],[-16.37952,28.28687],[-16.378471,28.288008],[-16.378489,28.288184],[-16.378739,28.288459],[-16.378696,28.289159],[-16.378593,28.289485],[-16.378185,28.289987],[-16.377635,28.290307],[-16.377618,28.290796],[-16.377513,28.291108],[-16.377154,28.291543],[-16.37665,28.291918],[-16.37644,28.292636],[-16.376195,28.293046],[-16.375733,28.293541],[-16.375041,28.293747],[-16.374695,28.293483],[-16.374643,28.293344],[-16.375,28.292728],[-16.374872,28.292707],[-16.37466,28.292954],[-16.374505,28.293235],[-16.374522,28.293498],[-16.375057,28.293964],[-16.37512,28.29413],[-16.374716,28.29457],[-16.374512,28.294689],[-16.374522,28.29485],[-16.374432,28.294994],[-16.373945,28.295088],[-16.373895,28.295161],[-16.374046,28.295283],[-16.373848,28.295509],[-16.373518,28.295611],[-16.373054,28.295395],[-16.37272,28.294418],[-16.373001,28.294349],[-16.373,28.294246],[-16.37293,28.294194],[-16.372547,28.294302],[-16.372671,28.294859],[-16.372819,28.295029],[-16.372933,28.295423],[-16.372673,28.295818],[-16.372077,28.295743],[-16.371955,28.29601],[-16.371517,28.296448],[-16.37143,28.296831],[-16.371491,28.297189],[-16.371413,28.297389],[-16.371475,28.297527],[-16.371241,28.297691],[-16.3712,28.29785],[-16.370999,28.297917],[-16.370876,28.298061],[-16.370727,28.298032],[-16.37052,28.298369],[-16.370301,28.298421],[-16.370344,28.298729],[-16.370525,28.298824],[-16.370526,28.298955],[-16.370309,28.299105],[-16.370266,28.299217],[-16.370016,28.299255],[-16.369807,28.299753],[-16.369556,28.299858],[-16.368512,28.299971],[-16.368422,28.300051],[-16.368359,28.300355],[-16.367815,28.300425],[-16.367745,28.300771],[-16.367411,28.301043],[-16.366088,28.301024],[-16.36584,28.301118],[-16.365568,28.301048],[-16.365362,28.301234],[-16.365115,28.301291],[-16.364472,28.301694],[-16.364302,28.302219],[-16.36383,28.302726],[-16.363638,28.302837],[-16.363579,28.303127],[-16.363013,28.303573],[-16.363041,28.303735],[-16.362668,28.303848],[-16.362605,28.304137],[-16.362004,28.30422],[-16.361661,28.304442],[-16.361768,28.305009],[-16.361883,28.305055],[-16.361901,28.305257],[-16.362086,28.305494],[-16.362106,28.305978],[-16.361312,28.306499],[-16.361365,28.306551],[-16.361223,28.30673],[-16.361492,28.30709],[-16.361329,28.307358],[-16.361447,28.307479],[-16.36171,28.307436],[-16.362082,28.30769],[-16.361929,28.308196],[-16.362008,28.308461],[-16.361947,28.308675],[-16.361738,28.308769],[-16.361761,28.309074],[-16.36142,28.309508],[-16.361489,28.309678],[-16.361373,28.309751],[-16.361372,28.309921],[-16.361472,28.309972],[-16.361411,28.310098],[-16.361488,28.310158],[-16.361367,28.31024],[-16.361321,28.31043],[-16.361324,28.310503],[-16.361455,28.310503],[-16.361474,28.310565],[-16.36142,28.310797],[-16.361317,28.310932],[-16.36047,28.311385],[-16.360457,28.311446],[-16.360564,28.311447],[-16.360417,28.311598],[-16.360642,28.311814],[-16.360511,28.312121],[-16.360344,28.312214],[-16.360407,28.312313],[-16.360339,28.31245],[-16.360232,28.312439],[-16.360154,28.312576],[-16.360194,28.312878],[-16.360088,28.313053],[-16.36014,28.313183],[-16.359975,28.313356],[-16.359708,28.313509],[-16.359545,28.313462],[-16.359499,28.313559],[-16.359554,28.313743],[-16.360143,28.314208],[-16.360195,28.314405],[-16.360109,28.314458],[-16.360326,28.315141],[-16.360291,28.315416],[-16.360176,28.315583],[-16.360222,28.315853],[-16.360043,28.315968],[-16.359949,28.316287],[-16.360052,28.316722],[-16.359891,28.316739],[-16.35999,28.316909],[-16.35987,28.316972],[-16.35991,28.317133],[-16.359721,28.317361],[-16.359716,28.317668],[-16.359559,28.317787],[-16.359741,28.317785],[-16.359758,28.317836],[-16.359769,28.317925],[-16.359619,28.318062],[-16.359742,28.318163],[-16.359711,28.31826],[-16.359819,28.318395],[-16.359674,28.318667],[-16.359847,28.318907],[-16.359723,28.319082],[-16.359542,28.31903],[-16.359513,28.319247],[-16.359293,28.319458],[-16.359431,28.319601],[-16.359351,28.319723],[-16.359446,28.320095],[-16.359701,28.32056],[-16.35998,28.320763],[-16.359951,28.32091],[-16.360136,28.320974],[-16.360105,28.321055],[-16.360374,28.321199],[-16.360364,28.321441],[-16.360444,28.321543],[-16.3605,28.321589],[-16.360792,28.321512],[-16.361115,28.321964],[-16.362376,28.324762],[-16.362927,28.326174],[-16.363199,28.327439],[-16.363316,28.328817],[-16.363077,28.329092],[-16.362777,28.32893],[-16.362939,28.329357],[-16.362451,28.330316],[-16.363395,28.330909],[-16.364919,28.330978],[-16.364996,28.329939],[-16.36623,28.329994],[-16.366216,28.330253],[-16.367441,28.330309],[-16.36748,28.329629],[-16.368626,28.329681],[-16.368666,28.328986],[-16.371858,28.32913],[-16.371889,28.328599],[-16.372797,28.32864],[-16.372803,28.328507],[-16.375792,28.328284],[-16.376021,28.327707],[-16.380617,28.327607],[-16.389228,28.329337],[-16.393624,28.329372],[-16.39681,28.330916],[-16.398522,28.331195],[-16.403259,28.333283],[-16.405024,28.333863],[-16.408157,28.334524],[-16.413395,28.334043],[-16.415023,28.333598],[-16.415226,28.333642],[-16.415277,28.333466],[-16.419162,28.333442],[-16.423082,28.332804],[-16.423007,28.333382],[-16.436006,28.332225],[-16.45341,28.336026],[-16.466323,28.335284],[-16.470287,28.335457],[-16.4847,28.33489]]],[[[-16.376042,28.291068],[-16.375393,28.291946],[-16.375379,28.292067],[-16.375519,28.292032],[-16.376146,28.291149],[-16.376042,28.291068]]],[[[-16.377228,28.289468],[-16.377059,28.289554],[-16.376629,28.290233],[-16.376505,28.290419],[-16.376549,28.290469],[-16.376656,28.290434],[-16.377233,28.289589],[-16.377228,28.289468]]],[[[-16.378031,28.28826],[-16.377732,28.288623],[-16.377685,28.28876],[-16.377804,28.2888],[-16.378113,28.288351],[-16.378031,28.28826]]]]}},{"type":"Feature","id":"38022","properties":{"cod_ine":"38022","nombre":"Icod de los Vinos","nombre_ine":"Icod de los Vinos","nombre_shp":"Icod de los Vinos","area_km2":95.178,"partes":15,"partes_roque":14},"geometry":{"type":"MultiPolygon","coordinates":[[[[-16.695137,28.396279],[-16.694931,28.396458],[-16.695113,28.396609],[-16.695234,28.396569],[-16.695394,28.396437],[-16.695137,28.396279]]],[[[-16.693535,28.396039],[-16.693587,28.396318],[-16.693831,28.396346],[-16.693535,28.396039]]],[[[-16.694072,28.396114],[-16.694091,28.396254],[-16.694136,28.396297],[-16.694205,28.396241],[-16.694072,28.396114]]],[[[-16.694758,28.395975],[-16.694751,28.396136],[-16.694883,28.396152],[-16.694758,28.395975]]],[[[-16.743815,28.347959],[-16.744193,28.34762],[-16.744517,28.347128],[-16.744671,28.346432],[-16.744576,28.345413],[-16.744494,28.345335],[-16.744105,28.345326],[-16.743708,28.345196],[-16.743755,28.344271],[-16.743445,28.343273],[-16.74358,28.343057],[-16.730311,28.3041],[-16.729699,28.302909],[-16.729976,28.302098],[-16.72806,28.300706],[-16.727724,28.300324],[-16.727785,28.299888],[-16.728197,28.299125],[-16.728288,28.298559],[-16.728211,28.298294],[-16.727742,28.298029],[-16.72746,28.297469],[-16.727464,28.295122],[-16.718262,28.285366],[-16.70044,28.271596],[-16.683496,28.270344],[-16.679322,28.268818],[-16.675162,28.271292],[-16.671377,28.292059],[-16.641008,28.298845],[-16.632721,28.304264],[-16.63269,28.304497],[-16.632796,28.304836],[-16.632754,28.30525],[-16.633019,28.306296],[-16.63294,28.306549],[-16.633198,28.30737],[-16.63394,28.30772],[-16.633904,28.308115],[-16.633596,28.308346],[-16.633504,28.308505],[-16.633367,28.309358],[-16.633743,28.309572],[-16.633831,28.310072],[-16.634217,28.310791],[-16.634028,28.310974],[-16.633949,28.31142],[-16.633427,28.311665],[-16.633484,28.31201],[-16.633226,28.312457],[-16.633074,28.312583],[-16.633269,28.313113],[-16.633252,28.313292],[-16.633359,28.313437],[-16.633451,28.314022],[-16.633302,28.315082],[-16.633744,28.315474],[-16.63383,28.315816],[-16.634101,28.316054],[-16.63422,28.316267],[-16.6344,28.31638],[-16.634562,28.316387],[-16.634662,28.316494],[-16.634692,28.31665],[-16.634522,28.31718],[-16.634458,28.317846],[-16.634967,28.318706],[-16.635736,28.319338],[-16.635875,28.319311],[-16.6362,28.319741],[-16.63675,28.319714],[-16.637322,28.320129],[-16.637557,28.320649],[-16.637798,28.320929],[-16.638199,28.321066],[-16.638659,28.321437],[-16.638695,28.322028],[-16.639157,28.322417],[-16.639367,28.322877],[-16.6396,28.323118],[-16.639597,28.323887],[-16.639464,28.324088],[-16.639151,28.324274],[-16.639041,28.324555],[-16.63923,28.325354],[-16.639771,28.326126],[-16.64028,28.32637],[-16.640581,28.326752],[-16.641318,28.327283],[-16.641769,28.328128],[-16.641943,28.328606],[-16.641992,28.329077],[-16.641875,28.329338],[-16.642066,28.329611],[-16.642573,28.329919],[-16.642846,28.330509],[-16.642925,28.330952],[-16.643189,28.331409],[-16.643237,28.331808],[-16.642936,28.332089],[-16.643311,28.332976],[-16.643476,28.333215],[-16.644006,28.333376],[-16.644182,28.333658],[-16.643945,28.335405],[-16.643976,28.335747],[-16.644147,28.336057],[-16.644791,28.336631],[-16.64538,28.337619],[-16.645904,28.338091],[-16.645936,28.338278],[-16.646689,28.338424],[-16.646873,28.338553],[-16.647072,28.338842],[-16.647319,28.338949],[-16.648113,28.339041],[-16.648451,28.339168],[-16.649411,28.339917],[-16.649568,28.340366],[-16.64986,28.340602],[-16.650633,28.340777],[-16.651619,28.341194],[-16.652156,28.341269],[-16.652572,28.341442],[-16.652768,28.341634],[-16.653025,28.342091],[-16.653082,28.342629],[-16.653224,28.342862],[-16.653599,28.342892],[-16.653927,28.343206],[-16.654022,28.343915],[-16.654894,28.344383],[-16.654966,28.344497],[-16.654946,28.344858],[-16.655728,28.345706],[-16.656176,28.346082],[-16.656426,28.346747],[-16.656844,28.347473],[-16.656751,28.348121],[-16.656902,28.349031],[-16.656656,28.349794],[-16.655975,28.350712],[-16.655899,28.35113],[-16.65606,28.351747],[-16.656295,28.352217],[-16.656559,28.352519],[-16.657265,28.353104],[-16.657621,28.35402],[-16.658428,28.354669],[-16.658996,28.3554],[-16.659401,28.356306],[-16.659308,28.357183],[-16.659377,28.357606],[-16.659778,28.358021],[-16.659855,28.358435],[-16.660551,28.359144],[-16.660924,28.359677],[-16.661526,28.360818],[-16.661682,28.361515],[-16.661692,28.362255],[-16.661826,28.362738],[-16.661782,28.363398],[-16.662022,28.364153],[-16.662456,28.364583],[-16.662522,28.36474],[-16.66295,28.365015],[-16.663052,28.365169],[-16.663314,28.365926],[-16.663506,28.366247],[-16.663641,28.366288],[-16.66372,28.366808],[-16.664454,28.366993],[-16.665071,28.366952],[-16.665241,28.36706],[-16.665611,28.36752],[-16.666253,28.367831],[-16.667179,28.367916],[-16.66739,28.368162],[-16.667576,28.368688],[-16.668024,28.369061],[-16.668084,28.369435],[-16.66854,28.370201],[-16.668838,28.370421],[-16.669104,28.370418],[-16.669534,28.370595],[-16.669669,28.370535],[-16.670241,28.370688],[-16.670401,28.370866],[-16.670588,28.371837],[-16.671692,28.372583],[-16.67173,28.372966],[-16.671981,28.373446],[-16.673181,28.374217],[-16.673524,28.374549],[-16.673629,28.374987],[-16.673333,28.375604],[-16.673271,28.376377],[-16.673098,28.376643],[-16.672972,28.377118],[-16.673013,28.377398],[-16.673197,28.377668],[-16.673288,28.378229],[-16.673599,28.37885],[-16.674156,28.379419],[-16.674713,28.380603],[-16.675021,28.381039],[-16.675805,28.381636],[-16.676531,28.382543],[-16.678263,28.383314],[-16.67894,28.383944],[-16.680351,28.387426],[-16.680635,28.387581],[-16.681107,28.387588],[-16.6813,28.387703],[-16.681584,28.387704],[-16.681904,28.387818],[-16.682204,28.387976],[-16.682686,28.388383],[-16.683175,28.389122],[-16.683248,28.389437],[-16.683224,28.389906],[-16.683936,28.390504],[-16.684287,28.3911],[-16.684258,28.391332],[-16.684476,28.391498],[-16.685429,28.391805],[-16.685782,28.392059],[-16.686369,28.392291],[-16.687128,28.39229],[-16.68724,28.392134],[-16.68777,28.392303],[-16.687867,28.392575],[-16.687707,28.392685],[-16.687717,28.392779],[-16.687885,28.392911],[-16.688095,28.392762],[-16.688108,28.392582],[-16.688232,28.392565],[-16.688348,28.392667],[-16.688914,28.392691],[-16.688946,28.392757],[-16.689765,28.393073],[-16.6899,28.393009],[-16.690376,28.393192],[-16.690678,28.392929],[-16.690872,28.392855],[-16.691265,28.393153],[-16.691827,28.393192],[-16.691966,28.393301],[-16.692467,28.392955],[-16.692605,28.392999],[-16.69262,28.392846],[-16.692807,28.392987],[-16.693108,28.392717],[-16.693189,28.392737],[-16.693337,28.393008],[-16.693104,28.393423],[-16.693042,28.394158],[-16.692968,28.394311],[-16.692885,28.3943],[-16.692797,28.3944],[-16.692719,28.394595],[-16.692729,28.395057],[-16.693027,28.395094],[-16.69319,28.394906],[-16.693181,28.394662],[-16.693441,28.394702],[-16.693587,28.395414],[-16.693449,28.395601],[-16.693617,28.395607],[-16.693939,28.39588],[-16.694006,28.395883],[-16.693961,28.395701],[-16.694087,28.395566],[-16.694551,28.395533],[-16.694486,28.395311],[-16.69465,28.395136],[-16.694304,28.395108],[-16.69422,28.395],[-16.694249,28.394875],[-16.6945,28.394829],[-16.694639,28.394705],[-16.694864,28.395123],[-16.695046,28.394607],[-16.694866,28.393914],[-16.694432,28.392915],[-16.69444,28.392746],[-16.69446,28.392602],[-16.694275,28.392131],[-16.69447,28.391609],[-16.694434,28.391072],[-16.694236,28.390563],[-16.6942,28.390088],[-16.694343,28.389905],[-16.694494,28.389155],[-16.694454,28.388907],[-16.694553,28.388514],[-16.694554,28.387778],[-16.694645,28.387298],[-16.695214,28.386876],[-16.696028,28.386535],[-16.696155,28.386558],[-16.69644,28.386794],[-16.696604,28.386797],[-16.696739,28.38671],[-16.696966,28.386736],[-16.697343,28.386914],[-16.697568,28.386792],[-16.697951,28.386753],[-16.69806,28.38664],[-16.6984,28.386648],[-16.698713,28.386458],[-16.698835,28.386266],[-16.699074,28.386332],[-16.699382,28.38628],[-16.699774,28.385961],[-16.699881,28.385029],[-16.699766,28.384927],[-16.699891,28.384676],[-16.700743,28.383993],[-16.701599,28.383658],[-16.70223,28.383767],[-16.702878,28.383466],[-16.703551,28.383408],[-16.704175,28.38347],[-16.704602,28.383284],[-16.705301,28.383167],[-16.705675,28.38322],[-16.705948,28.383176],[-16.706467,28.383618],[-16.706534,28.383378],[-16.706751,28.383255],[-16.707547,28.383351],[-16.707859,28.383248],[-16.708078,28.38344],[-16.70818,28.383446],[-16.708196,28.383289],[-16.708287,28.383232],[-16.70895,28.383134],[-16.709273,28.383295],[-16.709463,28.383282],[-16.710316,28.383748],[-16.710522,28.383793],[-16.710501,28.384145],[-16.710695,28.384307],[-16.71082,28.384698],[-16.711047,28.384451],[-16.711159,28.384017],[-16.711397,28.383887],[-16.7116,28.38392],[-16.711852,28.384145],[-16.712139,28.384727],[-16.712512,28.385057],[-16.712709,28.385111],[-16.713019,28.384909],[-16.713021,28.384617],[-16.712915,28.384361],[-16.71317,28.383815],[-16.713621,28.384433],[-16.713944,28.384713],[-16.714167,28.38512],[-16.714611,28.38537],[-16.714808,28.385356],[-16.714943,28.385264],[-16.715348,28.385367],[-16.715506,28.38548],[-16.715841,28.385408],[-16.715591,28.385597],[-16.715624,28.38574],[-16.715998,28.385726],[-16.716283,28.385896],[-16.71665,28.385864],[-16.716663,28.385959],[-16.716792,28.385842],[-16.716812,28.385465],[-16.717018,28.385535],[-16.717146,28.385797],[-16.717015,28.386159],[-16.717106,28.386274],[-16.717116,28.386525],[-16.716993,28.386691],[-16.717018,28.386845],[-16.717142,28.386797],[-16.717338,28.386541],[-16.71747,28.386901],[-16.717657,28.386758],[-16.717902,28.386758],[-16.718229,28.386975],[-16.718248,28.387244],[-16.718359,28.387366],[-16.718322,28.387507],[-16.718782,28.387564],[-16.7186,28.387624],[-16.718874,28.387739],[-16.719264,28.3877],[-16.719699,28.387524],[-16.719812,28.387257],[-16.719992,28.387278],[-16.719937,28.387417],[-16.719992,28.387467],[-16.720063,28.387379],[-16.720166,28.387411],[-16.720226,28.387005],[-16.720521,28.387084],[-16.720614,28.386331],[-16.720491,28.38601],[-16.720346,28.384965],[-16.720132,28.384608],[-16.720002,28.384006],[-16.720184,28.383847],[-16.720543,28.383804],[-16.720853,28.383969],[-16.721125,28.384243],[-16.721717,28.383936],[-16.72193,28.383911],[-16.722233,28.384053],[-16.722515,28.383952],[-16.722505,28.384054],[-16.722231,28.384151],[-16.722431,28.384212],[-16.722687,28.38418],[-16.723178,28.384004],[-16.723341,28.383723],[-16.723527,28.383632],[-16.72342,28.3835],[-16.72348,28.383434],[-16.724168,28.383313],[-16.724331,28.382506],[-16.724122,28.382492],[-16.724086,28.382322],[-16.723927,28.38227],[-16.722993,28.382224],[-16.722518,28.38188],[-16.72248,28.381762],[-16.722589,28.381585],[-16.72235,28.381241],[-16.722691,28.380777],[-16.723257,28.38059],[-16.723278,28.380319],[-16.723487,28.38039],[-16.723676,28.380582],[-16.723873,28.380628],[-16.723847,28.380673],[-16.724365,28.380736],[-16.724705,28.380602],[-16.724898,28.380286],[-16.724911,28.37995],[-16.725089,28.380018],[-16.725762,28.379771],[-16.72536,28.379469],[-16.72537,28.379342],[-16.725483,28.379244],[-16.725325,28.379053],[-16.724808,28.378879],[-16.724648,28.378907],[-16.724598,28.378987],[-16.72447,28.378936],[-16.724266,28.37912],[-16.724188,28.379091],[-16.723917,28.3787],[-16.723906,28.378294],[-16.724056,28.377679],[-16.724196,28.377425],[-16.724549,28.377072],[-16.724786,28.376981],[-16.724935,28.377231],[-16.725143,28.377238],[-16.725234,28.377148],[-16.725198,28.376937],[-16.725302,28.376774],[-16.726159,28.376275],[-16.726713,28.376222],[-16.727394,28.37649],[-16.727891,28.377058],[-16.728318,28.37711],[-16.728536,28.377615],[-16.728751,28.377702],[-16.728761,28.377835],[-16.729189,28.377694],[-16.729657,28.37778],[-16.730173,28.377217],[-16.730639,28.376939],[-16.73092,28.377099],[-16.731038,28.377384],[-16.730836,28.377829],[-16.731135,28.377701],[-16.731269,28.37774],[-16.730978,28.378221],[-16.730677,28.37843],[-16.730913,28.378483],[-16.731128,28.378363],[-16.731222,28.378414],[-16.731462,28.378359],[-16.731652,28.378435],[-16.731424,28.37859],[-16.731462,28.378813],[-16.731017,28.378914],[-16.731016,28.379104],[-16.731151,28.379054],[-16.731291,28.3791],[-16.731406,28.378974],[-16.73152,28.379081],[-16.731757,28.378978],[-16.732056,28.379011],[-16.732001,28.379445],[-16.731879,28.379689],[-16.732217,28.379898],[-16.732138,28.38001],[-16.732168,28.380222],[-16.731803,28.38039],[-16.731893,28.38069],[-16.73167,28.38095],[-16.73169,28.381139],[-16.731539,28.38132],[-16.731615,28.381485],[-16.731953,28.381801],[-16.732056,28.382085],[-16.73243,28.382309],[-16.733738,28.3825],[-16.734279,28.382374],[-16.734331,28.382179],[-16.734992,28.381912],[-16.735295,28.381681],[-16.735763,28.381038],[-16.735801,28.380619],[-16.735597,28.38061],[-16.735521,28.380396],[-16.735654,28.380049],[-16.735938,28.379776],[-16.736505,28.379856],[-16.737095,28.380278],[-16.737379,28.380395],[-16.737972,28.3804],[-16.738327,28.380591],[-16.738653,28.380599],[-16.73888,28.380228],[-16.738435,28.378135],[-16.737808,28.372947],[-16.737645,28.372625],[-16.737644,28.371413],[-16.737487,28.369658],[-16.737295,28.368724],[-16.737301,28.36841],[-16.739269,28.368586],[-16.739264,28.368026],[-16.739487,28.367112],[-16.739497,28.366726],[-16.73993,28.365523],[-16.739879,28.364986],[-16.739648,28.364491],[-16.739501,28.363881],[-16.739483,28.363378],[-16.739295,28.363112],[-16.739234,28.362844],[-16.739472,28.362462],[-16.739554,28.362141],[-16.739574,28.361741],[-16.739381,28.361216],[-16.739718,28.360654],[-16.739777,28.360252],[-16.739996,28.359769],[-16.740161,28.358065],[-16.739819,28.357079],[-16.739767,28.35648],[-16.739896,28.356034],[-16.739885,28.355492],[-16.73964,28.355392],[-16.739173,28.354601],[-16.738774,28.354304],[-16.73882,28.354033],[-16.739288,28.353],[-16.739686,28.352781],[-16.740109,28.352699],[-16.741052,28.351789],[-16.741606,28.351556],[-16.741882,28.351304],[-16.742256,28.350686],[-16.742582,28.350397],[-16.742539,28.349735],[-16.742798,28.349215],[-16.743815,28.347959]]],[[[-16.694602,28.395655],[-16.694559,28.395772],[-16.694667,28.395814],[-16.694717,28.39573],[-16.694602,28.395655]]],[[[-16.691654,28.393541],[-16.691612,28.393631],[-16.691708,28.393655],[-16.691742,28.393578],[-16.691654,28.393541]]],[[[-16.719608,28.387855],[-16.719277,28.387928],[-16.719549,28.388046],[-16.719683,28.387945],[-16.719608,28.387855]]],[[[-16.712958,28.384977],[-16.712928,28.385116],[-16.713001,28.385289],[-16.713071,28.385285],[-16.712958,28.384977]]],[[[-16.713438,28.384772],[-16.713348,28.384977],[-16.713485,28.385204],[-16.713592,28.384981],[-16.713438,28.384772]]],[[[-16.72285,28.384157],[-16.722626,28.38429],[-16.722776,28.384326],[-16.722809,28.384428],[-16.722902,28.384428],[-16.72285,28.384157]]],[[[-16.723687,28.384169],[-16.72353,28.38423],[-16.723591,28.38432],[-16.723708,28.384307],[-16.723687,28.384169]]],[[[-16.723566,28.383678],[-16.723301,28.383875],[-16.72324,28.384081],[-16.723276,28.3842],[-16.723368,28.384196],[-16.723387,28.384072],[-16.723658,28.383988],[-16.723672,28.38368],[-16.723566,28.383678]]],[[[-16.723803,28.383705],[-16.723733,28.383712],[-16.72375,28.383909],[-16.723871,28.383981],[-16.723937,28.383845],[-16.723803,28.383705]]],[[[-16.724358,28.38314],[-16.724205,28.383408],[-16.724303,28.383395],[-16.724434,28.383191],[-16.724358,28.38314]]]]}},{"type":"Feature","id":"38023","properties":{"cod_ine":"38023","nombre":"San Cristóbal de La Laguna","nombre_ine":"San Cristóbal de La Laguna","nombre_shp":"La Laguna","area_km2":102.455,"partes":13,"partes_roque":12},"geometry":{"type":"MultiPolygon","coordinates":[[[[-16.321213,28.579141],[-16.321378,28.579242],[-16.321658,28.579229],[-16.321772,28.57917],[-16.321851,28.579001],[-16.322111,28.578989],[-16.322318,28.579029],[-16.322437,28.579134],[-16.322629,28.579135],[-16.322999,28.578935],[-16.323095,28.578696],[-16.323403,28.578791],[-16.323573,28.578649],[-16.323918,28.578583],[-16.323997,28.578482],[-16.323756,28.577791],[-16.323821,28.577728],[-16.324074,28.577876],[-16.325193,28.578052],[-16.325271,28.577994],[-16.325277,28.577789],[-16.325452,28.577679],[-16.325447,28.577578],[-16.325681,28.577535],[-16.325698,28.577404],[-16.325894,28.577391],[-16.32627,28.577133],[-16.327256,28.576941],[-16.327505,28.576956],[-16.327524,28.577032],[-16.327645,28.577043],[-16.327736,28.577005],[-16.327739,28.576879],[-16.327857,28.576982],[-16.328126,28.576881],[-16.328156,28.576768],[-16.328394,28.576884],[-16.328507,28.577056],[-16.328915,28.576929],[-16.328998,28.576788],[-16.329133,28.576849],[-16.329452,28.576825],[-16.329527,28.576658],[-16.329396,28.576259],[-16.329601,28.576138],[-16.329731,28.575946],[-16.329524,28.575837],[-16.329391,28.575336],[-16.329186,28.575169],[-16.329354,28.575037],[-16.329184,28.574687],[-16.329231,28.574599],[-16.329757,28.574478],[-16.329798,28.574674],[-16.330208,28.57464],[-16.330238,28.574737],[-16.330611,28.574625],[-16.330798,28.57476],[-16.330755,28.574432],[-16.331181,28.573699],[-16.331322,28.573681],[-16.331524,28.573419],[-16.331775,28.57381],[-16.331964,28.573764],[-16.331861,28.57326],[-16.331772,28.57317],[-16.331837,28.573004],[-16.331754,28.572922],[-16.331819,28.572842],[-16.331729,28.572652],[-16.332055,28.57237],[-16.332274,28.572301],[-16.332303,28.572212],[-16.33216,28.572094],[-16.332205,28.57198],[-16.332329,28.571953],[-16.332297,28.571739],[-16.332484,28.571853],[-16.332552,28.571816],[-16.332339,28.571587],[-16.332441,28.571366],[-16.332801,28.571188],[-16.333029,28.57133],[-16.333235,28.571342],[-16.333668,28.571046],[-16.333884,28.57053],[-16.333669,28.570541],[-16.333598,28.570744],[-16.333433,28.570779],[-16.33337,28.570444],[-16.333169,28.570472],[-16.333044,28.570352],[-16.333081,28.570078],[-16.33322,28.569952],[-16.333213,28.569866],[-16.33311,28.569788],[-16.332857,28.569763],[-16.332705,28.569537],[-16.332748,28.569421],[-16.333063,28.569445],[-16.333036,28.569215],[-16.33319,28.569104],[-16.333561,28.569103],[-16.333492,28.568963],[-16.333539,28.568846],[-16.333434,28.568775],[-16.333135,28.568766],[-16.333065,28.568578],[-16.333037,28.568726],[-16.332898,28.568643],[-16.332813,28.568389],[-16.333002,28.568174],[-16.332813,28.568174],[-16.332536,28.568325],[-16.33242,28.568251],[-16.332959,28.567926],[-16.332598,28.56762],[-16.332673,28.567519],[-16.332952,28.567654],[-16.332898,28.56746],[-16.332999,28.567261],[-16.332628,28.566801],[-16.3323,28.566674],[-16.332219,28.56639],[-16.332294,28.566209],[-16.331805,28.565945],[-16.331616,28.565384],[-16.33185,28.56492],[-16.332162,28.564852],[-16.33238,28.564884],[-16.332527,28.564649],[-16.332933,28.564646],[-16.332828,28.564551],[-16.332589,28.564519],[-16.332305,28.564709],[-16.331948,28.564736],[-16.331976,28.564567],[-16.332253,28.564598],[-16.332226,28.56446],[-16.332392,28.564338],[-16.332105,28.564319],[-16.331924,28.563688],[-16.331987,28.563513],[-16.332236,28.563279],[-16.332903,28.563003],[-16.333129,28.562793],[-16.333171,28.562493],[-16.332894,28.561449],[-16.332994,28.558938],[-16.333405,28.558183],[-16.334005,28.557546],[-16.334545,28.55739],[-16.335107,28.557411],[-16.335359,28.557355],[-16.336405,28.556351],[-16.337065,28.55611],[-16.339586,28.556473],[-16.341043,28.556367],[-16.342701,28.556424],[-16.342955,28.556501],[-16.343383,28.556789],[-16.344339,28.556754],[-16.345496,28.55628],[-16.346336,28.555544],[-16.346336,28.555416],[-16.346134,28.555373],[-16.345775,28.555562],[-16.345394,28.555884],[-16.34522,28.555835],[-16.345146,28.555704],[-16.345318,28.555269],[-16.345492,28.555056],[-16.346034,28.554814],[-16.346174,28.554827],[-16.346324,28.554997],[-16.346694,28.554618],[-16.346844,28.554534],[-16.347023,28.554555],[-16.347151,28.554379],[-16.347526,28.554611],[-16.347617,28.554575],[-16.347637,28.55444],[-16.347813,28.55453],[-16.348043,28.554416],[-16.347913,28.554186],[-16.348458,28.554252],[-16.348237,28.554109],[-16.349087,28.553377],[-16.34918,28.553203],[-16.3495,28.552959],[-16.349747,28.552881],[-16.34997,28.552852],[-16.350248,28.553082],[-16.350708,28.552919],[-16.351071,28.552908],[-16.351738,28.553165],[-16.351865,28.553125],[-16.351853,28.552922],[-16.351934,28.552867],[-16.352672,28.552822],[-16.353034,28.552889],[-16.353208,28.552982],[-16.353355,28.553241],[-16.353595,28.553241],[-16.353734,28.553408],[-16.353854,28.553418],[-16.353962,28.553314],[-16.353917,28.55305],[-16.354087,28.553057],[-16.354147,28.552979],[-16.354094,28.552664],[-16.354311,28.5525],[-16.354472,28.552593],[-16.354511,28.552544],[-16.354359,28.55227],[-16.354368,28.551674],[-16.354184,28.550708],[-16.354278,28.550002],[-16.354496,28.549677],[-16.355019,28.549551],[-16.355749,28.549752],[-16.355469,28.549909],[-16.355737,28.549891],[-16.355906,28.549988],[-16.355863,28.550204],[-16.35631,28.550256],[-16.356591,28.550191],[-16.356706,28.550355],[-16.356847,28.550338],[-16.356913,28.55007],[-16.356476,28.549656],[-16.356931,28.54945],[-16.357184,28.549598],[-16.357109,28.549835],[-16.357302,28.550134],[-16.357441,28.549984],[-16.357203,28.549704],[-16.357419,28.549588],[-16.35737,28.549483],[-16.35751,28.549131],[-16.357393,28.548785],[-16.35767,28.548046],[-16.358255,28.548156],[-16.358294,28.548315],[-16.358492,28.548399],[-16.358451,28.548818],[-16.358574,28.549004],[-16.35862,28.548944],[-16.358718,28.548993],[-16.358897,28.54895],[-16.358959,28.549218],[-16.359156,28.54904],[-16.35937,28.549053],[-16.359218,28.549187],[-16.359204,28.549395],[-16.359326,28.549591],[-16.359696,28.549712],[-16.359651,28.549483],[-16.3598,28.549211],[-16.35996,28.549201],[-16.36043,28.548558],[-16.360587,28.548547],[-16.361006,28.548252],[-16.36113,28.547991],[-16.36103,28.548353],[-16.361246,28.548474],[-16.362032,28.548162],[-16.362194,28.547972],[-16.362427,28.547278],[-16.362622,28.547044],[-16.362755,28.547099],[-16.362797,28.547227],[-16.362691,28.547457],[-16.362879,28.547731],[-16.362924,28.548026],[-16.363174,28.547903],[-16.36334,28.547996],[-16.363595,28.547902],[-16.36368,28.547985],[-16.363814,28.547961],[-16.364008,28.547696],[-16.364118,28.547238],[-16.364301,28.547161],[-16.364428,28.546972],[-16.364593,28.54643],[-16.364712,28.546294],[-16.364892,28.546342],[-16.365086,28.546153],[-16.365031,28.546011],[-16.364873,28.546045],[-16.364896,28.54593],[-16.364989,28.545823],[-16.365192,28.545819],[-16.365251,28.545475],[-16.365386,28.545308],[-16.365604,28.545207],[-16.365841,28.5452],[-16.366266,28.545468],[-16.366541,28.545792],[-16.36659,28.546146],[-16.366646,28.546055],[-16.366743,28.546122],[-16.366896,28.546074],[-16.367037,28.546301],[-16.367555,28.546169],[-16.367754,28.546349],[-16.367886,28.54633],[-16.368149,28.546499],[-16.36823,28.546747],[-16.368053,28.546809],[-16.368024,28.546898],[-16.368186,28.547017],[-16.367715,28.547374],[-16.367761,28.547525],[-16.367994,28.547487],[-16.368137,28.547564],[-16.368329,28.547478],[-16.368369,28.546894],[-16.368841,28.54675],[-16.369512,28.546665],[-16.369743,28.546702],[-16.370131,28.546924],[-16.370071,28.547102],[-16.369885,28.54721],[-16.369931,28.547371],[-16.369858,28.547549],[-16.369973,28.547659],[-16.370069,28.547613],[-16.370223,28.547694],[-16.370358,28.547533],[-16.370599,28.547673],[-16.370834,28.547522],[-16.370896,28.547411],[-16.370821,28.547011],[-16.370943,28.546871],[-16.371323,28.546932],[-16.371176,28.547454],[-16.371518,28.547073],[-16.371658,28.547045],[-16.371678,28.547282],[-16.371476,28.547565],[-16.371621,28.547591],[-16.371796,28.547358],[-16.371827,28.547601],[-16.37195,28.547442],[-16.371923,28.547308],[-16.372048,28.547296],[-16.37202,28.547076],[-16.372168,28.547043],[-16.372118,28.546911],[-16.372214,28.546884],[-16.372295,28.546704],[-16.372305,28.546345],[-16.372857,28.54625],[-16.373318,28.546323],[-16.373541,28.546772],[-16.373816,28.546822],[-16.374068,28.547099],[-16.374228,28.547152],[-16.374203,28.547228],[-16.374373,28.547373],[-16.37465,28.547487],[-16.374642,28.547634],[-16.374759,28.547739],[-16.374836,28.54748],[-16.37506,28.547552],[-16.375193,28.547461],[-16.375512,28.547451],[-16.375571,28.547626],[-16.37584,28.547562],[-16.376014,28.547678],[-16.376178,28.547627],[-16.37629,28.547897],[-16.376737,28.547771],[-16.377182,28.54787],[-16.377182,28.548004],[-16.377368,28.547922],[-16.37741,28.548186],[-16.377524,28.548102],[-16.377463,28.547967],[-16.377585,28.548074],[-16.37769,28.54803],[-16.377723,28.548147],[-16.377789,28.547905],[-16.377617,28.547691],[-16.378038,28.547529],[-16.378552,28.547551],[-16.378573,28.547847],[-16.378653,28.547772],[-16.378778,28.547955],[-16.378832,28.547945],[-16.378807,28.547746],[-16.379375,28.547611],[-16.379512,28.547619],[-16.379777,28.547782],[-16.380346,28.547815],[-16.380534,28.547625],[-16.380349,28.54688],[-16.380418,28.546417],[-16.380546,28.546344],[-16.380749,28.546398],[-16.380824,28.546581],[-16.380979,28.5467],[-16.381021,28.546528],[-16.381484,28.546529],[-16.38158,28.546608],[-16.381543,28.546829],[-16.381875,28.547095],[-16.381953,28.547042],[-16.381968,28.54673],[-16.3819,28.546529],[-16.382089,28.546471],[-16.382559,28.546552],[-16.382833,28.5468],[-16.382878,28.546988],[-16.3832,28.547117],[-16.38351,28.546304],[-16.383733,28.546202],[-16.383844,28.546291],[-16.384027,28.546304],[-16.383818,28.545995],[-16.383437,28.545952],[-16.383671,28.54565],[-16.383816,28.545629],[-16.38432,28.546186],[-16.384469,28.546193],[-16.38431,28.54604],[-16.384283,28.545779],[-16.384059,28.545546],[-16.38415,28.545416],[-16.384388,28.545296],[-16.384727,28.545422],[-16.384706,28.545489],[-16.384488,28.545478],[-16.384582,28.545616],[-16.384662,28.545643],[-16.384833,28.545498],[-16.38503,28.545796],[-16.385411,28.546107],[-16.385621,28.546126],[-16.385851,28.546026],[-16.385777,28.546268],[-16.385965,28.546321],[-16.386163,28.545725],[-16.386128,28.545403],[-16.386194,28.545384],[-16.386285,28.545502],[-16.38636,28.545399],[-16.386126,28.545177],[-16.386136,28.545086],[-16.386014,28.545031],[-16.385855,28.544721],[-16.38595,28.544648],[-16.386154,28.544655],[-16.386159,28.544517],[-16.38608,28.544448],[-16.386135,28.544354],[-16.386396,28.544156],[-16.386716,28.54407],[-16.386745,28.543872],[-16.387002,28.54367],[-16.387393,28.543565],[-16.387752,28.543625],[-16.387717,28.544161],[-16.388023,28.544298],[-16.388051,28.544501],[-16.388174,28.544531],[-16.388159,28.544373],[-16.387877,28.543995],[-16.387971,28.543954],[-16.388117,28.544143],[-16.388253,28.544164],[-16.388012,28.543809],[-16.388263,28.543668],[-16.388334,28.543691],[-16.388628,28.544035],[-16.38882,28.543831],[-16.388651,28.543516],[-16.388793,28.54347],[-16.389002,28.543605],[-16.389078,28.543516],[-16.389256,28.543669],[-16.389298,28.543263],[-16.389454,28.543367],[-16.38977,28.54342],[-16.389756,28.543225],[-16.389566,28.543152],[-16.389566,28.543081],[-16.389754,28.542908],[-16.390059,28.542862],[-16.390063,28.542443],[-16.390211,28.542484],[-16.390335,28.542405],[-16.390475,28.542462],[-16.390509,28.542382],[-16.39076,28.542309],[-16.391048,28.542431],[-16.391387,28.542428],[-16.39155,28.542248],[-16.391504,28.542076],[-16.391772,28.5418],[-16.391914,28.541762],[-16.391955,28.54152],[-16.391847,28.541367],[-16.392168,28.54103],[-16.392708,28.541287],[-16.392913,28.541162],[-16.393213,28.541259],[-16.393292,28.541221],[-16.393307,28.540976],[-16.393162,28.540931],[-16.393102,28.540792],[-16.393286,28.540581],[-16.393524,28.54074],[-16.393794,28.540614],[-16.39412,28.540653],[-16.394152,28.540746],[-16.394246,28.540753],[-16.394366,28.540631],[-16.394121,28.540586],[-16.394236,28.540497],[-16.394145,28.540459],[-16.39432,28.540452],[-16.394392,28.540374],[-16.394571,28.540457],[-16.394574,28.540373],[-16.394703,28.54038],[-16.394706,28.540318],[-16.39493,28.54036],[-16.394865,28.540124],[-16.395168,28.540158],[-16.395412,28.540083],[-16.395316,28.540037],[-16.395346,28.539983],[-16.395065,28.539964],[-16.395012,28.539903],[-16.395068,28.539772],[-16.395235,28.539847],[-16.395358,28.539758],[-16.395075,28.539464],[-16.395168,28.539285],[-16.39542,28.539392],[-16.395256,28.539187],[-16.395346,28.539002],[-16.395194,28.538868],[-16.395342,28.538709],[-16.395188,28.538614],[-16.395254,28.538411],[-16.395395,28.538319],[-16.395782,28.538601],[-16.395815,28.538558],[-16.395535,28.538259],[-16.395713,28.538049],[-16.396037,28.537927],[-16.396671,28.537919],[-16.396823,28.5381],[-16.396957,28.538095],[-16.397093,28.538283],[-16.397221,28.538271],[-16.397273,28.538364],[-16.397532,28.538407],[-16.397676,28.538293],[-16.397735,28.538164],[-16.39755,28.538163],[-16.397448,28.538024],[-16.397601,28.537818],[-16.397479,28.53758],[-16.397595,28.537233],[-16.397686,28.537173],[-16.397666,28.536868],[-16.397749,28.536805],[-16.397919,28.536891],[-16.397888,28.536763],[-16.398028,28.536407],[-16.398173,28.536254],[-16.398153,28.536038],[-16.398277,28.535826],[-16.398135,28.535298],[-16.398038,28.534389],[-16.398125,28.534145],[-16.398324,28.533907],[-16.398307,28.533711],[-16.398435,28.533562],[-16.398788,28.53337],[-16.399131,28.533519],[-16.399286,28.53328],[-16.399677,28.533148],[-16.4,28.533136],[-16.400217,28.53315],[-16.400494,28.533277],[-16.40055,28.5334],[-16.400682,28.53346],[-16.400788,28.533788],[-16.401004,28.533937],[-16.401143,28.533891],[-16.401053,28.533784],[-16.401009,28.533466],[-16.401325,28.533306],[-16.401741,28.533299],[-16.401742,28.533419],[-16.401858,28.533312],[-16.402084,28.533605],[-16.402249,28.533613],[-16.402086,28.533273],[-16.402252,28.533173],[-16.402587,28.533185],[-16.402647,28.533132],[-16.402635,28.533004],[-16.402527,28.532942],[-16.402723,28.532567],[-16.402649,28.532287],[-16.402834,28.531588],[-16.403121,28.531015],[-16.4034,28.53073],[-16.403856,28.530455],[-16.404419,28.530273],[-16.404837,28.53039],[-16.405127,28.530346],[-16.405137,28.530218],[-16.405251,28.530392],[-16.405387,28.530354],[-16.405348,28.530256],[-16.40543,28.530113],[-16.405812,28.529824],[-16.405938,28.529834],[-16.405967,28.529729],[-16.406236,28.529725],[-16.406257,28.529533],[-16.406358,28.5295],[-16.406325,28.5294],[-16.406703,28.529162],[-16.406907,28.52888],[-16.407115,28.528874],[-16.4071,28.528742],[-16.407279,28.528676],[-16.407605,28.528329],[-16.408421,28.527855],[-16.40895,28.527401],[-16.409308,28.527272],[-16.409462,28.527437],[-16.409554,28.527427],[-16.410153,28.527071],[-16.410206,28.526832],[-16.410563,28.527069],[-16.410688,28.526915],[-16.410731,28.527118],[-16.410855,28.527023],[-16.410922,28.527141],[-16.411016,28.526987],[-16.410928,28.52674],[-16.410979,28.526591],[-16.409315,28.524614],[-16.408267,28.523585],[-16.407597,28.522791],[-16.407282,28.522246],[-16.407142,28.521586],[-16.406858,28.521381],[-16.406347,28.520737],[-16.405655,28.520493],[-16.405286,28.52003],[-16.403797,28.517446],[-16.40332,28.51635],[-16.402353,28.514623],[-16.401815,28.513345],[-16.401422,28.51269],[-16.400937,28.511328],[-16.400264,28.510455],[-16.399954,28.509806],[-16.397654,28.50823],[-16.395998,28.50729],[-16.395032,28.506571],[-16.393892,28.506039],[-16.392581,28.505042],[-16.393527,28.504448],[-16.392923,28.503874],[-16.391078,28.502458],[-16.39021,28.501503],[-16.38886,28.500195],[-16.388149,28.499769],[-16.387335,28.499437],[-16.386794,28.499264],[-16.386063,28.499147],[-16.385425,28.498892],[-16.384922,28.498525],[-16.384639,28.497952],[-16.382884,28.496637],[-16.382613,28.4962],[-16.381804,28.495432],[-16.380502,28.494635],[-16.37717,28.492934],[-16.376397,28.492395],[-16.375225,28.491893],[-16.374827,28.491123],[-16.37462,28.490423],[-16.374741,28.490196],[-16.374803,28.489338],[-16.37445,28.485951],[-16.374004,28.48179],[-16.373705,28.480137],[-16.373283,28.475581],[-16.372689,28.471833],[-16.374443,28.471449],[-16.375951,28.471436],[-16.377519,28.47124],[-16.377729,28.469142],[-16.378623,28.466342],[-16.378633,28.466109],[-16.378931,28.46582],[-16.379165,28.464987],[-16.379577,28.46443],[-16.379597,28.463572],[-16.379714,28.463206],[-16.380555,28.461798],[-16.38056,28.461462],[-16.380369,28.461042],[-16.380548,28.460519],[-16.380693,28.459486],[-16.381004,28.458141],[-16.381731,28.456396],[-16.382727,28.4551],[-16.383554,28.453164],[-16.383464,28.451076],[-16.382657,28.450389],[-16.382676,28.451447],[-16.382588,28.45194],[-16.382288,28.4529],[-16.381941,28.453456],[-16.381413,28.453811],[-16.379547,28.454268],[-16.379086,28.454476],[-16.378158,28.45536],[-16.377151,28.456905],[-16.376814,28.45881],[-16.376457,28.459888],[-16.376576,28.461302],[-16.376352,28.461773],[-16.375971,28.462253],[-16.375559,28.462571],[-16.375122,28.463069],[-16.374678,28.463379],[-16.373956,28.463731],[-16.373637,28.46403],[-16.37323,28.464564],[-16.373007,28.465444],[-16.372429,28.466057],[-16.371472,28.466924],[-16.370435,28.467586],[-16.368699,28.469206],[-16.367964,28.469028],[-16.366571,28.468465],[-16.365353,28.468105],[-16.364641,28.46771],[-16.363317,28.467256],[-16.359799,28.466671],[-16.358448,28.466254],[-16.356037,28.465854],[-16.353063,28.46506],[-16.351004,28.464927],[-16.348689,28.464413],[-16.347215,28.464238],[-16.345543,28.463923],[-16.344161,28.463485],[-16.343133,28.462735],[-16.342562,28.462188],[-16.341861,28.461184],[-16.341358,28.460018],[-16.341195,28.459897],[-16.340557,28.459786],[-16.340222,28.459503],[-16.339829,28.458898],[-16.339394,28.458735],[-16.339139,28.458474],[-16.33863,28.458411],[-16.338382,28.458289],[-16.338168,28.458303],[-16.337405,28.458039],[-16.337156,28.457685],[-16.336647,28.457492],[-16.335888,28.457016],[-16.335472,28.456887],[-16.335287,28.456684],[-16.335265,28.45637],[-16.335163,28.456245],[-16.334841,28.456029],[-16.334468,28.455959],[-16.334184,28.455659],[-16.333924,28.455513],[-16.33318,28.455256],[-16.332503,28.455459],[-16.331531,28.455374],[-16.331274,28.455184],[-16.330832,28.455065],[-16.33041,28.454793],[-16.3299,28.454607],[-16.329685,28.454417],[-16.329479,28.453983],[-16.328964,28.453539],[-16.32894,28.453449],[-16.329122,28.453073],[-16.329066,28.452886],[-16.3286,28.452661],[-16.327879,28.452034],[-16.327541,28.451861],[-16.32724,28.451034],[-16.326844,28.45041],[-16.32601,28.45008],[-16.325439,28.450009],[-16.32488,28.450111],[-16.324492,28.449962],[-16.323808,28.450142],[-16.323385,28.450094],[-16.32309,28.450228],[-16.32279,28.450752],[-16.322131,28.45056],[-16.321067,28.451064],[-16.320581,28.451153],[-16.320392,28.451089],[-16.320109,28.450823],[-16.319768,28.450811],[-16.319708,28.450613],[-16.318699,28.450187],[-16.317208,28.4501],[-16.316485,28.450285],[-16.314571,28.450153],[-16.313858,28.449886],[-16.313541,28.449486],[-16.312888,28.449573],[-16.312467,28.449476],[-16.311832,28.44948],[-16.311723,28.449381],[-16.3117,28.448989],[-16.31132,28.448803],[-16.311126,28.448518],[-16.311121,28.448358],[-16.310444,28.448078],[-16.309924,28.447598],[-16.308769,28.447569],[-16.308619,28.447008],[-16.308226,28.447082],[-16.308001,28.447244],[-16.307558,28.446955],[-16.307381,28.446916],[-16.307106,28.447007],[-16.306636,28.447354],[-16.306311,28.447315],[-16.305975,28.447122],[-16.305839,28.44713],[-16.305443,28.447379],[-16.305178,28.447423],[-16.304428,28.447143],[-16.303021,28.446286],[-16.302555,28.446236],[-16.302274,28.446117],[-16.301832,28.446184],[-16.301338,28.446049],[-16.300963,28.446035],[-16.299887,28.445594],[-16.299499,28.444668],[-16.298997,28.444025],[-16.298982,28.443572],[-16.299227,28.443159],[-16.300041,28.442618],[-16.300792,28.441343],[-16.300822,28.44116],[-16.300425,28.440331],[-16.300851,28.439941],[-16.300997,28.439541],[-16.300957,28.439268],[-16.300696,28.43893],[-16.300648,28.438321],[-16.300504,28.438128],[-16.299263,28.437434],[-16.298986,28.437184],[-16.299017,28.436947],[-16.299496,28.436739],[-16.299584,28.436628],[-16.299296,28.435651],[-16.299167,28.435494],[-16.298693,28.435206],[-16.298746,28.43486],[-16.298643,28.43471],[-16.297999,28.434495],[-16.297994,28.434131],[-16.297626,28.433485],[-16.297528,28.433159],[-16.296838,28.432545],[-16.296555,28.432385],[-16.296469,28.431612],[-16.294169,28.431972],[-16.293133,28.441801],[-16.289912,28.460168],[-16.282105,28.465612],[-16.281752,28.46617],[-16.278181,28.474026],[-16.272496,28.489525],[-16.272147,28.490227],[-16.271986,28.49131],[-16.271966,28.492059],[-16.271755,28.492796],[-16.27175,28.495028],[-16.271667,28.495751],[-16.271456,28.496398],[-16.270751,28.497612],[-16.270379,28.498728],[-16.270392,28.498906],[-16.270603,28.499224],[-16.271442,28.500006],[-16.271517,28.501695],[-16.272079,28.502216],[-16.272209,28.502289],[-16.272565,28.50225],[-16.2732,28.502594],[-16.274684,28.503597],[-16.275012,28.503915],[-16.275528,28.504061],[-16.275902,28.504071],[-16.276119,28.504179],[-16.276562,28.504784],[-16.277063,28.505179],[-16.277511,28.505922],[-16.278001,28.506526],[-16.278194,28.50664],[-16.278887,28.506811],[-16.279707,28.507519],[-16.280909,28.508178],[-16.281975,28.508637],[-16.282061,28.508758],[-16.282042,28.509079],[-16.282755,28.509282],[-16.2839,28.509465],[-16.284422,28.509688],[-16.284758,28.509951],[-16.285323,28.51109],[-16.285378,28.511658],[-16.285282,28.512218],[-16.285497,28.51352],[-16.285713,28.515887],[-16.285973,28.516607],[-16.285823,28.516913],[-16.285494,28.517171],[-16.284975,28.518433],[-16.284452,28.519081],[-16.28438,28.51953],[-16.284747,28.520021],[-16.28119,28.526316],[-16.280366,28.527335],[-16.280054,28.528143],[-16.279695,28.528575],[-16.280027,28.530188],[-16.279575,28.531372],[-16.27924,28.531969],[-16.278985,28.532792],[-16.27799,28.532878],[-16.27742,28.533037],[-16.27654,28.533454],[-16.274729,28.534579],[-16.274376,28.534733],[-16.27253,28.53508],[-16.271636,28.535102],[-16.2709,28.534897],[-16.270243,28.535027],[-16.269618,28.535317],[-16.269285,28.53571],[-16.26912,28.536053],[-16.268974,28.536569],[-16.270117,28.537379],[-16.269164,28.539746],[-16.269176,28.540274],[-16.268799,28.541026],[-16.268447,28.541456],[-16.268248,28.541648],[-16.267805,28.541756],[-16.267742,28.541831],[-16.267766,28.542462],[-16.267334,28.542963],[-16.26725,28.543579],[-16.267397,28.544135],[-16.267839,28.544312],[-16.268007,28.544649],[-16.268861,28.545523],[-16.269,28.545989],[-16.269018,28.546548],[-16.269201,28.546763],[-16.269464,28.546893],[-16.269808,28.547384],[-16.269594,28.548061],[-16.270863,28.549593],[-16.270804,28.549787],[-16.270491,28.549957],[-16.270418,28.550127],[-16.270537,28.550349],[-16.270509,28.55058],[-16.270636,28.551127],[-16.271305,28.551527],[-16.271193,28.551986],[-16.271173,28.552609],[-16.27126,28.553255],[-16.270824,28.553368],[-16.270328,28.553077],[-16.269943,28.553243],[-16.269812,28.553844],[-16.269795,28.554379],[-16.269486,28.554933],[-16.269539,28.555239],[-16.269146,28.5555],[-16.269296,28.555706],[-16.269631,28.555852],[-16.269993,28.555817],[-16.27008,28.555735],[-16.270648,28.555833],[-16.270676,28.556162],[-16.270356,28.556481],[-16.270275,28.557085],[-16.270904,28.557052],[-16.27112,28.557417],[-16.271151,28.557636],[-16.27074,28.557852],[-16.270225,28.557909],[-16.270238,28.558103],[-16.27057,28.558526],[-16.270825,28.558677],[-16.271531,28.558596],[-16.271779,28.558654],[-16.27176,28.55921],[-16.271334,28.559525],[-16.271379,28.55975],[-16.271786,28.5599],[-16.272166,28.559774],[-16.272507,28.559834],[-16.273184,28.560537],[-16.273332,28.560851],[-16.273358,28.56107],[-16.273295,28.561149],[-16.272452,28.561299],[-16.272539,28.561725],[-16.272445,28.562039],[-16.272009,28.562251],[-16.271589,28.562266],[-16.271476,28.562486],[-16.271773,28.562793],[-16.271922,28.563222],[-16.272093,28.563347],[-16.27262,28.563288],[-16.273008,28.563566],[-16.273388,28.563014],[-16.273658,28.562874],[-16.27379,28.563002],[-16.27378,28.563363],[-16.273651,28.563745],[-16.273714,28.564171],[-16.273545,28.564836],[-16.273848,28.565176],[-16.273523,28.565425],[-16.273343,28.565411],[-16.273192,28.565232],[-16.272995,28.565184],[-16.27276,28.5652],[-16.272623,28.565397],[-16.272684,28.565575],[-16.273228,28.56576],[-16.273582,28.565982],[-16.273624,28.566121],[-16.273107,28.566587],[-16.272616,28.567406],[-16.272774,28.567677],[-16.272801,28.568146],[-16.273041,28.568665],[-16.273219,28.568745],[-16.273798,28.568676],[-16.274,28.568807],[-16.274034,28.569252],[-16.273784,28.569448],[-16.273771,28.569635],[-16.273984,28.569697],[-16.274302,28.569633],[-16.274921,28.569753],[-16.274967,28.569974],[-16.274497,28.570545],[-16.274441,28.570863],[-16.274022,28.571242],[-16.274026,28.571503],[-16.274465,28.572145],[-16.27468,28.572183],[-16.275057,28.571882],[-16.275388,28.571773],[-16.275963,28.572126],[-16.276037,28.572297],[-16.276323,28.57198],[-16.276156,28.57169],[-16.276481,28.571452],[-16.277294,28.571266],[-16.277902,28.571336],[-16.278532,28.571663],[-16.278605,28.571828],[-16.278503,28.572034],[-16.27865,28.572072],[-16.278947,28.571992],[-16.278935,28.572251],[-16.279053,28.572359],[-16.27913,28.572285],[-16.279318,28.572458],[-16.279455,28.572479],[-16.279605,28.572786],[-16.279969,28.573201],[-16.280114,28.57319],[-16.280146,28.572871],[-16.280298,28.573042],[-16.280519,28.572925],[-16.280583,28.572607],[-16.280783,28.57262],[-16.280894,28.572982],[-16.281269,28.573342],[-16.281028,28.573862],[-16.281298,28.573923],[-16.281494,28.57378],[-16.281549,28.57382],[-16.281435,28.574209],[-16.28156,28.574339],[-16.282106,28.574508],[-16.282319,28.57449],[-16.282326,28.57478],[-16.282287,28.574875],[-16.282074,28.574949],[-16.282088,28.575122],[-16.282274,28.575194],[-16.282364,28.574944],[-16.282498,28.574992],[-16.282644,28.575275],[-16.28264,28.575575],[-16.282936,28.575555],[-16.283263,28.575819],[-16.283551,28.575876],[-16.283708,28.576201],[-16.284153,28.575853],[-16.283895,28.575553],[-16.2844,28.575659],[-16.284677,28.576056],[-16.284696,28.576299],[-16.284623,28.576437],[-16.284781,28.576391],[-16.285096,28.576499],[-16.28531,28.576494],[-16.285567,28.576452],[-16.285605,28.576349],[-16.285802,28.576261],[-16.286143,28.576315],[-16.286465,28.57607],[-16.286447,28.575955],[-16.286095,28.575845],[-16.285911,28.575662],[-16.28588,28.575523],[-16.286276,28.575498],[-16.286312,28.575427],[-16.285788,28.574923],[-16.285885,28.574849],[-16.286139,28.57487],[-16.286172,28.574813],[-16.286021,28.574615],[-16.286066,28.574442],[-16.285921,28.574215],[-16.286261,28.573731],[-16.286323,28.572888],[-16.286508,28.572555],[-16.28687,28.572478],[-16.286958,28.572198],[-16.287103,28.572175],[-16.28723,28.572257],[-16.287294,28.572125],[-16.287464,28.572073],[-16.287702,28.571564],[-16.288032,28.571135],[-16.288581,28.570837],[-16.289027,28.570889],[-16.289462,28.570799],[-16.289558,28.570665],[-16.289914,28.570608],[-16.290254,28.570338],[-16.29131,28.570194],[-16.291552,28.570491],[-16.291705,28.570542],[-16.292077,28.570494],[-16.292072,28.570616],[-16.292591,28.570852],[-16.292563,28.571077],[-16.292692,28.571237],[-16.292904,28.57134],[-16.292882,28.571497],[-16.293083,28.571661],[-16.293079,28.571785],[-16.293437,28.57187],[-16.293588,28.571749],[-16.293547,28.571649],[-16.293324,28.571663],[-16.293347,28.571565],[-16.293495,28.571368],[-16.293752,28.571451],[-16.293772,28.571407],[-16.293765,28.57135],[-16.29351,28.57131],[-16.294284,28.571247],[-16.294364,28.571061],[-16.294275,28.571017],[-16.294259,28.570763],[-16.294464,28.570734],[-16.294682,28.570598],[-16.294679,28.570399],[-16.294506,28.570119],[-16.294644,28.56987],[-16.294977,28.569711],[-16.295237,28.569757],[-16.295691,28.569383],[-16.296387,28.569126],[-16.296668,28.569254],[-16.297024,28.56912],[-16.297994,28.569413],[-16.298039,28.569743],[-16.297879,28.570336],[-16.298044,28.570584],[-16.298175,28.570551],[-16.298225,28.570296],[-16.298162,28.570187],[-16.298309,28.570409],[-16.298513,28.570215],[-16.298577,28.570002],[-16.298743,28.570207],[-16.298765,28.570442],[-16.298901,28.57049],[-16.299044,28.570254],[-16.298938,28.569963],[-16.298972,28.569805],[-16.299198,28.569674],[-16.299574,28.569656],[-16.299691,28.570081],[-16.299916,28.570106],[-16.300048,28.570047],[-16.300343,28.570289],[-16.300308,28.570506],[-16.300487,28.570608],[-16.30052,28.570801],[-16.300777,28.570761],[-16.300911,28.570831],[-16.300608,28.571316],[-16.300889,28.571231],[-16.300982,28.571031],[-16.301291,28.570878],[-16.301475,28.571006],[-16.301171,28.571009],[-16.301198,28.571328],[-16.301232,28.571396],[-16.301452,28.571441],[-16.30148,28.571238],[-16.301375,28.571262],[-16.301324,28.571179],[-16.301543,28.571158],[-16.30166,28.57123],[-16.301848,28.570751],[-16.302128,28.570883],[-16.302378,28.570663],[-16.303538,28.570799],[-16.303787,28.571019],[-16.303873,28.571403],[-16.30423,28.571771],[-16.304267,28.571848],[-16.304167,28.572041],[-16.304538,28.572014],[-16.304829,28.572094],[-16.304892,28.572274],[-16.305143,28.572147],[-16.305142,28.572425],[-16.305033,28.572558],[-16.305553,28.572456],[-16.305809,28.572573],[-16.305987,28.572439],[-16.306137,28.572465],[-16.306372,28.572366],[-16.306391,28.572657],[-16.306319,28.572751],[-16.306417,28.572887],[-16.30659,28.572955],[-16.306524,28.573088],[-16.306675,28.573239],[-16.306436,28.573251],[-16.30636,28.573341],[-16.306751,28.573404],[-16.30654,28.57356],[-16.306582,28.573901],[-16.306733,28.574095],[-16.306974,28.574221],[-16.307011,28.57442],[-16.307092,28.574445],[-16.307446,28.574413],[-16.307904,28.57412],[-16.307888,28.574061],[-16.307635,28.574],[-16.307663,28.573934],[-16.308343,28.573989],[-16.308352,28.573837],[-16.308452,28.57373],[-16.308303,28.57357],[-16.30803,28.573535],[-16.307996,28.573465],[-16.308615,28.573531],[-16.308674,28.573385],[-16.308422,28.573232],[-16.308988,28.573104],[-16.309506,28.57259],[-16.309733,28.572626],[-16.309942,28.572532],[-16.309941,28.572212],[-16.31011,28.57197],[-16.310048,28.571815],[-16.310472,28.571648],[-16.310695,28.571448],[-16.311148,28.571335],[-16.311954,28.571308],[-16.312562,28.571482],[-16.313101,28.571753],[-16.313475,28.571802],[-16.314128,28.571629],[-16.315091,28.571127],[-16.315584,28.571083],[-16.316104,28.571319],[-16.31642,28.571689],[-16.316501,28.571951],[-16.316219,28.572245],[-16.316736,28.572217],[-16.316419,28.572568],[-16.31641,28.57274],[-16.316983,28.573488],[-16.317201,28.573707],[-16.317366,28.573751],[-16.317434,28.573959],[-16.317253,28.574141],[-16.317167,28.574428],[-16.316646,28.574527],[-16.316302,28.574457],[-16.316054,28.574897],[-16.316278,28.575008],[-16.316337,28.574632],[-16.316596,28.574799],[-16.316654,28.574959],[-16.316944,28.574799],[-16.317164,28.574538],[-16.317291,28.574637],[-16.317441,28.574598],[-16.317551,28.574697],[-16.317586,28.574859],[-16.31747,28.57519],[-16.317704,28.575396],[-16.317785,28.575867],[-16.318095,28.576121],[-16.318173,28.576313],[-16.318451,28.576584],[-16.318445,28.576702],[-16.318208,28.576777],[-16.31837,28.57694],[-16.31846,28.577394],[-16.318672,28.57756],[-16.318422,28.577698],[-16.318282,28.577938],[-16.31825,28.578389],[-16.31916,28.578781],[-16.319546,28.578801],[-16.320833,28.579154],[-16.321213,28.579141]],[[-16.334449,28.545727],[-16.333179,28.545746],[-16.332688,28.545672],[-16.331205,28.545255],[-16.329716,28.545168],[-16.328926,28.544743],[-16.328433,28.544184],[-16.327686,28.543701],[-16.32619,28.543084],[-16.325533,28.543127],[-16.32375,28.542724],[-16.323116,28.542683],[-16.321864,28.542817],[-16.321162,28.543106],[-16.320608,28.541886],[-16.320309,28.541535],[-16.319796,28.541152],[-16.319077,28.540953],[-16.318461,28.540853],[-16.317947,28.540901],[-16.317612,28.541024],[-16.317266,28.541348],[-16.317003,28.541391],[-16.316338,28.541075],[-16.315942,28.540986],[-16.314825,28.541394],[-16.31435,28.541385],[-16.313903,28.541141],[-16.313357,28.540684],[-16.312682,28.540372],[-16.312327,28.539931],[-16.311017,28.539716],[-16.310629,28.539422],[-16.310059,28.539143],[-16.309213,28.538935],[-16.308094,28.539212],[-16.307779,28.539228],[-16.306862,28.538788],[-16.305518,28.538794],[-16.303517,28.538213],[-16.302801,28.537607],[-16.30164,28.536417],[-16.301034,28.536157],[-16.299422,28.535143],[-16.298366,28.534594],[-16.297729,28.534634],[-16.297005,28.534535],[-16.294854,28.534747],[-16.293835,28.534727],[-16.293151,28.534163],[-16.29247,28.532543],[-16.293194,28.531902],[-16.29332,28.531145],[-16.293434,28.530932],[-16.294134,28.530785],[-16.29498,28.530253],[-16.295817,28.529918],[-16.296135,28.529638],[-16.296196,28.529391],[-16.296124,28.529182],[-16.295288,28.528335],[-16.295066,28.528003],[-16.29505,28.527737],[-16.29657,28.526254],[-16.296842,28.525734],[-16.297687,28.524528],[-16.297692,28.52433],[-16.297437,28.523743],[-16.297477,28.523404],[-16.298289,28.522799],[-16.298847,28.5222],[-16.299429,28.520935],[-16.299825,28.520401],[-16.299906,28.519681],[-16.300117,28.519139],[-16.301599,28.518031],[-16.302032,28.517467],[-16.302687,28.516996],[-16.303743,28.515774],[-16.305084,28.514775],[-16.306228,28.513778],[-16.306629,28.513075],[-16.307238,28.51237],[-16.308003,28.511922],[-16.309546,28.511614],[-16.311424,28.511255],[-16.31274,28.510891],[-16.314158,28.510721],[-16.316025,28.510272],[-16.316272,28.510134],[-16.316307,28.509922],[-16.31594,28.508533],[-16.315996,28.508305],[-16.319902,28.507613],[-16.320267,28.508356],[-16.321148,28.509503],[-16.322526,28.510739],[-16.32352,28.511334],[-16.324424,28.511709],[-16.3265,28.510098],[-16.327844,28.508776],[-16.328366,28.508458],[-16.329393,28.507992],[-16.3299,28.507597],[-16.330339,28.507109],[-16.33145,28.506325],[-16.332397,28.505898],[-16.334336,28.504699],[-16.335077,28.504459],[-16.335721,28.504471],[-16.335915,28.503524],[-16.336432,28.50253],[-16.336736,28.502121],[-16.337289,28.501619],[-16.339001,28.500648],[-16.340185,28.499549],[-16.341367,28.499117],[-16.34313,28.498159],[-16.343896,28.498045],[-16.344718,28.497776],[-16.345088,28.497318],[-16.34534,28.497142],[-16.345887,28.496963],[-16.346197,28.496667],[-16.347164,28.496129],[-16.347186,28.495978],[-16.348011,28.495385],[-16.348581,28.494432],[-16.349047,28.494059],[-16.349221,28.493564],[-16.34958,28.49328],[-16.351478,28.492108],[-16.354266,28.49102],[-16.354906,28.49068],[-16.358188,28.491272],[-16.35876,28.491873],[-16.359245,28.492554],[-16.359615,28.492826],[-16.360292,28.493081],[-16.361011,28.493159],[-16.361911,28.493068],[-16.36225,28.49295],[-16.362835,28.49341],[-16.363283,28.494451],[-16.363362,28.494494],[-16.363262,28.494978],[-16.363331,28.495221],[-16.363669,28.495475],[-16.363803,28.495814],[-16.364048,28.496141],[-16.364811,28.496661],[-16.365204,28.497287],[-16.365461,28.497384],[-16.366295,28.497132],[-16.367085,28.49727],[-16.367447,28.497416],[-16.36791,28.497799],[-16.36883,28.497988],[-16.369382,28.498315],[-16.370268,28.4987],[-16.371118,28.498927],[-16.371287,28.499022],[-16.371433,28.499232],[-16.3718,28.500242],[-16.372324,28.500537],[-16.372634,28.500834],[-16.373027,28.501613],[-16.373074,28.501905],[-16.372821,28.502468],[-16.372233,28.503173],[-16.372121,28.503837],[-16.372188,28.504265],[-16.372704,28.505395],[-16.371704,28.506718],[-16.371461,28.507341],[-16.371498,28.507637],[-16.371996,28.508737],[-16.371957,28.508956],[-16.371666,28.50942],[-16.371567,28.509829],[-16.371569,28.510878],[-16.372168,28.512679],[-16.372291,28.513779],[-16.372882,28.514694],[-16.372515,28.51572],[-16.372144,28.516217],[-16.372238,28.516808],[-16.372195,28.517469],[-16.371952,28.517463],[-16.371188,28.517921],[-16.36774,28.520148],[-16.365027,28.521412],[-16.360719,28.524031],[-16.357691,28.526027],[-16.354564,28.527276],[-16.35307,28.527747],[-16.35202,28.528607],[-16.351118,28.529069],[-16.352135,28.530624],[-16.349429,28.535532],[-16.348349,28.536121],[-16.348137,28.53616],[-16.347144,28.539685],[-16.346006,28.543187],[-16.34313,28.542766],[-16.343097,28.545095],[-16.341892,28.5451],[-16.340703,28.545277],[-16.339182,28.545712],[-16.338515,28.5457],[-16.338115,28.545571],[-16.337562,28.545518],[-16.337096,28.545543],[-16.335602,28.545699],[-16.335241,28.545949],[-16.334449,28.545727]]],[[[-16.308098,28.574129],[-16.308023,28.574137],[-16.308006,28.57432],[-16.307793,28.574486],[-16.307896,28.574512],[-16.308221,28.574344],[-16.308098,28.574129]]],[[[-16.316619,28.573732],[-16.316373,28.573867],[-16.316141,28.573777],[-16.316164,28.573945],[-16.316262,28.574074],[-16.316406,28.574077],[-16.316667,28.573835],[-16.316619,28.573732]]],[[[-16.316197,28.572843],[-16.316065,28.572974],[-16.316297,28.572989],[-16.316019,28.573227],[-16.316114,28.573142],[-16.316149,28.57326],[-16.316252,28.573252],[-16.316427,28.573008],[-16.316197,28.572843]]],[[[-16.276288,28.572901],[-16.276127,28.572944],[-16.276133,28.573148],[-16.275985,28.573252],[-16.276507,28.573346],[-16.276597,28.573324],[-16.276445,28.57315],[-16.276528,28.572965],[-16.276288,28.572901]]],[[[-16.316123,28.572597],[-16.31598,28.572747],[-16.316146,28.572788],[-16.316211,28.572717],[-16.316123,28.572597]]],[[[-16.305298,28.572604],[-16.305099,28.572737],[-16.305295,28.572733],[-16.3054,28.572682],[-16.305298,28.572604]]],[[[-16.292929,28.572381],[-16.292723,28.57244],[-16.292739,28.57264],[-16.292819,28.572708],[-16.293016,28.572546],[-16.293018,28.572407],[-16.292929,28.572381]]],[[[-16.275778,28.572407],[-16.275617,28.572515],[-16.275659,28.572715],[-16.27572,28.572713],[-16.275908,28.572541],[-16.275778,28.572407]]],[[[-16.316296,28.57169],[-16.316103,28.571787],[-16.316166,28.571858],[-16.316281,28.571831],[-16.316296,28.57169]]],[[[-16.302199,28.57122],[-16.302026,28.571319],[-16.301966,28.571565],[-16.302261,28.571347],[-16.302199,28.57122]]],[[[-16.361774,28.549014],[-16.361676,28.549196],[-16.36186,28.549385],[-16.36202,28.549247],[-16.361774,28.549014]]],[[[-16.36136,28.548782],[-16.361192,28.54898],[-16.36132,28.549021],[-16.36154,28.548908],[-16.36136,28.548782]]]]}},{"type":"Feature","id":"38025","properties":{"cod_ine":"38025","nombre":"La Matanza de Acentejo","nombre_ine":"Matanza de Acentejo, La","nombre_shp":"La Matanza de Acentejo","area_km2":13.889,"partes":6,"partes_roque":5},"geometry":{"type":"MultiPolygon","coordinates":[[[[-16.408723,28.413974],[-16.408804,28.418868],[-16.409232,28.419476],[-16.410241,28.420057],[-16.411129,28.421006],[-16.413535,28.424808],[-16.415159,28.428311],[-16.416201,28.431008],[-16.416797,28.432078],[-16.417507,28.43272],[-16.418301,28.43387],[-16.418483,28.434434],[-16.418811,28.435013],[-16.419475,28.436669],[-16.420017,28.437511],[-16.420181,28.4376],[-16.421244,28.437645],[-16.421605,28.437802],[-16.42205,28.438293],[-16.422247,28.439061],[-16.422395,28.439213],[-16.422797,28.439299],[-16.423269,28.43961],[-16.42394,28.439494],[-16.424537,28.440072],[-16.424956,28.440269],[-16.425324,28.440312],[-16.426218,28.44086],[-16.426414,28.441359],[-16.426821,28.441844],[-16.426958,28.442154],[-16.427245,28.442275],[-16.427488,28.442501],[-16.427687,28.443176],[-16.427502,28.443566],[-16.427618,28.444289],[-16.427753,28.444556],[-16.427792,28.445239],[-16.427918,28.445466],[-16.428281,28.44566],[-16.428664,28.446475],[-16.428752,28.446939],[-16.429006,28.447507],[-16.42926,28.447863],[-16.429763,28.44835],[-16.43046,28.448665],[-16.430633,28.448833],[-16.430558,28.449113],[-16.430643,28.449367],[-16.431727,28.449724],[-16.43222,28.44978],[-16.432474,28.45003],[-16.432564,28.450241],[-16.432712,28.45032],[-16.433003,28.450329],[-16.433502,28.450197],[-16.434193,28.450406],[-16.434748,28.450306],[-16.435348,28.450918],[-16.435746,28.451148],[-16.436136,28.451304],[-16.436646,28.451245],[-16.436839,28.451294],[-16.437128,28.451576],[-16.437214,28.451882],[-16.4375,28.452163],[-16.438687,28.452396],[-16.438928,28.452507],[-16.439182,28.452768],[-16.439146,28.453348],[-16.439277,28.453453],[-16.439875,28.453611],[-16.440195,28.453831],[-16.44052,28.453789],[-16.440764,28.454087],[-16.441872,28.454278],[-16.442531,28.455016],[-16.443199,28.455033],[-16.443378,28.455217],[-16.443562,28.455709],[-16.444732,28.456206],[-16.445072,28.456528],[-16.445548,28.456757],[-16.445845,28.457438],[-16.446141,28.457877],[-16.447109,28.458552],[-16.447366,28.459023],[-16.44731,28.459466],[-16.447669,28.459652],[-16.44835,28.460285],[-16.448501,28.460512],[-16.448557,28.460845],[-16.448814,28.460973],[-16.449056,28.461345],[-16.449391,28.461626],[-16.449659,28.462458],[-16.449995,28.462912],[-16.450357,28.463114],[-16.450465,28.463555],[-16.450724,28.463974],[-16.451418,28.464497],[-16.451911,28.464546],[-16.452273,28.464456],[-16.452547,28.464525],[-16.452701,28.464754],[-16.453116,28.464939],[-16.453313,28.465115],[-16.453594,28.465516],[-16.453848,28.46561],[-16.454704,28.465755],[-16.455138,28.465915],[-16.455306,28.465714],[-16.455534,28.46571],[-16.455576,28.465591],[-16.455455,28.465512],[-16.455702,28.465281],[-16.455736,28.46467],[-16.455411,28.464409],[-16.455645,28.464024],[-16.455615,28.46386],[-16.455187,28.46367],[-16.455161,28.46349],[-16.455252,28.463295],[-16.454973,28.462833],[-16.454915,28.462513],[-16.455105,28.462027],[-16.455317,28.462102],[-16.4555,28.462048],[-16.455388,28.461736],[-16.455113,28.461734],[-16.455133,28.461581],[-16.455653,28.461604],[-16.455192,28.461119],[-16.455246,28.460843],[-16.455499,28.460527],[-16.455629,28.460192],[-16.456152,28.459693],[-16.456375,28.459724],[-16.456629,28.459423],[-16.457106,28.459432],[-16.457151,28.459299],[-16.457512,28.459113],[-16.458176,28.458575],[-16.458595,28.458486],[-16.458752,28.458328],[-16.458879,28.458388],[-16.458993,28.45834],[-16.459159,28.458486],[-16.459253,28.45828],[-16.459232,28.458062],[-16.459406,28.457907],[-16.459624,28.457856],[-16.460096,28.457901],[-16.460538,28.458057],[-16.461363,28.458054],[-16.461627,28.458176],[-16.461595,28.458244],[-16.461672,28.458296],[-16.462444,28.45838],[-16.462851,28.458663],[-16.462732,28.45894],[-16.462815,28.458938],[-16.462932,28.458762],[-16.463119,28.459121],[-16.463371,28.45902],[-16.463313,28.458947],[-16.463539,28.459026],[-16.463535,28.45914],[-16.463702,28.459156],[-16.463729,28.459428],[-16.463832,28.459404],[-16.463874,28.459259],[-16.464096,28.459352],[-16.464344,28.459283],[-16.463882,28.458464],[-16.463973,28.458384],[-16.464255,28.458383],[-16.464406,28.45848],[-16.464493,28.458996],[-16.464941,28.459683],[-16.465157,28.459633],[-16.46508,28.459475],[-16.465426,28.459468],[-16.465649,28.459772],[-16.465832,28.4599],[-16.465969,28.459895],[-16.466138,28.459637],[-16.466046,28.459568],[-16.466186,28.459461],[-16.46639,28.459296],[-16.466301,28.458921],[-16.466398,28.458726],[-16.465977,28.458526],[-16.465885,28.458354],[-16.466239,28.458196],[-16.466363,28.458216],[-16.466397,28.458395],[-16.466551,28.458329],[-16.466625,28.458101],[-16.466503,28.457938],[-16.466645,28.457865],[-16.466449,28.457723],[-16.466437,28.457637],[-16.466774,28.457632],[-16.466926,28.457863],[-16.467255,28.457867],[-16.467337,28.457801],[-16.46726,28.457648],[-16.46675,28.45729],[-16.466686,28.45688],[-16.466784,28.45644],[-16.466982,28.456386],[-16.466872,28.456216],[-16.466959,28.455936],[-16.467394,28.455325],[-16.46795,28.455016],[-16.468951,28.454638],[-16.469826,28.454501],[-16.469987,28.454559],[-16.470232,28.454982],[-16.470698,28.455472],[-16.471299,28.455614],[-16.471515,28.455452],[-16.47175,28.455482],[-16.47191,28.455403],[-16.472318,28.454905],[-16.472498,28.454818],[-16.472884,28.45485],[-16.472923,28.454758],[-16.473101,28.454694],[-16.473263,28.454956],[-16.473487,28.454948],[-16.473664,28.454618],[-16.473572,28.454522],[-16.472865,28.454594],[-16.472967,28.454213],[-16.473107,28.454271],[-16.473011,28.454068],[-16.473267,28.454113],[-16.47345,28.453974],[-16.473162,28.453777],[-16.47332,28.453672],[-16.473637,28.453767],[-16.473809,28.453669],[-16.474131,28.453776],[-16.474426,28.453516],[-16.474437,28.453229],[-16.474197,28.453086],[-16.474147,28.452865],[-16.473685,28.452901],[-16.473705,28.452704],[-16.473624,28.452566],[-16.473472,28.452398],[-16.473231,28.452322],[-16.472996,28.452118],[-16.47303,28.451994],[-16.473194,28.452158],[-16.473424,28.452081],[-16.473418,28.451874],[-16.4732,28.451644],[-16.473012,28.451597],[-16.472831,28.451712],[-16.472703,28.451463],[-16.472298,28.451371],[-16.47199,28.451172],[-16.471419,28.450976],[-16.471374,28.450835],[-16.471242,28.450752],[-16.470848,28.450702],[-16.471175,28.450578],[-16.47073,28.450397],[-16.470333,28.449801],[-16.47017,28.449123],[-16.469971,28.448848],[-16.469947,28.448667],[-16.47002,28.448462],[-16.47018,28.448313],[-16.470441,28.44826],[-16.470516,28.448131],[-16.47145,28.447456],[-16.471615,28.447456],[-16.47157,28.447282],[-16.472021,28.44695],[-16.47252,28.446264],[-16.472615,28.445798],[-16.472896,28.445378],[-16.472938,28.445059],[-16.473021,28.444969],[-16.473594,28.444933],[-16.474268,28.445214],[-16.474446,28.44516],[-16.474901,28.445305],[-16.474895,28.445221],[-16.474727,28.445137],[-16.474895,28.444991],[-16.474861,28.444826],[-16.474674,28.444628],[-16.47434,28.444455],[-16.474431,28.44387],[-16.474327,28.443454],[-16.474538,28.442924],[-16.474052,28.44295],[-16.473847,28.443031],[-16.473423,28.44272],[-16.47306,28.442579],[-16.47255,28.442524],[-16.471798,28.442221],[-16.470894,28.442266],[-16.470086,28.442011],[-16.469684,28.442007],[-16.469476,28.441898],[-16.469073,28.441327],[-16.468744,28.441308],[-16.468238,28.440941],[-16.467923,28.440938],[-16.467696,28.440688],[-16.46709,28.440645],[-16.466737,28.440481],[-16.466123,28.440671],[-16.465792,28.440668],[-16.464852,28.440475],[-16.464619,28.440225],[-16.464317,28.440169],[-16.463933,28.439824],[-16.4635,28.439623],[-16.463343,28.439446],[-16.46269,28.439158],[-16.462494,28.438781],[-16.462278,28.438621],[-16.46175,28.438633],[-16.461156,28.438524],[-16.460601,28.438271],[-16.459736,28.438194],[-16.459158,28.438298],[-16.458969,28.438094],[-16.458455,28.437897],[-16.458244,28.437594],[-16.457843,28.437416],[-16.457082,28.437268],[-16.456549,28.436877],[-16.456178,28.436784],[-16.455895,28.436837],[-16.455564,28.436788],[-16.454326,28.436294],[-16.45398,28.436063],[-16.453413,28.43601],[-16.452851,28.435827],[-16.452324,28.435896],[-16.452111,28.435753],[-16.452068,28.435546],[-16.451886,28.435438],[-16.451226,28.435289],[-16.451177,28.435134],[-16.450562,28.434784],[-16.449472,28.433828],[-16.449325,28.433613],[-16.448509,28.433195],[-16.448235,28.432882],[-16.447114,28.432573],[-16.446778,28.431781],[-16.445908,28.431174],[-16.445496,28.431079],[-16.443828,28.430278],[-16.443289,28.430349],[-16.442289,28.430238],[-16.441886,28.429793],[-16.441291,28.429346],[-16.440926,28.429241],[-16.440392,28.428947],[-16.439603,28.428747],[-16.439167,28.428757],[-16.438619,28.428413],[-16.43816,28.428535],[-16.437884,28.428285],[-16.437616,28.428389],[-16.437018,28.428838],[-16.436892,28.428853],[-16.436713,28.428778],[-16.436456,28.428429],[-16.435052,28.428096],[-16.434827,28.427974],[-16.434413,28.427979],[-16.432728,28.427261],[-16.432682,28.427112],[-16.432393,28.426926],[-16.431335,28.427032],[-16.430885,28.427292],[-16.430218,28.427188],[-16.429706,28.426936],[-16.428629,28.426873],[-16.427997,28.427347],[-16.427668,28.42719],[-16.427307,28.4269],[-16.426521,28.426742],[-16.426281,28.426783],[-16.426155,28.426716],[-16.425937,28.426554],[-16.425993,28.426461],[-16.425924,28.426378],[-16.425282,28.425789],[-16.425083,28.42545],[-16.424666,28.425443],[-16.424303,28.425188],[-16.423848,28.424599],[-16.423626,28.424044],[-16.423249,28.423443],[-16.422484,28.42291],[-16.421301,28.421724],[-16.421291,28.421424],[-16.420878,28.420754],[-16.420489,28.420435],[-16.419513,28.420005],[-16.419345,28.419736],[-16.41929,28.419469],[-16.418064,28.417764],[-16.417382,28.416952],[-16.41689,28.416637],[-16.41671,28.416021],[-16.416151,28.415257],[-16.416206,28.415056],[-16.417982,28.413905],[-16.418162,28.413537],[-16.418741,28.412811],[-16.418589,28.41242],[-16.418603,28.412235],[-16.418355,28.411972],[-16.418514,28.411611],[-16.418309,28.411117],[-16.41873,28.409014],[-16.417365,28.409028],[-16.41557,28.410272],[-16.408723,28.413974]]],[[[-16.455386,28.462632],[-16.455166,28.462663],[-16.455139,28.462722],[-16.455426,28.462906],[-16.455534,28.462907],[-16.455568,28.462801],[-16.455386,28.462632]]],[[[-16.456545,28.459772],[-16.456507,28.459887],[-16.456585,28.459928],[-16.45669,28.459855],[-16.456545,28.459772]]],[[[-16.463396,28.459126],[-16.463383,28.459326],[-16.463582,28.45932],[-16.463577,28.459211],[-16.463396,28.459126]]],[[[-16.472557,28.454832],[-16.47246,28.454907],[-16.472588,28.454962],[-16.472677,28.454888],[-16.472557,28.454832]]],[[[-16.471528,28.450443],[-16.471376,28.450474],[-16.471397,28.450541],[-16.471513,28.450564],[-16.471528,28.450443]]]]}},{"type":"Feature","id":"38026","properties":{"cod_ine":"38026","nombre":"La Orotava","nombre_ine":"Orotava, La","nombre_shp":"La Orotava","area_km2":210.776,"partes":1,"partes_roque":0},"geometry":{"type":"MultiPolygon","coordinates":[[[[-16.503084,28.42294],[-16.502995,28.423353],[-16.503152,28.424733],[-16.505198,28.423597],[-16.506454,28.422768],[-16.506542,28.422774],[-16.506733,28.423103],[-16.507046,28.423351],[-16.507701,28.423219],[-16.507384,28.422707],[-16.507023,28.422356],[-16.50723,28.422125],[-16.507982,28.421614],[-16.5113,28.419829],[-16.512068,28.419515],[-16.512788,28.419483],[-16.513196,28.419555],[-16.513469,28.419463],[-16.513412,28.419311],[-16.513463,28.41924],[-16.513892,28.4191],[-16.513959,28.418966],[-16.514607,28.418954],[-16.514947,28.418839],[-16.515009,28.418903],[-16.515325,28.418841],[-16.517003,28.419272],[-16.517975,28.419301],[-16.51821,28.419385],[-16.518102,28.419636],[-16.518579,28.419862],[-16.518849,28.419536],[-16.519196,28.419415],[-16.518919,28.419322],[-16.518834,28.4192],[-16.518579,28.419083],[-16.51894,28.418319],[-16.519036,28.418271],[-16.519263,28.418412],[-16.519306,28.418315],[-16.519163,28.418129],[-16.519371,28.418],[-16.520625,28.417721],[-16.521092,28.417735],[-16.521297,28.417812],[-16.521548,28.418223],[-16.521394,28.41844],[-16.522294,28.418756],[-16.521839,28.418452],[-16.521875,28.418169],[-16.522505,28.417511],[-16.522835,28.417354],[-16.523315,28.417289],[-16.522853,28.416757],[-16.522693,28.416404],[-16.52326,28.415522],[-16.523124,28.414824],[-16.523226,28.414598],[-16.523185,28.414012],[-16.522945,28.413685],[-16.522761,28.413667],[-16.522621,28.41347],[-16.522332,28.412322],[-16.522297,28.411664],[-16.522424,28.410755],[-16.522176,28.410584],[-16.521884,28.410617],[-16.521621,28.410543],[-16.521157,28.410077],[-16.520468,28.409927],[-16.52037,28.409731],[-16.52041,28.409165],[-16.520347,28.40873],[-16.520179,28.408251],[-16.51975,28.407649],[-16.521545,28.407408],[-16.523496,28.406863],[-16.524462,28.406904],[-16.526786,28.406395],[-16.527432,28.406162],[-16.528017,28.406185],[-16.528901,28.406468],[-16.5292,28.406501],[-16.530613,28.406343],[-16.531021,28.406246],[-16.531726,28.405904],[-16.533081,28.405478],[-16.533336,28.405249],[-16.534202,28.404017],[-16.534705,28.40354],[-16.534815,28.403078],[-16.53595,28.400455],[-16.536623,28.398498],[-16.536915,28.398023],[-16.53815,28.396987],[-16.546621,28.397789],[-16.547482,28.397734],[-16.549174,28.397297],[-16.551219,28.397446],[-16.552444,28.39742],[-16.554387,28.397644],[-16.554552,28.397351],[-16.554844,28.396242],[-16.554839,28.395778],[-16.555273,28.394827],[-16.555452,28.394597],[-16.555746,28.393635],[-16.55589,28.393448],[-16.556455,28.39309],[-16.556746,28.392482],[-16.557065,28.392199],[-16.55754,28.391961],[-16.557685,28.39142],[-16.557671,28.391145],[-16.558134,28.390433],[-16.558261,28.390317],[-16.558844,28.39008],[-16.559346,28.389564],[-16.559617,28.388429],[-16.559807,28.388185],[-16.560067,28.387474],[-16.560047,28.387095],[-16.5598,28.386788],[-16.55977,28.386642],[-16.561461,28.385558],[-16.561598,28.385299],[-16.56162,28.384588],[-16.562005,28.383934],[-16.561977,28.383589],[-16.561774,28.383235],[-16.561717,28.38294],[-16.561775,28.382696],[-16.562097,28.382254],[-16.561912,28.382105],[-16.562144,28.381132],[-16.562069,28.380808],[-16.561778,28.380342],[-16.561391,28.379095],[-16.561688,28.378083],[-16.561645,28.377747],[-16.561388,28.377429],[-16.561422,28.376518],[-16.561363,28.376335],[-16.561805,28.376066],[-16.561936,28.375826],[-16.56197,28.375552],[-16.561893,28.375292],[-16.561374,28.374673],[-16.561169,28.374251],[-16.561325,28.373558],[-16.561239,28.373365],[-16.561176,28.372538],[-16.561304,28.372455],[-16.561375,28.372193],[-16.561659,28.37186],[-16.561666,28.371436],[-16.561479,28.37091],[-16.561456,28.370337],[-16.561203,28.370002],[-16.561103,28.369549],[-16.560886,28.369116],[-16.560792,28.368596],[-16.560099,28.367824],[-16.560158,28.367022],[-16.560426,28.366613],[-16.560572,28.365891],[-16.560476,28.365631],[-16.560166,28.365341],[-16.560111,28.36487],[-16.559755,28.364687],[-16.559648,28.364535],[-16.559726,28.364152],[-16.559666,28.363639],[-16.559586,28.363552],[-16.559702,28.363336],[-16.559751,28.362965],[-16.559549,28.363017],[-16.559099,28.362422],[-16.558999,28.362083],[-16.558606,28.361826],[-16.558448,28.361521],[-16.558467,28.36141],[-16.55875,28.361285],[-16.558789,28.361189],[-16.558502,28.360802],[-16.558599,28.360675],[-16.558486,28.360473],[-16.558453,28.36018],[-16.558535,28.359096],[-16.558773,28.35878],[-16.5589,28.358449],[-16.558581,28.357947],[-16.557541,28.35714],[-16.557342,28.356599],[-16.557436,28.356052],[-16.55693,28.355453],[-16.556954,28.355297],[-16.557232,28.354964],[-16.557025,28.353834],[-16.557089,28.353382],[-16.5573,28.35317],[-16.557327,28.353034],[-16.556929,28.35233],[-16.556624,28.352081],[-16.556587,28.351953],[-16.556593,28.351382],[-16.556785,28.350752],[-16.55662,28.349947],[-16.556781,28.349243],[-16.557287,28.348978],[-16.557377,28.348584],[-16.557289,28.348258],[-16.556781,28.347767],[-16.55634,28.346992],[-16.555991,28.346885],[-16.555808,28.346711],[-16.555677,28.34602],[-16.555341,28.345142],[-16.555287,28.344831],[-16.555392,28.343463],[-16.555468,28.343317],[-16.555889,28.34297],[-16.55595,28.342818],[-16.555817,28.341732],[-16.555552,28.341286],[-16.555472,28.340991],[-16.555531,28.340693],[-16.555403,28.340484],[-16.555058,28.340278],[-16.554653,28.33975],[-16.554022,28.339306],[-16.553446,28.338753],[-16.553097,28.33765],[-16.552974,28.337529],[-16.552861,28.337206],[-16.552777,28.33655],[-16.551876,28.335412],[-16.551691,28.33503],[-16.55161,28.3346],[-16.550951,28.333755],[-16.551675,28.332172],[-16.551853,28.331852],[-16.552101,28.33165],[-16.552215,28.330755],[-16.552544,28.330282],[-16.552884,28.329581],[-16.55281,28.328095],[-16.553431,28.32738],[-16.553539,28.326898],[-16.554182,28.325699],[-16.554211,28.325521],[-16.554734,28.325294],[-16.555113,28.325219],[-16.555413,28.324993],[-16.556517,28.323908],[-16.556612,28.323607],[-16.557237,28.323442],[-16.557507,28.323222],[-16.557768,28.322872],[-16.557794,28.322524],[-16.558399,28.322253],[-16.559283,28.321706],[-16.5596,28.321163],[-16.559915,28.320936],[-16.560472,28.320959],[-16.560644,28.320558],[-16.561403,28.320466],[-16.561656,28.31996],[-16.56197,28.319832],[-16.562133,28.319298],[-16.562049,28.318802],[-16.562397,28.318298],[-16.562353,28.316976],[-16.562626,28.316497],[-16.562649,28.316],[-16.562914,28.315731],[-16.56242,28.31438],[-16.56281,28.31364],[-16.563211,28.313223],[-16.56343,28.31216],[-16.563773,28.311596],[-16.563811,28.31121],[-16.592142,28.314005],[-16.607651,28.306728],[-16.641087,28.298821],[-16.671377,28.292059],[-16.675162,28.271292],[-16.679322,28.268818],[-16.683865,28.249456],[-16.680818,28.212782],[-16.68019,28.21288],[-16.679193,28.212789],[-16.67894,28.212618],[-16.678807,28.212521],[-16.678681,28.212118],[-16.677195,28.210695],[-16.676946,28.210308],[-16.676824,28.209508],[-16.675723,28.209102],[-16.675073,28.208665],[-16.674121,28.208431],[-16.672823,28.208445],[-16.672373,28.208274],[-16.671958,28.208002],[-16.67104,28.207695],[-16.669973,28.207049],[-16.667995,28.207006],[-16.667614,28.207033],[-16.667188,28.207169],[-16.666547,28.207213],[-16.665993,28.206802],[-16.665604,28.206371],[-16.665296,28.206208],[-16.66454,28.20615],[-16.66382,28.205937],[-16.663001,28.204977],[-16.66228,28.204711],[-16.662167,28.204556],[-16.661869,28.203511],[-16.66139,28.202677],[-16.661416,28.202172],[-16.661347,28.201915],[-16.661077,28.201508],[-16.66036,28.201359],[-16.659563,28.20096],[-16.659084,28.20083],[-16.658526,28.200519],[-16.657956,28.20051],[-16.657665,28.200642],[-16.657381,28.200946],[-16.657175,28.200951],[-16.656426,28.200714],[-16.655929,28.200426],[-16.655605,28.200548],[-16.655323,28.200565],[-16.653315,28.200472],[-16.652766,28.200516],[-16.652554,28.200397],[-16.652337,28.199989],[-16.651978,28.199718],[-16.651586,28.19964],[-16.650868,28.199786],[-16.650233,28.199726],[-16.649931,28.199531],[-16.649391,28.198969],[-16.648982,28.198951],[-16.64781,28.198667],[-16.645823,28.198714],[-16.645278,28.198592],[-16.644675,28.198599],[-16.643526,28.198464],[-16.642708,28.198623],[-16.642126,28.199185],[-16.641793,28.199401],[-16.640844,28.199572],[-16.640107,28.19999],[-16.639114,28.199794],[-16.637575,28.199754],[-16.637182,28.199828],[-16.636238,28.200257],[-16.63552,28.200945],[-16.634559,28.201347],[-16.633987,28.201746],[-16.633366,28.201765],[-16.632968,28.201907],[-16.632085,28.202037],[-16.63195,28.202084],[-16.631734,28.202373],[-16.63121,28.2023],[-16.630939,28.202356],[-16.630367,28.202579],[-16.629726,28.203078],[-16.628897,28.203472],[-16.627378,28.203598],[-16.626016,28.205155],[-16.625625,28.205819],[-16.624573,28.206039],[-16.62366,28.205946],[-16.623403,28.206057],[-16.622911,28.206499],[-16.621858,28.206944],[-16.621521,28.207251],[-16.621376,28.207489],[-16.62139,28.208013],[-16.621504,28.208246],[-16.622029,28.208754],[-16.622349,28.208933],[-16.622363,28.209046],[-16.622135,28.209795],[-16.621446,28.210841],[-16.62115,28.211759],[-16.621153,28.211959],[-16.620913,28.212364],[-16.62084,28.212649],[-16.62058,28.212939],[-16.610107,28.217302],[-16.599787,28.218102],[-16.599559,28.218529],[-16.599023,28.218977],[-16.597205,28.219466],[-16.594355,28.219851],[-16.593648,28.220062],[-16.593432,28.220211],[-16.592302,28.221538],[-16.591994,28.222365],[-16.591777,28.222476],[-16.591276,28.222547],[-16.591204,28.222746],[-16.588762,28.224115],[-16.588584,28.224286],[-16.588513,28.224655],[-16.588345,28.22483],[-16.588192,28.224909],[-16.587548,28.224971],[-16.587426,28.225058],[-16.587026,28.226482],[-16.586647,28.227167],[-16.586701,28.227539],[-16.585833,28.228411],[-16.585552,28.228574],[-16.585351,28.228565],[-16.584916,28.22874],[-16.584393,28.22875],[-16.583977,28.228967],[-16.5835,28.229571],[-16.583525,28.229825],[-16.583143,28.229622],[-16.582945,28.229615],[-16.582403,28.230328],[-16.581695,28.230842],[-16.581546,28.231213],[-16.58122,28.231603],[-16.580408,28.23221],[-16.579725,28.233297],[-16.579292,28.233818],[-16.57925,28.234065],[-16.579368,28.234792],[-16.578764,28.235356],[-16.578567,28.235943],[-16.578243,28.236328],[-16.578114,28.236393],[-16.577119,28.236244],[-16.57655,28.236307],[-16.575937,28.236587],[-16.575648,28.237213],[-16.575476,28.237411],[-16.574699,28.237339],[-16.574371,28.237399],[-16.573557,28.237898],[-16.572021,28.238573],[-16.571586,28.238503],[-16.571055,28.238554],[-16.570487,28.238746],[-16.570045,28.239067],[-16.569423,28.239083],[-16.568997,28.239223],[-16.568543,28.239585],[-16.56843,28.239855],[-16.568304,28.239786],[-16.56796,28.239944],[-16.567901,28.240127],[-16.567701,28.24033],[-16.566128,28.24082],[-16.565358,28.241379],[-16.565112,28.241637],[-16.565062,28.241809],[-16.565145,28.242485],[-16.565019,28.24266],[-16.564085,28.242964],[-16.562818,28.243143],[-16.562549,28.243404],[-16.562207,28.243929],[-16.561961,28.244044],[-16.561049,28.244152],[-16.560377,28.244326],[-16.560183,28.244457],[-16.559647,28.245463],[-16.559526,28.245985],[-16.559077,28.246758],[-16.55902,28.246961],[-16.559104,28.247324],[-16.557921,28.247518],[-16.556977,28.247772],[-16.556463,28.248015],[-16.555791,28.248174],[-16.555105,28.248506],[-16.554544,28.248657],[-16.554347,28.249246],[-16.553204,28.250444],[-16.553051,28.250551],[-16.552236,28.250789],[-16.552076,28.251],[-16.551923,28.251469],[-16.551993,28.25231],[-16.551915,28.252532],[-16.551459,28.252781],[-16.551259,28.253024],[-16.551322,28.254596],[-16.551133,28.255494],[-16.550987,28.255787],[-16.55014,28.256458],[-16.549482,28.257534],[-16.549408,28.257768],[-16.549476,28.258897],[-16.548844,28.260096],[-16.548864,28.260292],[-16.549021,28.260493],[-16.549486,28.260811],[-16.549775,28.261319],[-16.549785,28.262001],[-16.54995,28.2622],[-16.549786,28.262655],[-16.549814,28.262828],[-16.550211,28.263679],[-16.550271,28.264344],[-16.550214,28.264464],[-16.550001,28.26455],[-16.549268,28.264604],[-16.548243,28.264518],[-16.546405,28.264085],[-16.54603,28.264173],[-16.545798,28.265796],[-16.545472,28.267097],[-16.545119,28.267843],[-16.544702,28.269452],[-16.544396,28.269844],[-16.544341,28.270045],[-16.544329,28.27046],[-16.544411,28.270769],[-16.544778,28.271489],[-16.545482,28.27237],[-16.545665,28.272837],[-16.545631,28.273167],[-16.545313,28.273662],[-16.545633,28.274002],[-16.546006,28.274045],[-16.546188,28.274196],[-16.546258,28.274437],[-16.546235,28.27466],[-16.545981,28.275139],[-16.545406,28.275532],[-16.545418,28.27636],[-16.545578,28.277535],[-16.545654,28.277663],[-16.546344,28.278012],[-16.546794,28.278469],[-16.547332,28.279357],[-16.547678,28.280357],[-16.547684,28.280749],[-16.547519,28.281205],[-16.546781,28.281795],[-16.546281,28.282058],[-16.545597,28.282167],[-16.545102,28.282405],[-16.544368,28.283492],[-16.541344,28.285997],[-16.540863,28.286014],[-16.539842,28.286276],[-16.538677,28.286857],[-16.538245,28.286928],[-16.537901,28.287074],[-16.533199,28.287955],[-16.532934,28.290277],[-16.531157,28.29499],[-16.526619,28.296857],[-16.52656,28.296948],[-16.525527,28.297251],[-16.524711,28.297749],[-16.524071,28.298422],[-16.523654,28.299219],[-16.523398,28.30021],[-16.523479,28.30147],[-16.523254,28.302037],[-16.522104,28.302887],[-16.519339,28.30324],[-16.519037,28.303429],[-16.517856,28.303593],[-16.516785,28.304011],[-16.51435,28.302513],[-16.51133,28.301339],[-16.509522,28.302959],[-16.509205,28.30335],[-16.505612,28.304187],[-16.505161,28.304618],[-16.50478,28.305121],[-16.504099,28.305548],[-16.5034,28.305872],[-16.502244,28.307148],[-16.501065,28.3077],[-16.499122,28.309134],[-16.498881,28.309525],[-16.498873,28.310183],[-16.498919,28.310582],[-16.499254,28.311177],[-16.499311,28.312139],[-16.499218,28.313269],[-16.498901,28.313965],[-16.498623,28.314354],[-16.498279,28.314626],[-16.497847,28.314919],[-16.497197,28.315152],[-16.49614,28.315897],[-16.494854,28.317373],[-16.494302,28.318361],[-16.494031,28.319212],[-16.49375,28.320977],[-16.493108,28.321733],[-16.492267,28.323794],[-16.491303,28.324055],[-16.490967,28.324203],[-16.490741,28.324397],[-16.490247,28.324874],[-16.489276,28.326256],[-16.48884,28.326952],[-16.488322,28.328083],[-16.487431,28.328569],[-16.486768,28.329452],[-16.485716,28.329903],[-16.485117,28.330417],[-16.485052,28.330612],[-16.485193,28.33117],[-16.485582,28.33177],[-16.485719,28.332218],[-16.485813,28.333295],[-16.48558,28.333948],[-16.484859,28.334551],[-16.484328,28.335708],[-16.483891,28.336107],[-16.48388,28.336232],[-16.483996,28.336397],[-16.483697,28.337468],[-16.48278,28.339563],[-16.482059,28.340676],[-16.481754,28.341291],[-16.481741,28.341568],[-16.482237,28.342549],[-16.482352,28.343468],[-16.482249,28.345225],[-16.481935,28.346431],[-16.481938,28.34723],[-16.481615,28.347772],[-16.480005,28.348776],[-16.478341,28.350166],[-16.477334,28.350844],[-16.476283,28.352176],[-16.476087,28.352293],[-16.474875,28.352708],[-16.473668,28.352915],[-16.471085,28.352726],[-16.470586,28.353271],[-16.469842,28.353773],[-16.469438,28.35424],[-16.468099,28.355141],[-16.46673,28.355138],[-16.467046,28.356073],[-16.467172,28.356967],[-16.467119,28.35722],[-16.46665,28.357884],[-16.466513,28.358272],[-16.466484,28.358581],[-16.466634,28.358943],[-16.466853,28.359209],[-16.466576,28.360812],[-16.466453,28.361269],[-16.465592,28.363047],[-16.464643,28.364467],[-16.464348,28.366898],[-16.464975,28.368881],[-16.463872,28.370195],[-16.463602,28.370837],[-16.463561,28.371882],[-16.464205,28.371906],[-16.465051,28.372132],[-16.465944,28.372553],[-16.466128,28.372917],[-16.466628,28.373175],[-16.467069,28.373511],[-16.467583,28.374074],[-16.468071,28.374848],[-16.468292,28.37503],[-16.468633,28.375507],[-16.468618,28.375708],[-16.468862,28.376236],[-16.469037,28.377087],[-16.469313,28.377406],[-16.46967,28.37745],[-16.470153,28.37777],[-16.470354,28.377768],[-16.470643,28.378423],[-16.470507,28.378713],[-16.470617,28.379148],[-16.471169,28.379347],[-16.471768,28.37993],[-16.471826,28.380328],[-16.471645,28.380872],[-16.471708,28.381164],[-16.472532,28.381616],[-16.473155,28.382063],[-16.473825,28.382971],[-16.47427,28.383174],[-16.475004,28.384103],[-16.475311,28.384941],[-16.475381,28.385373],[-16.475348,28.386339],[-16.475571,28.386664],[-16.475804,28.387481],[-16.47583,28.38785],[-16.476023,28.387932],[-16.476842,28.387848],[-16.477151,28.387944],[-16.477326,28.388195],[-16.477233,28.38876],[-16.477769,28.389009],[-16.478612,28.388912],[-16.479858,28.388919],[-16.480342,28.389029],[-16.48093,28.389313],[-16.481286,28.3894],[-16.481586,28.389753],[-16.48201,28.389857],[-16.482211,28.390281],[-16.482408,28.390353],[-16.482491,28.390477],[-16.482861,28.391219],[-16.483896,28.391946],[-16.484211,28.392067],[-16.484326,28.392336],[-16.485507,28.392454],[-16.485956,28.392433],[-16.486422,28.392805],[-16.486615,28.393238],[-16.4868,28.393424],[-16.486948,28.393445],[-16.487352,28.393271],[-16.487548,28.39326],[-16.48765,28.393362],[-16.487671,28.393608],[-16.488248,28.393683],[-16.489066,28.395021],[-16.489285,28.395605],[-16.490027,28.396103],[-16.490586,28.396356],[-16.491423,28.397373],[-16.492381,28.39806],[-16.493416,28.39987],[-16.493711,28.400577],[-16.494115,28.400713],[-16.494493,28.401004],[-16.495033,28.401066],[-16.495648,28.401657],[-16.495686,28.402356],[-16.495846,28.402747],[-16.496561,28.403217],[-16.497057,28.4033],[-16.49785,28.403573],[-16.498036,28.403803],[-16.499047,28.403944],[-16.49926,28.404104],[-16.499448,28.404557],[-16.499944,28.404884],[-16.500221,28.404908],[-16.500913,28.404704],[-16.501126,28.404717],[-16.501651,28.405269],[-16.502678,28.405485],[-16.502989,28.405682],[-16.503227,28.406072],[-16.503625,28.406253],[-16.503925,28.406566],[-16.504359,28.406784],[-16.504819,28.407395],[-16.505723,28.40732],[-16.505924,28.407189],[-16.507943,28.410323],[-16.508749,28.410458],[-16.508955,28.411661],[-16.508717,28.412126],[-16.508322,28.412814],[-16.507769,28.41315],[-16.506756,28.414181],[-16.508072,28.415254],[-16.507337,28.417534],[-16.505653,28.419791],[-16.503793,28.421749],[-16.503084,28.42294]]]]}},{"type":"Feature","id":"38028","properties":{"cod_ine":"38028","nombre":"Puerto de la Cruz","nombre_ine":"Puerto de la Cruz","nombre_shp":"Puerto de la Cruz","area_km2":8.815,"partes":1,"partes_roque":0},"geometry":{"type":"MultiPolygon","coordinates":[[[[-16.5418,28.420503],[-16.542293,28.420799],[-16.542832,28.420967],[-16.543407,28.421027],[-16.543827,28.420851],[-16.544034,28.420491],[-16.543993,28.420121],[-16.54413,28.420112],[-16.54403,28.419931],[-16.544278,28.419973],[-16.544337,28.419865],[-16.544935,28.419513],[-16.54492,28.419386],[-16.544778,28.41932],[-16.545027,28.419218],[-16.545269,28.418242],[-16.545444,28.417962],[-16.545426,28.417745],[-16.545628,28.417774],[-16.54601,28.417474],[-16.54633,28.417561],[-16.546548,28.417383],[-16.546783,28.41738],[-16.546382,28.41781],[-16.546219,28.41783],[-16.546384,28.417846],[-16.546751,28.417496],[-16.54704,28.417509],[-16.547444,28.417246],[-16.547656,28.417298],[-16.547791,28.417491],[-16.54774,28.417788],[-16.547878,28.418012],[-16.547867,28.41819],[-16.548075,28.418726],[-16.548312,28.418786],[-16.548472,28.41854],[-16.549715,28.41843],[-16.54981,28.418733],[-16.550119,28.418905],[-16.550163,28.418868],[-16.549837,28.418662],[-16.549765,28.418295],[-16.550184,28.418171],[-16.550282,28.417872],[-16.550178,28.417765],[-16.550258,28.417654],[-16.550711,28.417705],[-16.550473,28.418272],[-16.550431,28.418617],[-16.550545,28.419268],[-16.550391,28.419462],[-16.549779,28.419707],[-16.54976,28.41988],[-16.55011,28.419827],[-16.55063,28.419614],[-16.55095,28.41911],[-16.552228,28.419091],[-16.553356,28.418761],[-16.55399,28.418912],[-16.554489,28.418944],[-16.555007,28.418833],[-16.555665,28.418358],[-16.556284,28.417693],[-16.557267,28.416926],[-16.557607,28.416484],[-16.557978,28.416175],[-16.558979,28.414771],[-16.559289,28.414559],[-16.559477,28.414679],[-16.559621,28.41464],[-16.559609,28.414573],[-16.558957,28.414286],[-16.559412,28.413452],[-16.560394,28.412848],[-16.560814,28.412833],[-16.560945,28.412748],[-16.561206,28.412774],[-16.561235,28.412729],[-16.560958,28.4126],[-16.561008,28.41244],[-16.561393,28.412059],[-16.561665,28.411958],[-16.561907,28.412103],[-16.562081,28.412065],[-16.56212,28.41196],[-16.562022,28.411882],[-16.562134,28.411752],[-16.561857,28.411589],[-16.561846,28.411486],[-16.562279,28.411122],[-16.563076,28.410888],[-16.563849,28.410949],[-16.564286,28.411178],[-16.564579,28.411473],[-16.564547,28.41163],[-16.564267,28.411697],[-16.564401,28.411831],[-16.564586,28.411867],[-16.564372,28.411933],[-16.564351,28.412003],[-16.564628,28.412077],[-16.564645,28.412219],[-16.564874,28.412248],[-16.565017,28.411952],[-16.565226,28.411973],[-16.565413,28.412358],[-16.565595,28.412059],[-16.565638,28.412502],[-16.565949,28.412813],[-16.566275,28.412581],[-16.566365,28.412599],[-16.566391,28.411946],[-16.566297,28.411994],[-16.566196,28.411895],[-16.566308,28.411658],[-16.566398,28.411588],[-16.566797,28.411599],[-16.566719,28.411463],[-16.566092,28.411137],[-16.566249,28.410969],[-16.566297,28.410374],[-16.566536,28.41001],[-16.568497,28.408654],[-16.569391,28.408254],[-16.5698,28.407896],[-16.56994,28.407969],[-16.570322,28.407933],[-16.570338,28.408106],[-16.570484,28.408156],[-16.570197,28.406856],[-16.569014,28.404175],[-16.568782,28.403456],[-16.568371,28.401053],[-16.568188,28.400473],[-16.567931,28.400036],[-16.567252,28.399369],[-16.56688,28.398119],[-16.566193,28.397462],[-16.565953,28.397056],[-16.565541,28.396738],[-16.564188,28.396002],[-16.56413,28.395714],[-16.563938,28.39568],[-16.563769,28.39512],[-16.563911,28.394771],[-16.563902,28.394383],[-16.5637,28.393948],[-16.563601,28.3935],[-16.562271,28.393663],[-16.559707,28.394191],[-16.558009,28.393781],[-16.557918,28.393358],[-16.558128,28.392872],[-16.557944,28.39243],[-16.558,28.391655],[-16.558351,28.3909],[-16.5586,28.390608],[-16.558836,28.390479],[-16.558546,28.390185],[-16.558134,28.390433],[-16.557671,28.391145],[-16.557685,28.39142],[-16.55754,28.391961],[-16.557065,28.392199],[-16.556746,28.392482],[-16.556455,28.39309],[-16.55589,28.393448],[-16.555746,28.393635],[-16.555452,28.394597],[-16.555273,28.394827],[-16.554839,28.395778],[-16.554844,28.396242],[-16.554552,28.397351],[-16.554387,28.397644],[-16.552444,28.39742],[-16.551219,28.397446],[-16.549174,28.397297],[-16.5473,28.397763],[-16.546048,28.397741],[-16.53815,28.396987],[-16.536915,28.398023],[-16.536623,28.398498],[-16.53595,28.400455],[-16.534815,28.403078],[-16.534705,28.40354],[-16.534202,28.404017],[-16.533336,28.405249],[-16.533081,28.405478],[-16.531726,28.405904],[-16.531021,28.406246],[-16.530613,28.406343],[-16.5292,28.406501],[-16.528901,28.406468],[-16.528017,28.406185],[-16.527432,28.406162],[-16.526786,28.406395],[-16.524462,28.406904],[-16.523496,28.406863],[-16.521545,28.407408],[-16.51975,28.407649],[-16.520179,28.408251],[-16.520347,28.40873],[-16.52041,28.409165],[-16.52037,28.409731],[-16.520468,28.409927],[-16.521157,28.410077],[-16.521621,28.410543],[-16.521884,28.410617],[-16.522176,28.410584],[-16.522424,28.410755],[-16.522297,28.411664],[-16.522332,28.412322],[-16.522621,28.41347],[-16.522761,28.413667],[-16.522945,28.413685],[-16.523185,28.414012],[-16.523226,28.414598],[-16.523124,28.414824],[-16.523269,28.415364],[-16.523238,28.415566],[-16.522693,28.416404],[-16.522853,28.416757],[-16.523315,28.417289],[-16.524659,28.417096],[-16.525052,28.417182],[-16.525498,28.41755],[-16.525638,28.418175],[-16.52582,28.418357],[-16.525951,28.418377],[-16.526207,28.417942],[-16.526305,28.417915],[-16.526551,28.418085],[-16.526837,28.417599],[-16.527014,28.417584],[-16.527111,28.417637],[-16.527119,28.417751],[-16.527232,28.417693],[-16.527274,28.417785],[-16.527401,28.417793],[-16.526987,28.417937],[-16.526952,28.418006],[-16.526979,28.4183],[-16.527286,28.418444],[-16.52731,28.417884],[-16.527463,28.418017],[-16.527656,28.417981],[-16.527878,28.417727],[-16.528122,28.417779],[-16.528211,28.417624],[-16.528469,28.417464],[-16.528761,28.41754],[-16.528779,28.417646],[-16.528955,28.417759],[-16.52909,28.41773],[-16.529189,28.417832],[-16.529354,28.417808],[-16.529408,28.417914],[-16.529737,28.417935],[-16.529897,28.418032],[-16.53012,28.417943],[-16.530237,28.417979],[-16.5304,28.417786],[-16.53127,28.41757],[-16.531409,28.417579],[-16.531494,28.417855],[-16.531693,28.417747],[-16.531808,28.417584],[-16.531721,28.417481],[-16.531843,28.417187],[-16.532107,28.417249],[-16.532374,28.416928],[-16.532612,28.416908],[-16.533086,28.416654],[-16.534105,28.416826],[-16.534618,28.417021],[-16.535616,28.416968],[-16.535668,28.417132],[-16.535946,28.417122],[-16.535874,28.417251],[-16.535967,28.417542],[-16.53623,28.417464],[-16.53623,28.417099],[-16.536364,28.417086],[-16.536413,28.416943],[-16.536742,28.416994],[-16.537073,28.416935],[-16.537139,28.417106],[-16.537369,28.416881],[-16.537765,28.417077],[-16.538111,28.417097],[-16.538428,28.417234],[-16.538759,28.417033],[-16.538798,28.417138],[-16.538963,28.417149],[-16.539046,28.416943],[-16.539112,28.416989],[-16.539216,28.416902],[-16.540077,28.416742],[-16.540547,28.416954],[-16.541045,28.417652],[-16.541464,28.418828],[-16.54146,28.419509],[-16.541369,28.419826],[-16.541057,28.420185],[-16.539913,28.420181],[-16.539587,28.420249],[-16.539528,28.4204],[-16.541603,28.420321],[-16.5418,28.420503]]]]}},{"type":"Feature","id":"38031","properties":{"cod_ine":"38031","nombre":"Los Realejos","nombre_ine":"Realejos, Los","nombre_shp":"Los Realejos","area_km2":51.528,"partes":7,"partes_roque":6},"geometry":{"type":"MultiPolygon","coordinates":[[[[-16.570377,28.407645],[-16.570484,28.408156],[-16.570608,28.407537],[-16.570661,28.407499],[-16.570816,28.407572],[-16.570908,28.407521],[-16.57102,28.407746],[-16.571121,28.407778],[-16.571054,28.407349],[-16.571226,28.407296],[-16.571392,28.407363],[-16.571514,28.407305],[-16.571335,28.407227],[-16.571306,28.407034],[-16.571515,28.406444],[-16.571614,28.40639],[-16.572027,28.404845],[-16.572739,28.404148],[-16.573308,28.403978],[-16.573615,28.403994],[-16.574172,28.403847],[-16.574703,28.40392],[-16.575206,28.404325],[-16.5752,28.40445],[-16.574984,28.404703],[-16.574991,28.404864],[-16.575433,28.405212],[-16.575428,28.40535],[-16.575605,28.405358],[-16.575672,28.405465],[-16.575876,28.405321],[-16.575828,28.404997],[-16.576521,28.40511],[-16.57692,28.405059],[-16.577125,28.405153],[-16.577549,28.405014],[-16.577686,28.40512],[-16.577776,28.404988],[-16.578194,28.40507],[-16.578907,28.404509],[-16.579005,28.404279],[-16.579292,28.404063],[-16.57928,28.40375],[-16.579428,28.403559],[-16.579743,28.403602],[-16.579999,28.403508],[-16.580179,28.403285],[-16.580415,28.403146],[-16.580693,28.403171],[-16.580778,28.403026],[-16.580966,28.403105],[-16.581091,28.40298],[-16.58105,28.402805],[-16.581172,28.402275],[-16.581332,28.402077],[-16.581703,28.401857],[-16.581953,28.401875],[-16.582357,28.40173],[-16.58252,28.401577],[-16.582486,28.40144],[-16.582652,28.401245],[-16.58315,28.400857],[-16.583538,28.400709],[-16.58381,28.400507],[-16.584065,28.400466],[-16.584111,28.400263],[-16.584372,28.400327],[-16.584636,28.400212],[-16.585062,28.399587],[-16.585697,28.39948],[-16.5865,28.398788],[-16.586712,28.398826],[-16.586693,28.398658],[-16.586918,28.398499],[-16.587911,28.398166],[-16.588407,28.398101],[-16.589768,28.398214],[-16.591238,28.397995],[-16.591455,28.398189],[-16.591682,28.398206],[-16.591913,28.39796],[-16.591993,28.397735],[-16.593075,28.397818],[-16.593426,28.398067],[-16.593672,28.398459],[-16.593847,28.398382],[-16.594154,28.398487],[-16.594223,28.398838],[-16.594573,28.399059],[-16.594509,28.399361],[-16.594569,28.399498],[-16.594786,28.399534],[-16.594912,28.399717],[-16.595233,28.399695],[-16.595527,28.39997],[-16.595604,28.400146],[-16.596061,28.400126],[-16.596053,28.400332],[-16.596206,28.400481],[-16.59671,28.399774],[-16.596918,28.399737],[-16.597189,28.399958],[-16.597176,28.400357],[-16.597241,28.400379],[-16.597877,28.400022],[-16.598199,28.399666],[-16.598351,28.399197],[-16.598864,28.398187],[-16.599318,28.397586],[-16.599762,28.396728],[-16.600243,28.396012],[-16.600544,28.395742],[-16.601418,28.395221],[-16.602022,28.394667],[-16.602425,28.394466],[-16.603216,28.394309],[-16.603695,28.394117],[-16.603947,28.394061],[-16.604216,28.394109],[-16.604345,28.394219],[-16.604816,28.394217],[-16.607933,28.393815],[-16.608722,28.393803],[-16.609337,28.393903],[-16.609798,28.394138],[-16.610351,28.394272],[-16.61092,28.39456],[-16.611713,28.394548],[-16.612001,28.394246],[-16.612536,28.394171],[-16.612753,28.394233],[-16.613203,28.394533],[-16.614092,28.394799],[-16.614369,28.394711],[-16.614738,28.394376],[-16.614977,28.39427],[-16.61603,28.394109],[-16.617189,28.394154],[-16.617932,28.394245],[-16.618434,28.394413],[-16.619187,28.394994],[-16.619525,28.395129],[-16.620217,28.395585],[-16.621039,28.395928],[-16.621691,28.395997],[-16.623622,28.395932],[-16.623806,28.395908],[-16.623793,28.395785],[-16.623552,28.395506],[-16.623541,28.395337],[-16.623786,28.395181],[-16.624064,28.394801],[-16.624072,28.393939],[-16.624383,28.393287],[-16.62505,28.392506],[-16.625232,28.392443],[-16.625745,28.392608],[-16.625939,28.392506],[-16.626046,28.391086],[-16.626395,28.390283],[-16.626237,28.389441],[-16.626525,28.388768],[-16.626643,28.387931],[-16.626621,28.387704],[-16.626459,28.387627],[-16.626186,28.38689],[-16.626281,28.386546],[-16.626603,28.385982],[-16.626721,28.385523],[-16.626425,28.384667],[-16.626642,28.384132],[-16.626573,28.384074],[-16.626387,28.384135],[-16.626069,28.384109],[-16.626132,28.383608],[-16.626518,28.383461],[-16.626454,28.382864],[-16.625685,28.382201],[-16.625517,28.381831],[-16.625604,28.381322],[-16.625413,28.380284],[-16.625173,28.379691],[-16.625335,28.379209],[-16.625586,28.379043],[-16.625684,28.378701],[-16.62566,28.378368],[-16.625536,28.37815],[-16.625267,28.377924],[-16.625291,28.377251],[-16.624987,28.376918],[-16.624843,28.376406],[-16.62492,28.376091],[-16.625127,28.375813],[-16.625123,28.375649],[-16.625046,28.375496],[-16.62452,28.375042],[-16.624573,28.37402],[-16.624114,28.373375],[-16.624058,28.372916],[-16.623924,28.372606],[-16.624268,28.371864],[-16.624455,28.370813],[-16.62399,28.370295],[-16.623612,28.369997],[-16.623289,28.36985],[-16.622986,28.369494],[-16.623061,28.369051],[-16.623508,28.368597],[-16.623479,28.368354],[-16.623193,28.367741],[-16.623233,28.367601],[-16.623536,28.367342],[-16.623545,28.366765],[-16.623275,28.366323],[-16.623019,28.366205],[-16.622578,28.366178],[-16.62246,28.365886],[-16.622197,28.365607],[-16.621808,28.365531],[-16.621485,28.365611],[-16.621367,28.365547],[-16.621052,28.365226],[-16.62089,28.364601],[-16.620389,28.364187],[-16.620008,28.36305],[-16.620003,28.362879],[-16.620192,28.362597],[-16.620159,28.362383],[-16.620037,28.362025],[-16.619871,28.361802],[-16.619725,28.360951],[-16.619325,28.360209],[-16.619477,28.359505],[-16.61926,28.358944],[-16.619575,28.358308],[-16.619626,28.357378],[-16.619226,28.357078],[-16.618888,28.356455],[-16.618205,28.355967],[-16.618213,28.355784],[-16.617586,28.355081],[-16.617351,28.354603],[-16.617329,28.354177],[-16.61716,28.353919],[-16.617098,28.35355],[-16.616864,28.353113],[-16.616746,28.35301],[-16.615896,28.352707],[-16.61561,28.352293],[-16.615697,28.352132],[-16.615642,28.352026],[-16.615206,28.352131],[-16.61507,28.35206],[-16.61498,28.351862],[-16.614975,28.351197],[-16.614877,28.350991],[-16.614193,28.350683],[-16.613854,28.3508],[-16.613753,28.350769],[-16.613685,28.35059],[-16.613746,28.350262],[-16.613685,28.350016],[-16.613178,28.349894],[-16.613012,28.349754],[-16.61243,28.348836],[-16.612447,28.348693],[-16.612338,28.348579],[-16.612406,28.348524],[-16.6124,28.348236],[-16.611994,28.348046],[-16.611914,28.347646],[-16.611707,28.347651],[-16.611364,28.347503],[-16.611097,28.347109],[-16.610245,28.346222],[-16.609788,28.345426],[-16.609593,28.344783],[-16.609126,28.344536],[-16.608856,28.343824],[-16.608918,28.343537],[-16.608173,28.342568],[-16.608054,28.342141],[-16.607734,28.341583],[-16.607559,28.34108],[-16.607345,28.340791],[-16.607312,28.340595],[-16.607405,28.340301],[-16.607352,28.340074],[-16.607186,28.339845],[-16.607232,28.339414],[-16.60688,28.338996],[-16.606873,28.338647],[-16.607064,28.338511],[-16.607055,28.338419],[-16.605752,28.337148],[-16.605964,28.336688],[-16.605937,28.336392],[-16.605384,28.335851],[-16.605256,28.33529],[-16.604696,28.335155],[-16.604522,28.335003],[-16.60447,28.334442],[-16.603574,28.333453],[-16.603478,28.332931],[-16.602918,28.332118],[-16.602859,28.331589],[-16.601994,28.330715],[-16.602093,28.330206],[-16.601592,28.329936],[-16.601201,28.329363],[-16.600859,28.329151],[-16.600692,28.328596],[-16.60086,28.328169],[-16.600756,28.327886],[-16.600371,28.327604],[-16.599766,28.327449],[-16.599536,28.32684],[-16.598745,28.326421],[-16.598461,28.326047],[-16.598134,28.325796],[-16.597444,28.325529],[-16.597045,28.325112],[-16.597003,28.324923],[-16.597133,28.3244],[-16.596702,28.323787],[-16.596296,28.323494],[-16.59635,28.323301],[-16.595982,28.322888],[-16.595943,28.322216],[-16.595433,28.321618],[-16.59502,28.320788],[-16.594553,28.320455],[-16.594274,28.319908],[-16.593882,28.319477],[-16.593789,28.319248],[-16.593839,28.318699],[-16.593531,28.318019],[-16.593154,28.317534],[-16.593042,28.31719],[-16.592413,28.316141],[-16.59225,28.315326],[-16.592142,28.314005],[-16.563811,28.31121],[-16.563773,28.311596],[-16.56343,28.31216],[-16.563211,28.313223],[-16.56281,28.31364],[-16.56242,28.31438],[-16.562914,28.315731],[-16.562649,28.316],[-16.562626,28.316497],[-16.562353,28.316976],[-16.562397,28.318298],[-16.562049,28.318802],[-16.562133,28.319298],[-16.56197,28.319832],[-16.561656,28.31996],[-16.561403,28.320466],[-16.560644,28.320558],[-16.560472,28.320959],[-16.559915,28.320936],[-16.5596,28.321163],[-16.559283,28.321706],[-16.558399,28.322253],[-16.557794,28.322524],[-16.557768,28.322872],[-16.557507,28.323222],[-16.557237,28.323442],[-16.556612,28.323607],[-16.556517,28.323908],[-16.555413,28.324993],[-16.555113,28.325219],[-16.554734,28.325294],[-16.554211,28.325521],[-16.554182,28.325699],[-16.553539,28.326898],[-16.553431,28.32738],[-16.552846,28.328027],[-16.55281,28.328693],[-16.552884,28.329581],[-16.552544,28.330282],[-16.552215,28.330755],[-16.552101,28.33165],[-16.551853,28.331852],[-16.551675,28.332172],[-16.550951,28.333755],[-16.55161,28.3346],[-16.551691,28.33503],[-16.551876,28.335412],[-16.552777,28.33655],[-16.552861,28.337206],[-16.552974,28.337529],[-16.553097,28.33765],[-16.553446,28.338753],[-16.554022,28.339306],[-16.554653,28.33975],[-16.555058,28.340278],[-16.555403,28.340484],[-16.555531,28.340693],[-16.555472,28.340991],[-16.555552,28.341286],[-16.555817,28.341732],[-16.55595,28.342818],[-16.555889,28.34297],[-16.555468,28.343317],[-16.555392,28.343463],[-16.555287,28.344831],[-16.555341,28.345142],[-16.555677,28.34602],[-16.555808,28.346711],[-16.555991,28.346885],[-16.55634,28.346992],[-16.556781,28.347767],[-16.557289,28.348258],[-16.557377,28.348584],[-16.557287,28.348978],[-16.556781,28.349243],[-16.55662,28.349947],[-16.556785,28.350752],[-16.556593,28.351382],[-16.556587,28.351953],[-16.556624,28.352081],[-16.556929,28.35233],[-16.557327,28.353034],[-16.5573,28.35317],[-16.557089,28.353382],[-16.557025,28.353834],[-16.557232,28.354964],[-16.556954,28.355297],[-16.55693,28.355453],[-16.557436,28.356052],[-16.557342,28.356599],[-16.557541,28.35714],[-16.558581,28.357947],[-16.5589,28.358449],[-16.558773,28.35878],[-16.558535,28.359096],[-16.558453,28.36018],[-16.558486,28.360473],[-16.558599,28.360675],[-16.558502,28.360802],[-16.558789,28.361189],[-16.55875,28.361285],[-16.558467,28.36141],[-16.558448,28.361521],[-16.558606,28.361826],[-16.558999,28.362083],[-16.559099,28.362422],[-16.559549,28.363017],[-16.559751,28.362965],[-16.559702,28.363336],[-16.559586,28.363552],[-16.559666,28.363639],[-16.559726,28.364152],[-16.559648,28.364535],[-16.559755,28.364687],[-16.560111,28.36487],[-16.560166,28.365341],[-16.560476,28.365631],[-16.560572,28.365891],[-16.560426,28.366613],[-16.560158,28.367022],[-16.560099,28.367824],[-16.560792,28.368596],[-16.560886,28.369116],[-16.561103,28.369549],[-16.561203,28.370002],[-16.561456,28.370337],[-16.561479,28.37091],[-16.561666,28.371436],[-16.561659,28.37186],[-16.561375,28.372193],[-16.561304,28.372455],[-16.561176,28.372538],[-16.561239,28.373365],[-16.561325,28.373558],[-16.561169,28.374251],[-16.561374,28.374673],[-16.561893,28.375292],[-16.56197,28.375552],[-16.561936,28.375826],[-16.561805,28.376066],[-16.561363,28.376335],[-16.561422,28.376518],[-16.561388,28.377429],[-16.561645,28.377747],[-16.561688,28.378083],[-16.561391,28.379095],[-16.561778,28.380342],[-16.562069,28.380808],[-16.562144,28.381132],[-16.561912,28.382105],[-16.562097,28.382254],[-16.561775,28.382696],[-16.561717,28.38294],[-16.561774,28.383235],[-16.561977,28.383589],[-16.562005,28.383934],[-16.56162,28.384588],[-16.561598,28.385299],[-16.561461,28.385558],[-16.55977,28.386642],[-16.5598,28.386788],[-16.560047,28.387095],[-16.560067,28.387474],[-16.559807,28.388185],[-16.559617,28.388429],[-16.559346,28.389564],[-16.558844,28.39008],[-16.558546,28.390185],[-16.558836,28.390479],[-16.5586,28.390608],[-16.558351,28.3909],[-16.558014,28.391615],[-16.557944,28.39243],[-16.558128,28.392872],[-16.557933,28.393297],[-16.557926,28.393581],[-16.558009,28.393781],[-16.559707,28.394191],[-16.562271,28.393663],[-16.563601,28.3935],[-16.5637,28.393948],[-16.563902,28.394383],[-16.563911,28.394771],[-16.563769,28.39512],[-16.563921,28.395656],[-16.56413,28.395714],[-16.564188,28.396002],[-16.565541,28.396738],[-16.565953,28.397056],[-16.566193,28.397462],[-16.56688,28.398119],[-16.567252,28.399369],[-16.567931,28.400036],[-16.568188,28.400473],[-16.568371,28.401053],[-16.568478,28.401912],[-16.568899,28.403845],[-16.570197,28.406856],[-16.570377,28.407645]]],[[[-16.573833,28.404214],[-16.573587,28.404432],[-16.573628,28.404744],[-16.573966,28.4044],[-16.573833,28.404214]]],[[[-16.574718,28.404261],[-16.574584,28.404264],[-16.574488,28.40442],[-16.574525,28.404563],[-16.574657,28.404617],[-16.574832,28.404375],[-16.574718,28.404261]]],[[[-16.573202,28.404132],[-16.573098,28.404211],[-16.573144,28.404358],[-16.57325,28.404216],[-16.573202,28.404132]]],[[[-16.595934,28.400504],[-16.595775,28.400539],[-16.595756,28.400745],[-16.595835,28.400843],[-16.596042,28.400838],[-16.596183,28.40072],[-16.595934,28.400504]]],[[[-16.594903,28.40016],[-16.594889,28.40025],[-16.595164,28.400449],[-16.595204,28.400305],[-16.594903,28.40016]]],[[[-16.594347,28.399734],[-16.594286,28.399784],[-16.594313,28.399936],[-16.594463,28.400008],[-16.594502,28.39983],[-16.594347,28.399734]]]]}},{"type":"Feature","id":"38032","properties":{"cod_ine":"38032","nombre":"El Rosario","nombre_ine":"Rosario, El","nombre_shp":"El Rosario","area_km2":39.297,"partes":1,"partes_roque":0},"geometry":{"type":"MultiPolygon","coordinates":[[[[-16.330515,28.454849],[-16.330832,28.455065],[-16.331274,28.455184],[-16.331531,28.455374],[-16.332503,28.455459],[-16.33318,28.455256],[-16.334062,28.455572],[-16.334468,28.455959],[-16.334841,28.456029],[-16.335163,28.456245],[-16.335265,28.45637],[-16.335287,28.456684],[-16.335472,28.456887],[-16.335888,28.457016],[-16.336647,28.457492],[-16.337156,28.457685],[-16.337405,28.458039],[-16.338168,28.458303],[-16.338382,28.458289],[-16.33863,28.458411],[-16.339139,28.458474],[-16.339394,28.458735],[-16.339829,28.458898],[-16.340222,28.459503],[-16.340557,28.459786],[-16.341195,28.459897],[-16.341387,28.460051],[-16.341861,28.461184],[-16.342686,28.462326],[-16.343959,28.463379],[-16.344465,28.463606],[-16.345543,28.463923],[-16.347215,28.464238],[-16.348689,28.464413],[-16.351004,28.464927],[-16.353063,28.46506],[-16.356037,28.465854],[-16.358448,28.466254],[-16.359799,28.466671],[-16.363317,28.467256],[-16.364641,28.46771],[-16.365353,28.468105],[-16.366571,28.468465],[-16.367964,28.469028],[-16.368699,28.469206],[-16.370435,28.467586],[-16.371472,28.466924],[-16.372429,28.466057],[-16.373007,28.465444],[-16.37323,28.464564],[-16.373637,28.46403],[-16.373956,28.463731],[-16.374678,28.463379],[-16.375122,28.463069],[-16.375559,28.462571],[-16.375971,28.462253],[-16.376352,28.461773],[-16.376576,28.461302],[-16.376457,28.459888],[-16.376814,28.45881],[-16.377151,28.456905],[-16.378158,28.45536],[-16.378848,28.454681],[-16.379294,28.454365],[-16.381413,28.453811],[-16.381941,28.453456],[-16.382288,28.4529],[-16.382588,28.45194],[-16.382676,28.451447],[-16.382657,28.450389],[-16.38358,28.450513],[-16.384126,28.450422],[-16.384712,28.450447],[-16.385436,28.450584],[-16.383823,28.446569],[-16.384535,28.446108],[-16.38528,28.445063],[-16.385421,28.444472],[-16.385656,28.444147],[-16.386516,28.443859],[-16.386953,28.443103],[-16.388991,28.44125],[-16.396493,28.430192],[-16.39775,28.428017],[-16.397906,28.427492],[-16.398064,28.427324],[-16.403042,28.425652],[-16.404339,28.42417],[-16.404798,28.423385],[-16.404946,28.4226],[-16.405103,28.4224],[-16.405346,28.422357],[-16.406285,28.420743],[-16.406517,28.420208],[-16.406466,28.419909],[-16.406741,28.414347],[-16.405007,28.413782],[-16.403688,28.414427],[-16.403332,28.414672],[-16.402994,28.414793],[-16.402518,28.414742],[-16.402217,28.414528],[-16.401903,28.414096],[-16.401458,28.413933],[-16.401297,28.413646],[-16.401002,28.413512],[-16.400907,28.413199],[-16.40053,28.413162],[-16.40022,28.412933],[-16.399711,28.412171],[-16.39962,28.412159],[-16.399347,28.412367],[-16.399066,28.412092],[-16.39852,28.411938],[-16.398472,28.411466],[-16.397421,28.411403],[-16.397064,28.411467],[-16.396691,28.411638],[-16.396406,28.412045],[-16.395959,28.412011],[-16.394923,28.412423],[-16.394596,28.412325],[-16.394144,28.412332],[-16.393783,28.412449],[-16.392731,28.412577],[-16.3918,28.412331],[-16.391269,28.412583],[-16.390066,28.41347],[-16.389846,28.413504],[-16.389599,28.413394],[-16.38847,28.413624],[-16.387648,28.414289],[-16.387204,28.414201],[-16.386822,28.414007],[-16.386521,28.414125],[-16.386263,28.414118],[-16.3855,28.413794],[-16.384751,28.413798],[-16.38435,28.413691],[-16.383266,28.414149],[-16.382803,28.414478],[-16.382513,28.414402],[-16.382163,28.41444],[-16.381617,28.414116],[-16.38092,28.414256],[-16.38054,28.414111],[-16.380094,28.413691],[-16.37984,28.413662],[-16.379245,28.413849],[-16.379108,28.413805],[-16.378776,28.413161],[-16.378528,28.412902],[-16.378196,28.412925],[-16.37812,28.413233],[-16.377863,28.413391],[-16.377469,28.413334],[-16.377205,28.413055],[-16.377003,28.412649],[-16.37638,28.412326],[-16.376302,28.41208],[-16.375976,28.412084],[-16.375838,28.411986],[-16.375547,28.411357],[-16.375346,28.411221],[-16.375044,28.411242],[-16.374772,28.411473],[-16.374149,28.41152],[-16.373781,28.411316],[-16.373506,28.410798],[-16.372881,28.410734],[-16.372711,28.410614],[-16.372303,28.410523],[-16.371805,28.410082],[-16.371321,28.410116],[-16.371003,28.409966],[-16.370662,28.409926],[-16.370306,28.410009],[-16.369374,28.409434],[-16.369022,28.409464],[-16.368548,28.409386],[-16.368085,28.409295],[-16.367739,28.4091],[-16.36741,28.409059],[-16.36719,28.408693],[-16.366597,28.408302],[-16.366715,28.408034],[-16.367356,28.407547],[-16.367412,28.407353],[-16.367388,28.407272],[-16.367245,28.407251],[-16.36704,28.406907],[-16.367113,28.406674],[-16.366998,28.406319],[-16.366836,28.406133],[-16.366507,28.406098],[-16.366127,28.405919],[-16.365312,28.405289],[-16.364996,28.405227],[-16.364731,28.404934],[-16.363202,28.404584],[-16.363041,28.404267],[-16.363052,28.403822],[-16.362945,28.403704],[-16.362696,28.403711],[-16.362418,28.403865],[-16.362076,28.403801],[-16.36179,28.403679],[-16.361354,28.403257],[-16.361056,28.403095],[-16.360262,28.40325],[-16.36016,28.402919],[-16.360378,28.402696],[-16.360262,28.402544],[-16.359823,28.40251],[-16.359114,28.402664],[-16.359014,28.40248],[-16.35899,28.402135],[-16.358645,28.402242],[-16.358511,28.402169],[-16.35745,28.401157],[-16.357096,28.400608],[-16.356662,28.400748],[-16.356091,28.400722],[-16.35531,28.400445],[-16.355131,28.400253],[-16.354321,28.400281],[-16.353744,28.400109],[-16.353511,28.400177],[-16.353157,28.400485],[-16.352734,28.40045],[-16.352247,28.400561],[-16.351783,28.400893],[-16.351503,28.400772],[-16.351472,28.400454],[-16.351075,28.400656],[-16.350679,28.400683],[-16.350434,28.400593],[-16.350297,28.400353],[-16.350098,28.40021],[-16.349977,28.400279],[-16.349855,28.400687],[-16.349395,28.400754],[-16.349275,28.40071],[-16.349253,28.400512],[-16.349016,28.400135],[-16.348604,28.400236],[-16.348182,28.400013],[-16.347921,28.399952],[-16.347661,28.400009],[-16.347164,28.399831],[-16.346259,28.399892],[-16.345607,28.399686],[-16.345139,28.399761],[-16.344952,28.399314],[-16.3444,28.39943],[-16.344112,28.399611],[-16.343927,28.399624],[-16.343629,28.399338],[-16.343431,28.398846],[-16.343031,28.398563],[-16.342789,28.398505],[-16.342451,28.398585],[-16.341837,28.398582],[-16.341342,28.398429],[-16.34072,28.398423],[-16.340107,28.39824],[-16.339854,28.397969],[-16.339302,28.397742],[-16.338637,28.397717],[-16.338324,28.397384],[-16.337945,28.397171],[-16.337279,28.396638],[-16.337137,28.396433],[-16.33705,28.396652],[-16.336838,28.396756],[-16.336331,28.396925],[-16.336219,28.396729],[-16.336058,28.396716],[-16.335956,28.396869],[-16.335631,28.396857],[-16.335615,28.39696],[-16.335462,28.396891],[-16.335282,28.397068],[-16.335214,28.397364],[-16.33491,28.397734],[-16.334969,28.397807],[-16.335152,28.397781],[-16.335294,28.397848],[-16.335271,28.397974],[-16.334956,28.398323],[-16.335145,28.3984],[-16.33512,28.398663],[-16.334914,28.399058],[-16.334735,28.39904],[-16.334657,28.399106],[-16.334708,28.399367],[-16.334301,28.399351],[-16.334426,28.39957],[-16.334039,28.400382],[-16.333724,28.400623],[-16.333139,28.40086],[-16.333004,28.400839],[-16.33287,28.400613],[-16.332705,28.400588],[-16.332001,28.401143],[-16.331171,28.401466],[-16.330993,28.401418],[-16.330764,28.401488],[-16.330505,28.401734],[-16.330454,28.401861],[-16.330519,28.402069],[-16.330428,28.402133],[-16.330255,28.402167],[-16.329962,28.401959],[-16.329893,28.40208],[-16.329738,28.402144],[-16.3281,28.402266],[-16.327336,28.402197],[-16.326618,28.401583],[-16.325614,28.401306],[-16.324761,28.40116],[-16.324107,28.401418],[-16.323719,28.40135],[-16.323643,28.40127],[-16.323682,28.400896],[-16.323342,28.400883],[-16.323448,28.400919],[-16.323417,28.401308],[-16.322949,28.40128],[-16.322975,28.400931],[-16.323041,28.40092],[-16.3229,28.400911],[-16.322953,28.400932],[-16.322925,28.40128],[-16.322586,28.401257],[-16.322616,28.400916],[-16.322684,28.40091],[-16.322529,28.4009],[-16.32259,28.400917],[-16.322558,28.401264],[-16.322289,28.401246],[-16.322318,28.400907],[-16.322387,28.400901],[-16.322227,28.400886],[-16.322288,28.400904],[-16.322261,28.401239],[-16.322013,28.401226],[-16.322013,28.400889],[-16.322091,28.400878],[-16.321912,28.400862],[-16.321995,28.400893],[-16.321977,28.401036],[-16.321874,28.40103],[-16.321856,28.401277],[-16.321799,28.401274],[-16.321816,28.401022],[-16.321772,28.40116],[-16.32171,28.401156],[-16.321722,28.401015],[-16.321623,28.401009],[-16.32165,28.400666],[-16.321708,28.400651],[-16.32159,28.400645],[-16.321593,28.401014],[-16.321137,28.400983],[-16.321177,28.400463],[-16.322978,28.400571],[-16.323013,28.400695],[-16.323022,28.400574],[-16.323978,28.400674],[-16.324083,28.400456],[-16.323843,28.400358],[-16.321364,28.400223],[-16.321004,28.400239],[-16.32034,28.400549],[-16.320148,28.400355],[-16.320412,28.400114],[-16.320374,28.399999],[-16.320249,28.400003],[-16.319527,28.400514],[-16.319446,28.400641],[-16.319455,28.400912],[-16.318785,28.401635],[-16.318673,28.401872],[-16.318499,28.401928],[-16.318343,28.402093],[-16.318294,28.402513],[-16.318462,28.402967],[-16.318389,28.403338],[-16.318012,28.404169],[-16.317662,28.40461],[-16.317279,28.404802],[-16.316497,28.40484],[-16.31607,28.405592],[-16.315885,28.40572],[-16.315452,28.405848],[-16.315024,28.406189],[-16.314959,28.406399],[-16.314748,28.406411],[-16.314662,28.406233],[-16.314516,28.406146],[-16.314393,28.406314],[-16.314079,28.406434],[-16.314108,28.406564],[-16.313882,28.406656],[-16.313558,28.406502],[-16.31323,28.406563],[-16.312726,28.406829],[-16.31246,28.407042],[-16.312201,28.407416],[-16.311914,28.407432],[-16.311915,28.40763],[-16.311695,28.40796],[-16.311569,28.407857],[-16.311247,28.407956],[-16.311137,28.40778],[-16.310978,28.407903],[-16.310687,28.40772],[-16.310383,28.40784],[-16.310405,28.40803],[-16.310278,28.408075],[-16.310173,28.407997],[-16.309939,28.408168],[-16.30984,28.408148],[-16.309649,28.408431],[-16.309551,28.408364],[-16.309342,28.408375],[-16.308879,28.408531],[-16.308572,28.408714],[-16.308355,28.409092],[-16.308129,28.409203],[-16.308012,28.409374],[-16.307805,28.409403],[-16.307747,28.409623],[-16.307577,28.409547],[-16.307491,28.409736],[-16.307669,28.410015],[-16.307929,28.410198],[-16.308195,28.410852],[-16.308478,28.411142],[-16.308833,28.411884],[-16.309052,28.412125],[-16.30924,28.41218],[-16.309414,28.412381],[-16.310172,28.412604],[-16.310897,28.413136],[-16.311386,28.413213],[-16.311468,28.413551],[-16.311935,28.414228],[-16.311915,28.414577],[-16.312459,28.414888],[-16.312564,28.415431],[-16.312921,28.415707],[-16.313921,28.416799],[-16.31463,28.416984],[-16.315075,28.417191],[-16.315214,28.417307],[-16.315279,28.417629],[-16.315439,28.417799],[-16.316104,28.41784],[-16.31722,28.418064],[-16.317327,28.418311],[-16.317233,28.418696],[-16.317392,28.418956],[-16.317861,28.419236],[-16.318182,28.419634],[-16.318734,28.420006],[-16.31939,28.420257],[-16.320013,28.420686],[-16.320454,28.42072],[-16.320578,28.419952],[-16.320556,28.41925],[-16.32069,28.418723],[-16.320943,28.418164],[-16.321336,28.417772],[-16.321549,28.417758],[-16.321872,28.417913],[-16.322166,28.417926],[-16.323899,28.417686],[-16.32506,28.417392],[-16.325407,28.417425],[-16.32575,28.417887],[-16.326742,28.417511],[-16.32729,28.417817],[-16.32744,28.417566],[-16.32754,28.41694],[-16.32786,28.416851],[-16.328492,28.416398],[-16.329698,28.416442],[-16.330039,28.416631],[-16.33028,28.416674],[-16.330592,28.417262],[-16.330861,28.417462],[-16.331226,28.417599],[-16.331362,28.418107],[-16.331605,28.41829],[-16.332829,28.418573],[-16.334436,28.419108],[-16.33507,28.418944],[-16.335355,28.418749],[-16.335604,28.418743],[-16.336043,28.419086],[-16.33636,28.419195],[-16.336583,28.419466],[-16.336803,28.420319],[-16.33708,28.420659],[-16.337196,28.42094],[-16.337154,28.421586],[-16.337331,28.422045],[-16.33816,28.422244],[-16.338202,28.42272],[-16.337987,28.423187],[-16.338132,28.424043],[-16.33824,28.42426],[-16.338789,28.424553],[-16.339054,28.424877],[-16.3398,28.425475],[-16.339961,28.425875],[-16.340607,28.426311],[-16.340766,28.426361],[-16.34132,28.426308],[-16.341798,28.426421],[-16.342419,28.426785],[-16.342908,28.426979],[-16.343388,28.427461],[-16.343978,28.427625],[-16.344156,28.428047],[-16.345021,28.42837],[-16.345109,28.428881],[-16.345301,28.42911],[-16.345548,28.429103],[-16.345804,28.42954],[-16.34568,28.429562],[-16.344747,28.429323],[-16.344412,28.429387],[-16.342724,28.430836],[-16.342034,28.432278],[-16.34151,28.432895],[-16.341049,28.43373],[-16.34068,28.434645],[-16.340045,28.435536],[-16.339712,28.436308],[-16.339001,28.437396],[-16.338376,28.437975],[-16.338001,28.438701],[-16.336951,28.438982],[-16.336342,28.439347],[-16.335208,28.440773],[-16.33455,28.441853],[-16.334395,28.442514],[-16.333147,28.444469],[-16.332398,28.445523],[-16.331794,28.44612],[-16.331343,28.446745],[-16.330733,28.44731],[-16.330608,28.44756],[-16.330384,28.449602],[-16.330511,28.450763],[-16.330481,28.451553],[-16.330692,28.452834],[-16.330482,28.454563],[-16.330515,28.454849]]]]}},{"type":"Feature","id":"38034","properties":{"cod_ine":"38034","nombre":"San Juan de la Rambla","nombre_ine":"San Juan de la Rambla","nombre_shp":"San Juan de la Rambla","area_km2":20.5,"partes":3,"partes_roque":2},"geometry":{"type":"MultiPolygon","coordinates":[[[[-16.623214,28.367827],[-16.623516,28.368554],[-16.623471,28.368681],[-16.623061,28.369051],[-16.622994,28.36953],[-16.623289,28.36985],[-16.623612,28.369997],[-16.62399,28.370295],[-16.624464,28.370858],[-16.624268,28.371864],[-16.623924,28.372606],[-16.624058,28.372916],[-16.624114,28.373375],[-16.624573,28.37402],[-16.62452,28.375042],[-16.625046,28.375496],[-16.625123,28.375649],[-16.625127,28.375813],[-16.62492,28.376091],[-16.624843,28.376406],[-16.624987,28.376918],[-16.625291,28.377251],[-16.625267,28.377924],[-16.62565,28.378318],[-16.625686,28.378683],[-16.625586,28.379043],[-16.625388,28.379149],[-16.62528,28.379306],[-16.625173,28.379691],[-16.625413,28.380284],[-16.625604,28.381322],[-16.625517,28.381831],[-16.625685,28.382201],[-16.626454,28.382864],[-16.626518,28.383461],[-16.626132,28.383608],[-16.626059,28.384085],[-16.62663,28.384103],[-16.626425,28.384667],[-16.626726,28.385458],[-16.626603,28.385982],[-16.626192,28.386804],[-16.626459,28.387627],[-16.626621,28.387704],[-16.626643,28.387931],[-16.626525,28.388768],[-16.626237,28.389441],[-16.626403,28.390202],[-16.626046,28.391086],[-16.625956,28.392456],[-16.625804,28.392605],[-16.625232,28.392443],[-16.625012,28.392526],[-16.624359,28.393326],[-16.624072,28.393939],[-16.624064,28.394801],[-16.623786,28.395181],[-16.623541,28.395337],[-16.623552,28.395506],[-16.623736,28.395655],[-16.623806,28.395908],[-16.624451,28.395886],[-16.625114,28.396131],[-16.627414,28.396378],[-16.629116,28.396161],[-16.630771,28.395734],[-16.631086,28.39579],[-16.631834,28.396182],[-16.632842,28.395417],[-16.633227,28.395241],[-16.633835,28.395146],[-16.634373,28.394788],[-16.635469,28.394344],[-16.636701,28.394139],[-16.637073,28.394207],[-16.637497,28.394187],[-16.638029,28.394291],[-16.63853,28.394504],[-16.638649,28.394595],[-16.638642,28.394875],[-16.639235,28.39515],[-16.639611,28.395479],[-16.640052,28.396075],[-16.640015,28.396557],[-16.640171,28.396707],[-16.640172,28.397085],[-16.640989,28.39708],[-16.640919,28.397303],[-16.641003,28.397558],[-16.640961,28.397934],[-16.641408,28.397592],[-16.641709,28.397623],[-16.642139,28.397459],[-16.642487,28.397523],[-16.643734,28.398492],[-16.643989,28.398589],[-16.64433,28.398608],[-16.644893,28.398258],[-16.645233,28.397927],[-16.64568,28.397054],[-16.646101,28.396698],[-16.646462,28.396492],[-16.647381,28.39617],[-16.64764,28.396158],[-16.64798,28.39629],[-16.64825,28.396254],[-16.648668,28.396086],[-16.648967,28.395727],[-16.649245,28.395596],[-16.6499,28.395587],[-16.650083,28.396056],[-16.650236,28.395753],[-16.650565,28.396346],[-16.650784,28.396192],[-16.651091,28.396221],[-16.651138,28.396123],[-16.651072,28.396004],[-16.651206,28.395803],[-16.651445,28.396171],[-16.651714,28.396278],[-16.651741,28.396486],[-16.651934,28.396468],[-16.652152,28.396563],[-16.652294,28.396512],[-16.652258,28.39607],[-16.65247,28.395807],[-16.652202,28.395376],[-16.652185,28.395002],[-16.652474,28.394109],[-16.652641,28.393216],[-16.652485,28.392607],[-16.652898,28.39204],[-16.652973,28.391867],[-16.652938,28.391446],[-16.653283,28.391135],[-16.653482,28.390483],[-16.653645,28.390273],[-16.655038,28.389112],[-16.655382,28.388677],[-16.655265,28.388473],[-16.65536,28.388075],[-16.654539,28.386993],[-16.65435,28.386068],[-16.654048,28.385997],[-16.653503,28.3856],[-16.65324,28.385037],[-16.652569,28.384456],[-16.652442,28.384205],[-16.652085,28.383833],[-16.650956,28.382973],[-16.650485,28.382282],[-16.650471,28.381706],[-16.650209,28.380624],[-16.650163,28.379774],[-16.649679,28.379047],[-16.649552,28.378277],[-16.649079,28.377942],[-16.648454,28.376986],[-16.648445,28.376246],[-16.648684,28.375986],[-16.649004,28.375892],[-16.649088,28.375744],[-16.649133,28.375171],[-16.649255,28.374806],[-16.649117,28.373339],[-16.648676,28.372595],[-16.648519,28.371494],[-16.647808,28.370796],[-16.647663,28.370552],[-16.647095,28.370225],[-16.646882,28.369966],[-16.646752,28.369609],[-16.646248,28.369362],[-16.645884,28.368913],[-16.645609,28.368756],[-16.64519,28.368732],[-16.645052,28.368476],[-16.644849,28.368307],[-16.644183,28.36825],[-16.64354,28.367955],[-16.643099,28.367909],[-16.642966,28.367827],[-16.642874,28.367571],[-16.642983,28.36726],[-16.64287,28.366982],[-16.64287,28.366438],[-16.642698,28.365486],[-16.642094,28.364949],[-16.641134,28.364318],[-16.639992,28.363337],[-16.639498,28.362639],[-16.638804,28.361007],[-16.638421,28.360723],[-16.638092,28.359987],[-16.63767,28.359712],[-16.637424,28.358801],[-16.637283,28.358676],[-16.636605,28.358389],[-16.636589,28.3582],[-16.635334,28.356631],[-16.635122,28.356245],[-16.6346,28.354393],[-16.631875,28.346732],[-16.631813,28.345139],[-16.631693,28.344778],[-16.630957,28.344082],[-16.630725,28.342835],[-16.629867,28.341855],[-16.62917,28.34125],[-16.607651,28.306728],[-16.592142,28.314005],[-16.59225,28.315326],[-16.592413,28.316141],[-16.593042,28.31719],[-16.593154,28.317534],[-16.593531,28.318019],[-16.593839,28.318699],[-16.593789,28.319248],[-16.593882,28.319477],[-16.594274,28.319908],[-16.594553,28.320455],[-16.59502,28.320788],[-16.595433,28.321618],[-16.595954,28.322237],[-16.595982,28.322888],[-16.59635,28.323301],[-16.596296,28.323494],[-16.596702,28.323787],[-16.597133,28.3244],[-16.597003,28.324923],[-16.597064,28.325141],[-16.597444,28.325529],[-16.598296,28.325905],[-16.598884,28.326521],[-16.599536,28.32684],[-16.599766,28.327449],[-16.600371,28.327604],[-16.600756,28.327886],[-16.60086,28.328169],[-16.600692,28.328596],[-16.600859,28.329151],[-16.601201,28.329363],[-16.601592,28.329936],[-16.602093,28.330206],[-16.601994,28.330715],[-16.602859,28.331589],[-16.602918,28.332118],[-16.603478,28.332931],[-16.603574,28.333453],[-16.60447,28.334442],[-16.604522,28.335003],[-16.604696,28.335155],[-16.605248,28.335281],[-16.605384,28.335851],[-16.605937,28.336392],[-16.605964,28.336688],[-16.605752,28.337148],[-16.60635,28.337671],[-16.607075,28.338457],[-16.606873,28.338647],[-16.60688,28.338996],[-16.607243,28.339436],[-16.607186,28.339845],[-16.607352,28.340074],[-16.607405,28.340301],[-16.607316,28.340724],[-16.607559,28.34108],[-16.607734,28.341583],[-16.608054,28.342141],[-16.608173,28.342568],[-16.608918,28.343537],[-16.608856,28.343824],[-16.609126,28.344536],[-16.609593,28.344783],[-16.609788,28.345426],[-16.610058,28.345935],[-16.61133,28.347465],[-16.611707,28.347651],[-16.611914,28.347646],[-16.611994,28.348046],[-16.6124,28.348236],[-16.612406,28.348524],[-16.612338,28.348579],[-16.612447,28.348693],[-16.61243,28.348836],[-16.613012,28.349754],[-16.613178,28.349894],[-16.613685,28.350016],[-16.613746,28.350262],[-16.613685,28.35059],[-16.613753,28.350769],[-16.613854,28.3508],[-16.614193,28.350683],[-16.614877,28.350991],[-16.614975,28.351197],[-16.61498,28.351862],[-16.61507,28.35206],[-16.615206,28.352131],[-16.615642,28.352026],[-16.615697,28.352132],[-16.61561,28.352293],[-16.615896,28.352707],[-16.616746,28.35301],[-16.616864,28.353113],[-16.617098,28.35355],[-16.61716,28.353919],[-16.617329,28.354177],[-16.617351,28.354603],[-16.617586,28.355081],[-16.618213,28.355784],[-16.618205,28.355967],[-16.618888,28.356455],[-16.619226,28.357078],[-16.619626,28.357378],[-16.619575,28.358308],[-16.61926,28.358944],[-16.619477,28.359505],[-16.619325,28.360209],[-16.619725,28.360951],[-16.619871,28.361802],[-16.620037,28.362025],[-16.620159,28.362383],[-16.620192,28.362597],[-16.620003,28.362879],[-16.62018,28.363664],[-16.620463,28.364299],[-16.620916,28.364637],[-16.621052,28.365226],[-16.62133,28.365516],[-16.621485,28.365611],[-16.621808,28.365531],[-16.622197,28.365607],[-16.62246,28.365886],[-16.622578,28.366178],[-16.623019,28.366205],[-16.623365,28.366431],[-16.623545,28.366765],[-16.623541,28.367304],[-16.623487,28.367426],[-16.623212,28.367626],[-16.623214,28.367827]]],[[[-16.648464,28.396509],[-16.648215,28.396683],[-16.648172,28.396878],[-16.648254,28.397015],[-16.648674,28.39713],[-16.648765,28.397028],[-16.648751,28.396905],[-16.648464,28.396509]]],[[[-16.648954,28.396372],[-16.648855,28.396443],[-16.64888,28.39661],[-16.649,28.396731],[-16.649193,28.396782],[-16.649237,28.396602],[-16.648954,28.396372]]]]}},{"type":"Feature","id":"38035","properties":{"cod_ine":"38035","nombre":"San Miguel de Abona","nombre_ine":"San Miguel de Abona","nombre_shp":"San Miguel de Abona","area_km2":42.034,"partes":1,"partes_roque":0},"geometry":{"type":"MultiPolygon","coordinates":[[[[-16.607756,28.110141],[-16.607821,28.110551],[-16.60841,28.111063],[-16.608483,28.111396],[-16.608841,28.111849],[-16.609202,28.111987],[-16.609619,28.112296],[-16.610677,28.112584],[-16.610944,28.112788],[-16.610985,28.113115],[-16.610723,28.11342],[-16.610831,28.113674],[-16.610929,28.113713],[-16.610983,28.114006],[-16.6112,28.114089],[-16.611001,28.114692],[-16.611557,28.114812],[-16.611865,28.115165],[-16.611874,28.11532],[-16.611618,28.115786],[-16.61156,28.115834],[-16.61132,28.115789],[-16.61126,28.116004],[-16.611448,28.116668],[-16.612133,28.117558],[-16.612192,28.118225],[-16.612026,28.118358],[-16.611205,28.118137],[-16.610806,28.118119],[-16.610609,28.118221],[-16.610502,28.118466],[-16.610617,28.118638],[-16.611151,28.119022],[-16.611517,28.11946],[-16.611582,28.119933],[-16.61136,28.120116],[-16.611319,28.120381],[-16.61151,28.121572],[-16.611737,28.122039],[-16.611751,28.122451],[-16.611985,28.122864],[-16.612475,28.123185],[-16.6128,28.123655],[-16.612814,28.123899],[-16.612559,28.124387],[-16.612842,28.124756],[-16.612803,28.125133],[-16.612616,28.125636],[-16.612719,28.126012],[-16.612928,28.126257],[-16.61354,28.126686],[-16.614259,28.126955],[-16.614424,28.127307],[-16.614859,28.127708],[-16.615028,28.128146],[-16.615281,28.128441],[-16.615404,28.128731],[-16.615253,28.128978],[-16.615296,28.129151],[-16.615783,28.129735],[-16.616099,28.129869],[-16.616247,28.130232],[-16.616797,28.130438],[-16.617426,28.130943],[-16.617691,28.130921],[-16.618192,28.131177],[-16.618303,28.131717],[-16.618204,28.132188],[-16.618365,28.132455],[-16.61846,28.132564],[-16.618606,28.132535],[-16.618978,28.132729],[-16.619568,28.133758],[-16.620104,28.133957],[-16.620099,28.134526],[-16.62019,28.134742],[-16.620654,28.134952],[-16.620881,28.135204],[-16.620908,28.134945],[-16.621258,28.134546],[-16.621149,28.133997],[-16.620831,28.13333],[-16.620831,28.133256],[-16.621147,28.133119],[-16.621147,28.131979],[-16.621018,28.131103],[-16.620988,28.130042],[-16.620941,28.129793],[-16.620766,28.129566],[-16.62093,28.129494],[-16.621361,28.12958],[-16.62151,28.129435],[-16.621614,28.129166],[-16.621935,28.129208],[-16.622296,28.128371],[-16.622744,28.128197],[-16.622741,28.128005],[-16.622581,28.127691],[-16.622623,28.127518],[-16.623034,28.127297],[-16.623772,28.127257],[-16.624053,28.12707],[-16.624737,28.127053],[-16.624602,28.126375],[-16.624878,28.126257],[-16.625492,28.126186],[-16.625446,28.125562],[-16.626334,28.125863],[-16.626507,28.125803],[-16.626851,28.125301],[-16.627124,28.124527],[-16.627468,28.124197],[-16.628017,28.124],[-16.629677,28.123198],[-16.62992,28.123178],[-16.630037,28.123264],[-16.630339,28.123033],[-16.630746,28.123004],[-16.631088,28.122809],[-16.631323,28.122907],[-16.631556,28.123126],[-16.631686,28.123133],[-16.631908,28.122358],[-16.63219,28.121948],[-16.632172,28.121642],[-16.632563,28.121115],[-16.632966,28.120802],[-16.633619,28.12037],[-16.633972,28.120311],[-16.63396,28.120071],[-16.636894,28.118608],[-16.641616,28.115727],[-16.641793,28.104452],[-16.6423,28.103831],[-16.642166,28.103512],[-16.6418,28.103079],[-16.641554,28.101778],[-16.641179,28.101148],[-16.640946,28.100314],[-16.641049,28.099945],[-16.641642,28.09888],[-16.641591,28.097477],[-16.641878,28.0963],[-16.6419,28.095072],[-16.642241,28.094265],[-16.642385,28.093122],[-16.642548,28.092511],[-16.642936,28.088673],[-16.642543,28.087876],[-16.64243,28.087027],[-16.642071,28.086219],[-16.642085,28.084211],[-16.641563,28.083425],[-16.641244,28.083185],[-16.640987,28.082832],[-16.640584,28.081991],[-16.639998,28.079696],[-16.639431,28.078227],[-16.639632,28.077388],[-16.640431,28.075736],[-16.64052,28.073916],[-16.641357,28.072742],[-16.64153,28.072329],[-16.641565,28.071774],[-16.641304,28.070297],[-16.641173,28.06991],[-16.640615,28.069048],[-16.640411,28.067812],[-16.640268,28.06743],[-16.639284,28.066237],[-16.638924,28.065537],[-16.638612,28.064399],[-16.63845,28.06279],[-16.638254,28.062364],[-16.637808,28.061794],[-16.637668,28.06118],[-16.637728,28.060764],[-16.63793,28.060238],[-16.637666,28.05919],[-16.63814,28.044547],[-16.638221,28.036236],[-16.638884,28.015482],[-16.638953,28.009159],[-16.638573,28.008812],[-16.638472,28.00892],[-16.638602,28.009111],[-16.63857,28.009167],[-16.638185,28.009384],[-16.637767,28.009316],[-16.637369,28.009367],[-16.637389,28.009278],[-16.637326,28.009257],[-16.636908,28.009255],[-16.636447,28.009137],[-16.635206,28.009311],[-16.63478,28.009272],[-16.634549,28.009426],[-16.634489,28.009314],[-16.634264,28.009275],[-16.634121,28.008986],[-16.634209,28.009025],[-16.634261,28.008975],[-16.633944,28.008747],[-16.633759,28.008794],[-16.63358,28.009185],[-16.633474,28.009247],[-16.633383,28.008654],[-16.633247,28.008689],[-16.633136,28.008975],[-16.632917,28.008805],[-16.632709,28.008755],[-16.632373,28.009039],[-16.632428,28.009293],[-16.632317,28.009447],[-16.632083,28.009523],[-16.632048,28.009379],[-16.631974,28.009364],[-16.631883,28.009504],[-16.631681,28.009535],[-16.631856,28.009772],[-16.631844,28.00996],[-16.63158,28.009853],[-16.631487,28.009963],[-16.631102,28.009873],[-16.631475,28.010145],[-16.631246,28.01016],[-16.631198,28.01024],[-16.631315,28.010345],[-16.631287,28.010454],[-16.631589,28.010578],[-16.63141,28.010683],[-16.631324,28.010839],[-16.631639,28.010764],[-16.631696,28.010877],[-16.631594,28.010984],[-16.631627,28.011074],[-16.63184,28.011351],[-16.631558,28.011798],[-16.631741,28.012048],[-16.63154,28.01219],[-16.631916,28.012321],[-16.631858,28.0126],[-16.631377,28.012856],[-16.63112,28.01282],[-16.631091,28.013115],[-16.630923,28.013405],[-16.630122,28.013475],[-16.63015,28.013602],[-16.630056,28.013634],[-16.630067,28.013715],[-16.629892,28.013695],[-16.629854,28.013949],[-16.629713,28.014095],[-16.629558,28.014134],[-16.629447,28.014014],[-16.629299,28.014006],[-16.629697,28.014412],[-16.62965,28.014825],[-16.629312,28.014965],[-16.629169,28.014829],[-16.629031,28.014969],[-16.628753,28.014864],[-16.628526,28.014996],[-16.628477,28.014945],[-16.628275,28.015008],[-16.628219,28.015153],[-16.627981,28.015287],[-16.627742,28.015261],[-16.627236,28.01548],[-16.627074,28.015468],[-16.626825,28.015717],[-16.626772,28.015686],[-16.626564,28.015954],[-16.626479,28.015952],[-16.626398,28.016341],[-16.626249,28.016439],[-16.626329,28.016498],[-16.626268,28.016552],[-16.626388,28.016775],[-16.626167,28.016895],[-16.626146,28.01702],[-16.626046,28.016925],[-16.625976,28.016988],[-16.626064,28.017218],[-16.626007,28.017442],[-16.625888,28.017531],[-16.626015,28.017668],[-16.625914,28.017834],[-16.625932,28.018025],[-16.626058,28.018091],[-16.625846,28.018387],[-16.625491,28.018577],[-16.624827,28.018785],[-16.624139,28.018811],[-16.623576,28.018701],[-16.623114,28.018294],[-16.622895,28.018299],[-16.622549,28.018427],[-16.622164,28.01873],[-16.621435,28.018845],[-16.62117,28.018763],[-16.621237,28.018319],[-16.621018,28.018722],[-16.620908,28.018465],[-16.620846,28.018769],[-16.620753,28.018757],[-16.620744,28.018565],[-16.620672,28.01851],[-16.620582,28.018574],[-16.620681,28.018641],[-16.620684,28.018739],[-16.620573,28.018787],[-16.619924,28.018816],[-16.619497,28.018789],[-16.61929,28.018701],[-16.619287,28.018611],[-16.619423,28.018596],[-16.61953,28.018398],[-16.619357,28.018332],[-16.619186,28.018593],[-16.61896,28.018761],[-16.618735,28.018773],[-16.618412,28.01908],[-16.618346,28.019223],[-16.618442,28.019373],[-16.618299,28.019462],[-16.618163,28.019388],[-16.618137,28.019272],[-16.617983,28.019337],[-16.617701,28.019736],[-16.61766,28.019933],[-16.617356,28.019749],[-16.61722,28.019866],[-16.617184,28.019808],[-16.617081,28.019838],[-16.616922,28.019672],[-16.616761,28.019858],[-16.616632,28.020371],[-16.616719,28.020411],[-16.61671,28.020559],[-16.616512,28.020683],[-16.616418,28.020706],[-16.616418,28.020584],[-16.616214,28.020581],[-16.616051,28.020448],[-16.61599,28.020619],[-16.61584,28.020738],[-16.61583,28.020527],[-16.615618,28.020608],[-16.615545,28.020368],[-16.615461,28.020443],[-16.615503,28.02079],[-16.615205,28.02074],[-16.614931,28.020846],[-16.614744,28.02055],[-16.614762,28.020827],[-16.614607,28.020946],[-16.614429,28.02092],[-16.614468,28.020735],[-16.614372,28.020793],[-16.61404,28.02073],[-16.613846,28.020464],[-16.613528,28.020572],[-16.613263,28.020576],[-16.613207,28.020605],[-16.613309,28.020709],[-16.613317,28.020853],[-16.61323,28.020927],[-16.613241,28.021052],[-16.61299,28.021301],[-16.612907,28.021028],[-16.612766,28.02099],[-16.612667,28.021086],[-16.612739,28.021297],[-16.612444,28.021553],[-16.612094,28.021516],[-16.611938,28.021636],[-16.611556,28.021607],[-16.611361,28.021954],[-16.610931,28.022079],[-16.610632,28.021651],[-16.610534,28.021664],[-16.61047,28.021585],[-16.610619,28.020875],[-16.611238,28.020566],[-16.611459,28.020329],[-16.612229,28.020005],[-16.612549,28.019684],[-16.613458,28.019097],[-16.613367,28.019031],[-16.612994,28.019171],[-16.612831,28.019126],[-16.612463,28.019441],[-16.611871,28.019787],[-16.610944,28.020167],[-16.610059,28.020793],[-16.609985,28.020941],[-16.60998,28.021362],[-16.610534,28.022197],[-16.610224,28.022554],[-16.609861,28.0227],[-16.609568,28.022655],[-16.609459,28.022727],[-16.608129,28.022841],[-16.607509,28.022831],[-16.607495,28.022555],[-16.607435,28.022572],[-16.607224,28.022744],[-16.607132,28.022984],[-16.607255,28.023108],[-16.607121,28.023259],[-16.607017,28.023277],[-16.606952,28.023029],[-16.606848,28.023056],[-16.606787,28.022958],[-16.606624,28.022905],[-16.606805,28.023183],[-16.606663,28.023236],[-16.60656,28.023381],[-16.606457,28.02337],[-16.606449,28.023502],[-16.606233,28.023489],[-16.606262,28.023585],[-16.606043,28.023512],[-16.60601,28.023637],[-16.605883,28.023627],[-16.605882,28.023501],[-16.605758,28.023529],[-16.605844,28.023665],[-16.605793,28.023745],[-16.605646,28.023579],[-16.605479,28.023618],[-16.605294,28.02401],[-16.604747,28.024256],[-16.604324,28.024227],[-16.604191,28.024052],[-16.604113,28.024108],[-16.604274,28.024335],[-16.604295,28.024504],[-16.604543,28.024801],[-16.604528,28.024908],[-16.604174,28.025196],[-16.603771,28.025305],[-16.603625,28.025225],[-16.602937,28.025155],[-16.60288,28.025438],[-16.602501,28.025774],[-16.602341,28.02576],[-16.602266,28.026111],[-16.602057,28.026092],[-16.60181,28.025835],[-16.601858,28.026085],[-16.601684,28.026128],[-16.601433,28.025911],[-16.601384,28.025947],[-16.601455,28.026088],[-16.601284,28.026137],[-16.601266,28.026305],[-16.601005,28.026324],[-16.600561,28.026219],[-16.600093,28.026755],[-16.600016,28.026945],[-16.599589,28.027083],[-16.599558,28.027514],[-16.599257,28.027662],[-16.599158,28.027594],[-16.599128,28.027779],[-16.59848,28.027892],[-16.597001,28.027937],[-16.597064,28.02851],[-16.597339,28.029033],[-16.597693,28.029417],[-16.597318,28.030017],[-16.597282,28.030313],[-16.59751,28.031687],[-16.597889,28.032407],[-16.597989,28.033466],[-16.598105,28.03367],[-16.598457,28.033977],[-16.598945,28.034177],[-16.598893,28.034441],[-16.599246,28.035286],[-16.59918,28.035765],[-16.59936,28.036191],[-16.599258,28.036863],[-16.599939,28.037976],[-16.600374,28.039081],[-16.600997,28.039805],[-16.60236,28.040626],[-16.602856,28.041496],[-16.603723,28.042573],[-16.604743,28.043193],[-16.605664,28.043918],[-16.605849,28.044279],[-16.605588,28.045033],[-16.605652,28.045247],[-16.60606,28.045423],[-16.606673,28.045544],[-16.606741,28.045643],[-16.606248,28.046673],[-16.606181,28.047039],[-16.605944,28.047516],[-16.605391,28.048179],[-16.605391,28.048894],[-16.605123,28.049333],[-16.605182,28.049553],[-16.606455,28.050802],[-16.606574,28.051037],[-16.606565,28.051692],[-16.605836,28.053571],[-16.606261,28.05491],[-16.606478,28.055231],[-16.606481,28.055427],[-16.606399,28.055595],[-16.605478,28.05651],[-16.605193,28.057594],[-16.605396,28.058258],[-16.605459,28.058814],[-16.60573,28.059068],[-16.605681,28.059486],[-16.605469,28.060053],[-16.605695,28.060398],[-16.605697,28.06077],[-16.605457,28.061082],[-16.604628,28.061559],[-16.604577,28.061769],[-16.604893,28.062262],[-16.604912,28.062503],[-16.604727,28.062681],[-16.60412,28.063027],[-16.603933,28.063318],[-16.603801,28.063791],[-16.603966,28.064267],[-16.603938,28.064434],[-16.603675,28.06458],[-16.603082,28.064629],[-16.602643,28.06488],[-16.602226,28.06577],[-16.602214,28.066524],[-16.602059,28.066744],[-16.60141,28.067092],[-16.601257,28.067361],[-16.601224,28.067629],[-16.601306,28.06803],[-16.601703,28.06884],[-16.602035,28.069226],[-16.602765,28.069669],[-16.603063,28.07002],[-16.603286,28.070663],[-16.60303,28.071115],[-16.603167,28.071379],[-16.603092,28.071716],[-16.60352,28.072133],[-16.603685,28.07242],[-16.603696,28.072616],[-16.603497,28.073081],[-16.603649,28.073646],[-16.603651,28.074456],[-16.603311,28.074848],[-16.603653,28.075083],[-16.603755,28.07528],[-16.603605,28.075893],[-16.603368,28.076264],[-16.603308,28.076499],[-16.603639,28.077389],[-16.60365,28.077617],[-16.603165,28.078187],[-16.60296,28.078543],[-16.60299,28.078834],[-16.602884,28.079273],[-16.60294,28.079487],[-16.60309,28.079595],[-16.60364,28.079699],[-16.603904,28.079974],[-16.60394,28.080249],[-16.603835,28.08041],[-16.603481,28.080396],[-16.603215,28.080544],[-16.603167,28.081436],[-16.603267,28.081685],[-16.603878,28.082341],[-16.603918,28.082787],[-16.60368,28.083158],[-16.603111,28.083372],[-16.602901,28.083546],[-16.602928,28.08365],[-16.603053,28.083707],[-16.603412,28.083653],[-16.603495,28.08392],[-16.603348,28.084227],[-16.602829,28.084709],[-16.602767,28.085438],[-16.602497,28.085805],[-16.602532,28.086278],[-16.602277,28.087425],[-16.602312,28.088289],[-16.602243,28.088493],[-16.601369,28.088954],[-16.601431,28.08984],[-16.601339,28.09032],[-16.600973,28.090527],[-16.600369,28.090735],[-16.600143,28.090981],[-16.600227,28.091346],[-16.601085,28.09194],[-16.601061,28.092333],[-16.600931,28.092542],[-16.600712,28.092701],[-16.599868,28.093092],[-16.599794,28.093226],[-16.599754,28.093761],[-16.599915,28.094201],[-16.600129,28.094409],[-16.600591,28.094559],[-16.601412,28.094673],[-16.601636,28.094899],[-16.601608,28.095425],[-16.601105,28.096209],[-16.601069,28.096609],[-16.60114,28.096707],[-16.601594,28.096928],[-16.601721,28.097143],[-16.601636,28.097545],[-16.601095,28.098165],[-16.601169,28.098442],[-16.601563,28.098688],[-16.601586,28.098848],[-16.601405,28.099089],[-16.600988,28.099313],[-16.600982,28.099728],[-16.60078,28.100003],[-16.601098,28.10039],[-16.601476,28.100528],[-16.601801,28.100756],[-16.601897,28.100931],[-16.601929,28.101274],[-16.602199,28.101492],[-16.602227,28.10204],[-16.602324,28.102267],[-16.602899,28.102533],[-16.602943,28.10262],[-16.602978,28.103324],[-16.603203,28.103858],[-16.602937,28.104432],[-16.603081,28.10462],[-16.60331,28.104737],[-16.603344,28.105434],[-16.603924,28.105835],[-16.603971,28.106203],[-16.604073,28.106328],[-16.604356,28.106435],[-16.605164,28.106385],[-16.605576,28.106525],[-16.606073,28.107349],[-16.606647,28.107669],[-16.606757,28.107862],[-16.607001,28.107923],[-16.607133,28.108311],[-16.607377,28.108606],[-16.607475,28.109133],[-16.607756,28.109437],[-16.607756,28.110141]]]]}},{"type":"Feature","id":"38038","properties":{"cod_ine":"38038","nombre":"Santa Cruz de Tenerife","nombre_ine":"Santa Cruz de Tenerife","nombre_shp":"Santa Cruz de Tenerife","area_km2":150.186,"partes":39,"partes_roque":38},"geometry":{"type":"MultiPolygon","coordinates":[[[[-16.155631,28.603673],[-16.155552,28.603847],[-16.155411,28.60393],[-16.155352,28.604411],[-16.155035,28.604949],[-16.155238,28.60518],[-16.155518,28.60524],[-16.155792,28.605019],[-16.15594,28.60474],[-16.156273,28.604482],[-16.156717,28.604218],[-16.156985,28.604171],[-16.157312,28.603987],[-16.157362,28.603789],[-16.157178,28.603297],[-16.156831,28.60298],[-16.156865,28.602884],[-16.157267,28.602903],[-16.157388,28.602645],[-16.157548,28.602609],[-16.157671,28.602339],[-16.157661,28.601953],[-16.157467,28.601768],[-16.157193,28.601881],[-16.156732,28.602771],[-16.156232,28.603472],[-16.15609,28.603579],[-16.155631,28.603673]]],[[[-16.158826,28.590997],[-16.158655,28.591141],[-16.158786,28.591228],[-16.158932,28.591608],[-16.158833,28.591999],[-16.158863,28.592236],[-16.158724,28.592243],[-16.158708,28.592469],[-16.158329,28.592762],[-16.15823,28.593347],[-16.158328,28.593889],[-16.158686,28.5945],[-16.158806,28.594498],[-16.158955,28.594263],[-16.159199,28.594095],[-16.160012,28.593901],[-16.160286,28.593632],[-16.160419,28.593649],[-16.161,28.593291],[-16.16113,28.593112],[-16.161059,28.592803],[-16.161125,28.592608],[-16.161272,28.592488],[-16.161285,28.592343],[-16.161116,28.592131],[-16.16078,28.59199],[-16.16071,28.591889],[-16.159788,28.591935],[-16.159562,28.591527],[-16.158826,28.590997]]],[[[-16.160659,28.593646],[-16.160146,28.594033],[-16.160208,28.594102],[-16.160689,28.5938],[-16.160733,28.593702],[-16.160659,28.593646]]],[[[-16.161154,28.593205],[-16.16078,28.593532],[-16.160797,28.593593],[-16.161226,28.593309],[-16.161234,28.593214],[-16.161154,28.593205]]],[[[-16.172714,28.585146],[-16.172457,28.585261],[-16.172332,28.585463],[-16.172145,28.585514],[-16.172061,28.585766],[-16.172262,28.585658],[-16.172445,28.585613],[-16.172488,28.585458],[-16.172625,28.585411],[-16.172771,28.585206],[-16.172714,28.585146]]],[[[-16.172134,28.585259],[-16.171951,28.585353],[-16.171934,28.585522],[-16.171994,28.585512],[-16.17217,28.585391],[-16.172134,28.585259]]],[[[-16.138318,28.584189],[-16.138221,28.584273],[-16.138285,28.584434],[-16.138169,28.584595],[-16.138273,28.584758],[-16.138383,28.584743],[-16.138423,28.584659],[-16.138465,28.584306],[-16.138318,28.584189]]],[[[-16.132698,28.580479],[-16.132732,28.580584],[-16.132427,28.580865],[-16.132733,28.581053],[-16.132438,28.581203],[-16.132799,28.581355],[-16.132989,28.581226],[-16.133184,28.580942],[-16.133527,28.58087],[-16.132698,28.580479]]],[[[-16.133901,28.576428],[-16.133807,28.57664],[-16.133919,28.576787],[-16.133995,28.576773],[-16.134079,28.576563],[-16.134014,28.576447],[-16.133901,28.576428]]],[[[-16.204046,28.575718],[-16.20397,28.575817],[-16.204211,28.575996],[-16.204286,28.576004],[-16.204315,28.575894],[-16.204046,28.575718]]],[[[-16.19159,28.574815],[-16.191505,28.574918],[-16.191576,28.575142],[-16.19168,28.575018],[-16.19159,28.574815]]],[[[-16.196863,28.573612],[-16.196783,28.573702],[-16.196861,28.573752],[-16.196863,28.573612]]],[[[-16.24546,28.571587],[-16.245244,28.571676],[-16.245482,28.571673],[-16.245649,28.571626],[-16.24546,28.571587]]],[[[-16.123596,28.56213],[-16.123479,28.562219],[-16.123822,28.562351],[-16.123911,28.562327],[-16.123895,28.562216],[-16.123596,28.56213]]],[[[-16.124664,28.561928],[-16.124336,28.562022],[-16.124357,28.562116],[-16.124535,28.562133],[-16.124762,28.562031],[-16.124664,28.561928]]],[[[-16.119459,28.551219],[-16.119257,28.551452],[-16.119454,28.551487],[-16.119589,28.551382],[-16.119459,28.551219]]],[[[-16.120273,28.550944],[-16.1201,28.550992],[-16.120137,28.551204],[-16.12033,28.551295],[-16.120488,28.55121],[-16.120568,28.551012],[-16.120273,28.550944]]],[[[-16.128298,28.538002],[-16.12802,28.538307],[-16.128034,28.538411],[-16.12827,28.538237],[-16.128298,28.538002]]],[[[-16.140367,28.525983],[-16.140231,28.526029],[-16.140262,28.526139],[-16.140419,28.526042],[-16.140367,28.525983]]],[[[-16.14078,28.525576],[-16.140658,28.52567],[-16.140671,28.525866],[-16.140796,28.525986],[-16.140899,28.525966],[-16.140998,28.525964],[-16.141055,28.525776],[-16.140979,28.525612],[-16.14078,28.525576]]],[[[-16.18821,28.503517],[-16.188132,28.503522],[-16.187951,28.503775],[-16.186443,28.506224],[-16.185601,28.507088],[-16.18503,28.507491],[-16.184348,28.507826],[-16.182156,28.508537],[-16.181236,28.508656],[-16.180732,28.508598],[-16.180617,28.508695],[-16.181418,28.508791],[-16.182189,28.508646],[-16.184452,28.507947],[-16.18569,28.507208],[-16.186614,28.506279],[-16.188209,28.50368],[-16.18821,28.503517]]],[[[-16.307491,28.409736],[-16.30708,28.409902],[-16.30665,28.410265],[-16.306426,28.410211],[-16.306066,28.410718],[-16.305977,28.410967],[-16.305845,28.411099],[-16.30578,28.411031],[-16.30569,28.411063],[-16.30582,28.411233],[-16.305774,28.411482],[-16.305495,28.411569],[-16.305376,28.412183],[-16.305022,28.412314],[-16.304923,28.41286],[-16.304778,28.412835],[-16.304464,28.413147],[-16.304297,28.413073],[-16.303965,28.413276],[-16.30362,28.413167],[-16.303644,28.413275],[-16.303554,28.413405],[-16.303336,28.413512],[-16.303113,28.4135],[-16.303078,28.41333],[-16.302966,28.41356],[-16.302789,28.413506],[-16.30269,28.413681],[-16.302515,28.413718],[-16.302459,28.413607],[-16.302365,28.413956],[-16.302143,28.414074],[-16.302031,28.413987],[-16.30191,28.414213],[-16.301841,28.414078],[-16.301696,28.414064],[-16.301523,28.414227],[-16.301498,28.4141],[-16.301404,28.414123],[-16.301227,28.41442],[-16.300743,28.414324],[-16.300315,28.414962],[-16.299796,28.415284],[-16.299671,28.415458],[-16.299484,28.415431],[-16.299463,28.41555],[-16.299552,28.415687],[-16.299319,28.416],[-16.299128,28.415934],[-16.29907,28.416121],[-16.298671,28.416124],[-16.298789,28.416267],[-16.298697,28.416499],[-16.298823,28.416561],[-16.298683,28.41658],[-16.298815,28.416751],[-16.298685,28.416844],[-16.298664,28.417035],[-16.298427,28.417237],[-16.298174,28.41721],[-16.298153,28.417323],[-16.297986,28.417424],[-16.297879,28.417363],[-16.29786,28.417796],[-16.297774,28.417872],[-16.297485,28.41773],[-16.296983,28.41791],[-16.297437,28.418094],[-16.297541,28.418279],[-16.297508,28.418359],[-16.297208,28.418318],[-16.297022,28.418479],[-16.297205,28.418696],[-16.296923,28.418833],[-16.297036,28.419075],[-16.296405,28.419961],[-16.295694,28.420346],[-16.295581,28.420193],[-16.295611,28.420129],[-16.295328,28.420219],[-16.29563,28.420062],[-16.295592,28.419887],[-16.295466,28.419842],[-16.293914,28.420648],[-16.293843,28.42117],[-16.293232,28.422208],[-16.293493,28.42258],[-16.293466,28.422862],[-16.293378,28.422864],[-16.293388,28.422978],[-16.293233,28.423072],[-16.29336,28.42326],[-16.293386,28.423871],[-16.293591,28.424027],[-16.29355,28.424465],[-16.293493,28.424529],[-16.29335,28.424478],[-16.293308,28.424621],[-16.293154,28.424596],[-16.292693,28.424869],[-16.292479,28.425137],[-16.292578,28.425204],[-16.292515,28.425381],[-16.29197,28.425728],[-16.291991,28.425915],[-16.291794,28.426542],[-16.291554,28.42679],[-16.291156,28.426892],[-16.290978,28.426835],[-16.290825,28.426924],[-16.290691,28.426832],[-16.290441,28.427373],[-16.290015,28.427359],[-16.29007,28.427506],[-16.289595,28.427701],[-16.289306,28.428258],[-16.288788,28.428665],[-16.288793,28.428807],[-16.288553,28.428849],[-16.288441,28.429037],[-16.288152,28.429052],[-16.288124,28.429289],[-16.287798,28.429225],[-16.287614,28.42964],[-16.287236,28.429824],[-16.287009,28.429844],[-16.286861,28.429983],[-16.286028,28.430181],[-16.285867,28.430306],[-16.285764,28.430521],[-16.285551,28.430548],[-16.285535,28.43068],[-16.285359,28.430719],[-16.2854,28.430801],[-16.285194,28.430942],[-16.285172,28.431046],[-16.285027,28.431145],[-16.284861,28.43104],[-16.284872,28.431158],[-16.28467,28.431423],[-16.283944,28.431773],[-16.283862,28.431745],[-16.283845,28.431836],[-16.283706,28.431764],[-16.283758,28.431974],[-16.283595,28.432213],[-16.282985,28.432572],[-16.282322,28.433106],[-16.28191,28.433263],[-16.281576,28.433233],[-16.281534,28.433498],[-16.281133,28.433516],[-16.281027,28.433664],[-16.280763,28.433623],[-16.280626,28.433811],[-16.280424,28.433897],[-16.280089,28.434365],[-16.279592,28.434772],[-16.279321,28.435356],[-16.27911,28.435428],[-16.279077,28.435645],[-16.27875,28.435764],[-16.278764,28.435839],[-16.278499,28.436172],[-16.278397,28.436148],[-16.278286,28.436266],[-16.278075,28.436281],[-16.278103,28.436393],[-16.278008,28.436421],[-16.278005,28.436598],[-16.277888,28.436722],[-16.277954,28.436929],[-16.277751,28.436951],[-16.277575,28.437065],[-16.277393,28.436942],[-16.277447,28.437038],[-16.277095,28.437165],[-16.277101,28.437328],[-16.276885,28.437773],[-16.276612,28.43791],[-16.276476,28.438295],[-16.276177,28.438499],[-16.276062,28.438771],[-16.275382,28.439225],[-16.275067,28.439208],[-16.275002,28.43952],[-16.274869,28.439624],[-16.274839,28.439878],[-16.274544,28.440192],[-16.274782,28.44073],[-16.274739,28.44106],[-16.274576,28.441179],[-16.274405,28.441185],[-16.27428,28.441066],[-16.274236,28.441249],[-16.273922,28.441355],[-16.273762,28.441509],[-16.273769,28.441651],[-16.27396,28.44189],[-16.273874,28.442191],[-16.273929,28.442388],[-16.273719,28.442581],[-16.273784,28.442728],[-16.273118,28.443036],[-16.27279,28.443019],[-16.272787,28.443103],[-16.273009,28.443186],[-16.273085,28.443364],[-16.272947,28.443494],[-16.27298,28.443782],[-16.272645,28.443903],[-16.272393,28.444174],[-16.27244,28.444417],[-16.272361,28.444376],[-16.272332,28.444466],[-16.272081,28.444396],[-16.272076,28.44448],[-16.271947,28.444507],[-16.271951,28.44489],[-16.271725,28.445187],[-16.270749,28.445886],[-16.270304,28.446614],[-16.269778,28.447232],[-16.26927,28.447503],[-16.267468,28.448229],[-16.267281,28.448877],[-16.266582,28.449455],[-16.265797,28.44977],[-16.264768,28.450017],[-16.26477,28.448674],[-16.264548,28.448686],[-16.264446,28.448813],[-16.264426,28.449764],[-16.264304,28.44992],[-16.262959,28.450522],[-16.262655,28.449704],[-16.262374,28.449777],[-16.262425,28.449886],[-16.262597,28.449875],[-16.262887,28.450555],[-16.261598,28.451301],[-16.260011,28.451758],[-16.259687,28.451747],[-16.25964,28.451299],[-16.259563,28.451334],[-16.25953,28.451753],[-16.259378,28.451771],[-16.259215,28.451571],[-16.259387,28.451481],[-16.259348,28.451412],[-16.258908,28.45151],[-16.256877,28.450637],[-16.254251,28.450462],[-16.25385,28.450508],[-16.253576,28.45079],[-16.253507,28.451127],[-16.253449,28.452545],[-16.253756,28.452965],[-16.253673,28.453386],[-16.253502,28.453609],[-16.25322,28.453532],[-16.252775,28.454127],[-16.251933,28.454661],[-16.252017,28.454771],[-16.252357,28.454642],[-16.252657,28.454969],[-16.252562,28.455135],[-16.252688,28.455355],[-16.252642,28.455556],[-16.252429,28.455279],[-16.252294,28.455296],[-16.252221,28.455399],[-16.25233,28.455557],[-16.252512,28.455538],[-16.252609,28.455608],[-16.252501,28.455674],[-16.252177,28.455662],[-16.251883,28.455258],[-16.251614,28.455373],[-16.2499,28.455287],[-16.249324,28.454559],[-16.249017,28.454453],[-16.248959,28.454646],[-16.249415,28.45538],[-16.249453,28.455818],[-16.248094,28.458652],[-16.247907,28.458989],[-16.247609,28.459213],[-16.247499,28.459509],[-16.24772,28.459587],[-16.246408,28.462907],[-16.247442,28.463362],[-16.247291,28.463662],[-16.246229,28.463408],[-16.245764,28.464591],[-16.245495,28.464556],[-16.245277,28.465438],[-16.245095,28.465404],[-16.24505,28.465545],[-16.244681,28.465483],[-16.244674,28.465531],[-16.24504,28.465595],[-16.245131,28.466066],[-16.244807,28.467421],[-16.24486,28.467623],[-16.242764,28.468056],[-16.242243,28.465997],[-16.244517,28.461726],[-16.24515,28.459576],[-16.245898,28.459747],[-16.245936,28.459608],[-16.245206,28.45944],[-16.24703,28.455977],[-16.24717,28.456031],[-16.247222,28.455931],[-16.247494,28.456028],[-16.247562,28.455901],[-16.247019,28.455675],[-16.245034,28.459436],[-16.244595,28.46092],[-16.241928,28.46596],[-16.242559,28.468515],[-16.242487,28.468621],[-16.242573,28.469141],[-16.242404,28.469479],[-16.242425,28.469609],[-16.240342,28.47316],[-16.235605,28.479078],[-16.235848,28.479196],[-16.240574,28.473333],[-16.24316,28.468934],[-16.243403,28.469042],[-16.243662,28.468992],[-16.244321,28.4691],[-16.244265,28.469278],[-16.244448,28.469315],[-16.244478,28.46919],[-16.24459,28.469214],[-16.244257,28.470463],[-16.24437,28.470491],[-16.2442,28.471047],[-16.244089,28.471022],[-16.244059,28.471105],[-16.244319,28.471167],[-16.244345,28.471081],[-16.244235,28.471054],[-16.244404,28.470499],[-16.244516,28.470524],[-16.244852,28.469413],[-16.24519,28.469494],[-16.245239,28.469303],[-16.246032,28.469398],[-16.246081,28.469572],[-16.246262,28.46958],[-16.246263,28.469504],[-16.246337,28.469507],[-16.246248,28.471027],[-16.244871,28.47438],[-16.244583,28.474287],[-16.244335,28.474674],[-16.244574,28.474842],[-16.242142,28.477543],[-16.241351,28.476936],[-16.241099,28.477184],[-16.241649,28.477642],[-16.241516,28.477941],[-16.241019,28.477824],[-16.240885,28.477995],[-16.240861,28.478045],[-16.241181,28.478166],[-16.241153,28.478226],[-16.240832,28.478102],[-16.240766,28.478245],[-16.241119,28.478376],[-16.240743,28.479146],[-16.240154,28.478928],[-16.24067,28.477904],[-16.240509,28.477918],[-16.240025,28.478952],[-16.24069,28.479231],[-16.240285,28.480261],[-16.240328,28.480688],[-16.239707,28.481444],[-16.239269,28.481156],[-16.239305,28.481083],[-16.239142,28.481276],[-16.239097,28.481245],[-16.239552,28.480708],[-16.239517,28.480633],[-16.238812,28.481393],[-16.238815,28.481471],[-16.23933,28.481812],[-16.239354,28.481894],[-16.237418,28.484172],[-16.237375,28.484322],[-16.237562,28.484559],[-16.237508,28.484581],[-16.237587,28.484724],[-16.237393,28.485043],[-16.237339,28.485311],[-16.237073,28.485543],[-16.236722,28.485743],[-16.236534,28.485731],[-16.235311,28.486523],[-16.234589,28.486453],[-16.233959,28.486562],[-16.233383,28.486279],[-16.233109,28.486011],[-16.233511,28.485792],[-16.233543,28.485562],[-16.233211,28.485578],[-16.232888,28.485792],[-16.232352,28.485938],[-16.23166,28.486252],[-16.23105,28.48579],[-16.230818,28.485801],[-16.230085,28.485265],[-16.229899,28.485461],[-16.229168,28.484929],[-16.229087,28.485017],[-16.230115,28.485757],[-16.227078,28.489022],[-16.226809,28.488839],[-16.226204,28.489348],[-16.224927,28.489017],[-16.224755,28.489073],[-16.224604,28.489546],[-16.224816,28.489599],[-16.224767,28.489747],[-16.224544,28.489736],[-16.225282,28.489927],[-16.225148,28.490282],[-16.225177,28.490429],[-16.225002,28.490665],[-16.224901,28.490691],[-16.224048,28.490167],[-16.224035,28.490059],[-16.219595,28.490467],[-16.219783,28.487803],[-16.225332,28.483866],[-16.228401,28.483024],[-16.228358,28.482876],[-16.225245,28.483734],[-16.219818,28.487599],[-16.219555,28.487558],[-16.21935,28.487666],[-16.219199,28.48871],[-16.218667,28.489284],[-16.217939,28.49029],[-16.217225,28.491108],[-16.217152,28.49129],[-16.21665,28.491692],[-16.214542,28.492931],[-16.214406,28.492862],[-16.213488,28.491645],[-16.213313,28.491519],[-16.213161,28.491556],[-16.213093,28.491664],[-16.213129,28.491804],[-16.214209,28.493181],[-16.21194,28.494629],[-16.21093,28.495149],[-16.210195,28.495428],[-16.209998,28.495322],[-16.209582,28.495531],[-16.209651,28.495649],[-16.208422,28.49624],[-16.208483,28.49633],[-16.208314,28.49642],[-16.208217,28.496241],[-16.202717,28.499067],[-16.20194,28.497886],[-16.210798,28.493343],[-16.210849,28.493233],[-16.210925,28.493219],[-16.21121,28.493635],[-16.211371,28.493613],[-16.211448,28.493422],[-16.211069,28.492829],[-16.211005,28.492768],[-16.210854,28.492784],[-16.205062,28.495787],[-16.202007,28.495871],[-16.201899,28.495935],[-16.201319,28.495978],[-16.201236,28.496052],[-16.200223,28.496109],[-16.200234,28.496223],[-16.201415,28.496191],[-16.20153,28.4964],[-16.20171,28.496457],[-16.201507,28.496551],[-16.201166,28.496868],[-16.20065,28.496982],[-16.200512,28.496943],[-16.200466,28.497023],[-16.19992,28.497157],[-16.199838,28.497265],[-16.199507,28.497394],[-16.199166,28.497471],[-16.199005,28.497383],[-16.198832,28.497398],[-16.198773,28.497306],[-16.198368,28.497396],[-16.198317,28.497559],[-16.197996,28.497715],[-16.197952,28.497873],[-16.197842,28.497843],[-16.197762,28.498162],[-16.197526,28.498447],[-16.197521,28.498567],[-16.19721,28.498849],[-16.195341,28.499497],[-16.19528,28.499624],[-16.195323,28.499909],[-16.19445,28.500197],[-16.1939,28.500645],[-16.193481,28.501368],[-16.19301,28.502657],[-16.19254,28.503133],[-16.192026,28.503331],[-16.192093,28.503143],[-16.191949,28.503293],[-16.19201,28.503449],[-16.191951,28.503498],[-16.190798,28.504214],[-16.18979,28.504688],[-16.189097,28.50477],[-16.188239,28.504364],[-16.188201,28.504492],[-16.1888,28.504832],[-16.188702,28.504924],[-16.188824,28.505029],[-16.189165,28.505118],[-16.189128,28.505344],[-16.188756,28.505918],[-16.187696,28.507214],[-16.187003,28.507949],[-16.18646,28.508392],[-16.185897,28.508754],[-16.184094,28.509536],[-16.182372,28.510027],[-16.181338,28.510138],[-16.180844,28.510103],[-16.180037,28.509867],[-16.179564,28.509533],[-16.179518,28.509278],[-16.180696,28.508339],[-16.180636,28.508114],[-16.180479,28.508157],[-16.178421,28.509755],[-16.17801,28.509815],[-16.178018,28.510304],[-16.177861,28.510191],[-16.177788,28.510298],[-16.177333,28.509991],[-16.177295,28.510083],[-16.177046,28.510203],[-16.177057,28.51042],[-16.177384,28.511114],[-16.177115,28.511326],[-16.17703,28.511546],[-16.177107,28.512103],[-16.176829,28.512318],[-16.17678,28.512503],[-16.176617,28.512544],[-16.176405,28.512923],[-16.175968,28.51336],[-16.175253,28.513713],[-16.174786,28.513489],[-16.174125,28.513775],[-16.174111,28.513979],[-16.173801,28.514123],[-16.173935,28.514149],[-16.173976,28.51439],[-16.173861,28.514467],[-16.173826,28.514695],[-16.173442,28.515076],[-16.173029,28.515355],[-16.172572,28.515521],[-16.172289,28.515243],[-16.171344,28.515771],[-16.171419,28.515995],[-16.170944,28.5163],[-16.170238,28.516459],[-16.170073,28.516572],[-16.169693,28.516566],[-16.169285,28.516753],[-16.169308,28.516884],[-16.168828,28.5173],[-16.16845,28.51777],[-16.168123,28.517924],[-16.167675,28.51832],[-16.166632,28.518753],[-16.165551,28.518451],[-16.165274,28.518456],[-16.164859,28.518705],[-16.164556,28.519248],[-16.163722,28.519761],[-16.162614,28.519903],[-16.162401,28.519808],[-16.162346,28.520002],[-16.162101,28.520041],[-16.161941,28.520009],[-16.161656,28.519782],[-16.161338,28.519863],[-16.161015,28.520116],[-16.160622,28.519986],[-16.16034,28.520795],[-16.158563,28.521844],[-16.156277,28.522804],[-16.155692,28.52284],[-16.154089,28.522503],[-16.15377,28.522502],[-16.151529,28.523318],[-16.149424,28.522828],[-16.148525,28.522754],[-16.147272,28.522119],[-16.146968,28.522121],[-16.146687,28.521965],[-16.146369,28.521496],[-16.146309,28.521833],[-16.146211,28.521821],[-16.146199,28.521713],[-16.145995,28.521652],[-16.145977,28.521838],[-16.145873,28.521894],[-16.145739,28.521899],[-16.14568,28.521692],[-16.14552,28.521893],[-16.145218,28.521701],[-16.145203,28.521569],[-16.144772,28.521377],[-16.144596,28.521373],[-16.144698,28.521525],[-16.144399,28.521612],[-16.144161,28.521356],[-16.143957,28.521269],[-16.144002,28.521134],[-16.143891,28.521007],[-16.143731,28.52131],[-16.143357,28.521418],[-16.143137,28.521358],[-16.143243,28.521505],[-16.143154,28.521723],[-16.14321,28.521805],[-16.143503,28.521735],[-16.14372,28.521547],[-16.143835,28.521593],[-16.14387,28.521801],[-16.143665,28.521827],[-16.14297,28.522534],[-16.143336,28.522407],[-16.143313,28.522566],[-16.143135,28.522722],[-16.143265,28.522886],[-16.143405,28.522834],[-16.14353,28.522881],[-16.143466,28.52303],[-16.143592,28.523155],[-16.143701,28.523609],[-16.143645,28.523726],[-16.143364,28.523815],[-16.143362,28.523959],[-16.142996,28.524005],[-16.1433,28.524282],[-16.143192,28.524466],[-16.14332,28.524671],[-16.143239,28.524929],[-16.143176,28.524991],[-16.143103,28.524922],[-16.142759,28.525008],[-16.142839,28.525269],[-16.142508,28.525525],[-16.142278,28.525469],[-16.142216,28.52557],[-16.141769,28.525442],[-16.141677,28.525586],[-16.141543,28.525462],[-16.141187,28.525526],[-16.141373,28.525657],[-16.141285,28.5259],[-16.141117,28.526025],[-16.14112,28.526274],[-16.140961,28.526306],[-16.140748,28.526208],[-16.140701,28.526087],[-16.140563,28.526076],[-16.140463,28.52617],[-16.140553,28.526287],[-16.140534,28.526465],[-16.140199,28.526717],[-16.140062,28.526671],[-16.140118,28.526861],[-16.13995,28.526834],[-16.139875,28.526735],[-16.13943,28.526912],[-16.139346,28.526813],[-16.139229,28.526857],[-16.139056,28.526733],[-16.138922,28.526761],[-16.138918,28.52684],[-16.138643,28.52689],[-16.13877,28.527024],[-16.138711,28.527272],[-16.138572,28.527083],[-16.138483,28.527092],[-16.138453,28.527519],[-16.138599,28.527812],[-16.139268,28.528363],[-16.139557,28.528807],[-16.139756,28.52887],[-16.139822,28.528964],[-16.139715,28.529192],[-16.13929,28.529291],[-16.139523,28.529461],[-16.139529,28.5296],[-16.139206,28.529746],[-16.139311,28.530016],[-16.139161,28.530082],[-16.139172,28.530205],[-16.139005,28.530272],[-16.139149,28.530356],[-16.139014,28.530536],[-16.139233,28.530633],[-16.139417,28.53085],[-16.139246,28.531364],[-16.13911,28.531504],[-16.139003,28.531475],[-16.138215,28.53185],[-16.138267,28.532029],[-16.137723,28.532578],[-16.137189,28.532727],[-16.13667,28.53303],[-16.136485,28.533231],[-16.1363,28.533125],[-16.136191,28.533385],[-16.135543,28.533578],[-16.13534,28.533846],[-16.134754,28.53389],[-16.134499,28.533718],[-16.134351,28.533744],[-16.134319,28.534418],[-16.133957,28.534578],[-16.133647,28.534833],[-16.133164,28.53504],[-16.132352,28.535241],[-16.131439,28.535332],[-16.130915,28.535318],[-16.13027,28.535158],[-16.129777,28.534898],[-16.129698,28.534604],[-16.129761,28.534533],[-16.129597,28.534334],[-16.129523,28.53396],[-16.129129,28.533692],[-16.12938,28.533663],[-16.129548,28.533746],[-16.12897,28.533427],[-16.128406,28.53332],[-16.128318,28.533126],[-16.127763,28.532603],[-16.127272,28.532418],[-16.127163,28.532133],[-16.127058,28.532086],[-16.126702,28.532157],[-16.126299,28.531938],[-16.126041,28.532061],[-16.12558,28.532135],[-16.125906,28.532775],[-16.125809,28.532848],[-16.125782,28.533084],[-16.125642,28.533123],[-16.12537,28.532807],[-16.125099,28.532707],[-16.125024,28.532755],[-16.125087,28.532875],[-16.12537,28.533053],[-16.125349,28.533663],[-16.125605,28.533873],[-16.125907,28.53436],[-16.126052,28.534351],[-16.126152,28.534067],[-16.126503,28.534296],[-16.126593,28.534389],[-16.126475,28.534578],[-16.12662,28.534643],[-16.126626,28.534759],[-16.126914,28.534784],[-16.126759,28.535151],[-16.12684,28.535257],[-16.127429,28.53508],[-16.12797,28.535202],[-16.127853,28.535254],[-16.127976,28.535469],[-16.12781,28.53535],[-16.12741,28.535361],[-16.127263,28.535437],[-16.127175,28.535571],[-16.127211,28.535653],[-16.127508,28.535525],[-16.127514,28.535636],[-16.127823,28.53563],[-16.127677,28.535707],[-16.127669,28.535791],[-16.128111,28.535739],[-16.129056,28.536026],[-16.129441,28.536283],[-16.12951,28.536635],[-16.129399,28.536866],[-16.129283,28.53687],[-16.129245,28.536942],[-16.129233,28.537244],[-16.129078,28.537515],[-16.128688,28.537703],[-16.128759,28.537781],[-16.128684,28.537915],[-16.128376,28.538162],[-16.128396,28.538353],[-16.128829,28.538598],[-16.12886,28.539007],[-16.128751,28.539312],[-16.128412,28.539614],[-16.128344,28.539873],[-16.127684,28.540492],[-16.127345,28.541056],[-16.127303,28.541348],[-16.127835,28.541137],[-16.127945,28.541177],[-16.127968,28.541267],[-16.127343,28.542129],[-16.127341,28.542485],[-16.126826,28.542923],[-16.126758,28.543309],[-16.126653,28.54343],[-16.126815,28.543627],[-16.126517,28.54373],[-16.126571,28.543784],[-16.126885,28.543786],[-16.126948,28.543911],[-16.127314,28.544101],[-16.127168,28.544285],[-16.127469,28.544466],[-16.127683,28.54514],[-16.127493,28.54589],[-16.127517,28.546378],[-16.127268,28.546735],[-16.127002,28.546886],[-16.126944,28.547163],[-16.126612,28.547602],[-16.126724,28.547856],[-16.126626,28.548153],[-16.126329,28.548319],[-16.126174,28.548526],[-16.125412,28.548683],[-16.125071,28.549342],[-16.125139,28.549542],[-16.124692,28.549744],[-16.124481,28.550033],[-16.123771,28.550177],[-16.123566,28.550393],[-16.123352,28.550433],[-16.122947,28.550681],[-16.122362,28.550852],[-16.121984,28.551082],[-16.121393,28.551137],[-16.120939,28.551315],[-16.120789,28.551652],[-16.120423,28.55198],[-16.120373,28.552543],[-16.119976,28.552705],[-16.120167,28.552796],[-16.120169,28.552953],[-16.12009,28.55305],[-16.120022,28.552997],[-16.119932,28.553035],[-16.119792,28.553425],[-16.119609,28.553375],[-16.119426,28.553616],[-16.119886,28.553759],[-16.120461,28.553577],[-16.120606,28.553793],[-16.120526,28.554259],[-16.120326,28.554074],[-16.119899,28.554091],[-16.120036,28.554239],[-16.120401,28.554241],[-16.120477,28.554456],[-16.120333,28.554559],[-16.11976,28.554464],[-16.119765,28.554548],[-16.120005,28.554584],[-16.119912,28.554783],[-16.120136,28.554914],[-16.119973,28.55522],[-16.11971,28.555232],[-16.11952,28.555801],[-16.119882,28.55651],[-16.119979,28.556978],[-16.119891,28.557074],[-16.120085,28.557263],[-16.119901,28.55738],[-16.1199,28.55746],[-16.12085,28.558357],[-16.120764,28.558905],[-16.120481,28.558873],[-16.120723,28.559115],[-16.120629,28.559177],[-16.120706,28.559268],[-16.120574,28.559324],[-16.120198,28.559257],[-16.120035,28.55931],[-16.120942,28.559498],[-16.121209,28.559382],[-16.121407,28.559046],[-16.121605,28.55901],[-16.121981,28.559161],[-16.122027,28.559458],[-16.122654,28.559571],[-16.123017,28.559736],[-16.123077,28.559819],[-16.122799,28.559893],[-16.122629,28.560218],[-16.123371,28.560323],[-16.123745,28.560706],[-16.12379,28.5608],[-16.12372,28.560878],[-16.123942,28.561043],[-16.123956,28.56113],[-16.12382,28.561242],[-16.123299,28.561228],[-16.122888,28.561456],[-16.122858,28.561614],[-16.123286,28.561707],[-16.124304,28.561737],[-16.125296,28.561952],[-16.125618,28.5621],[-16.125739,28.562312],[-16.125728,28.562588],[-16.125462,28.563296],[-16.125265,28.563338],[-16.124521,28.563199],[-16.124447,28.563256],[-16.12452,28.563344],[-16.124773,28.563432],[-16.125099,28.563385],[-16.125043,28.563446],[-16.125731,28.563601],[-16.126004,28.56352],[-16.126319,28.563668],[-16.126717,28.563737],[-16.126637,28.563916],[-16.126247,28.563887],[-16.126657,28.564142],[-16.12639,28.564138],[-16.126385,28.56423],[-16.126107,28.564295],[-16.126221,28.56458],[-16.126064,28.564646],[-16.126531,28.565028],[-16.126534,28.5653],[-16.126654,28.565445],[-16.126673,28.565782],[-16.126504,28.566023],[-16.126428,28.566574],[-16.126078,28.567017],[-16.125802,28.567044],[-16.125742,28.567335],[-16.125513,28.567322],[-16.125415,28.56739],[-16.125424,28.56756],[-16.12529,28.567415],[-16.125117,28.567528],[-16.125164,28.567631],[-16.125377,28.567701],[-16.125467,28.567903],[-16.125636,28.567899],[-16.125896,28.568048],[-16.1261,28.568893],[-16.126551,28.569299],[-16.126597,28.569782],[-16.126524,28.570058],[-16.126646,28.570261],[-16.12662,28.57057],[-16.126791,28.570949],[-16.127253,28.571201],[-16.127196,28.571437],[-16.127247,28.57165],[-16.127692,28.57181],[-16.127785,28.572111],[-16.128201,28.571999],[-16.128339,28.571999],[-16.12845,28.572094],[-16.128511,28.572323],[-16.128238,28.572691],[-16.12833,28.572741],[-16.129004,28.572849],[-16.130312,28.573635],[-16.130591,28.573561],[-16.131003,28.57359],[-16.131257,28.573966],[-16.131496,28.57405],[-16.13163,28.57419],[-16.131703,28.57477],[-16.131907,28.574765],[-16.132061,28.574533],[-16.132232,28.574571],[-16.132508,28.574435],[-16.132631,28.574276],[-16.132506,28.57414],[-16.132515,28.573989],[-16.132629,28.573711],[-16.132809,28.573542],[-16.133587,28.573565],[-16.13377,28.573665],[-16.133867,28.573837],[-16.134075,28.573917],[-16.134142,28.574449],[-16.134103,28.574881],[-16.134218,28.575103],[-16.13454,28.57538],[-16.134678,28.575706],[-16.134646,28.57587],[-16.13423,28.576271],[-16.134183,28.576461],[-16.134303,28.576547],[-16.134715,28.576459],[-16.134925,28.576599],[-16.135091,28.576834],[-16.135178,28.577144],[-16.135166,28.577463],[-16.134967,28.577824],[-16.134945,28.578364],[-16.135072,28.578852],[-16.135051,28.579048],[-16.134829,28.579234],[-16.134652,28.579253],[-16.134538,28.579009],[-16.134385,28.579027],[-16.134252,28.579261],[-16.134367,28.57941],[-16.134307,28.579721],[-16.134406,28.57956],[-16.13487,28.57964],[-16.134871,28.580035],[-16.134685,28.580363],[-16.134274,28.580531],[-16.13399,28.580518],[-16.134192,28.58068],[-16.134078,28.580895],[-16.134108,28.5811],[-16.13439,28.581084],[-16.134361,28.581253],[-16.134715,28.581221],[-16.135191,28.58146],[-16.135389,28.581451],[-16.135501,28.581688],[-16.135609,28.581746],[-16.136101,28.581648],[-16.136489,28.58186],[-16.136561,28.582082],[-16.136501,28.582487],[-16.136335,28.582688],[-16.135928,28.582669],[-16.13607,28.58288],[-16.136335,28.582964],[-16.136629,28.582923],[-16.1368,28.582766],[-16.137082,28.582723],[-16.137443,28.582867],[-16.137693,28.582825],[-16.137978,28.582939],[-16.138401,28.583335],[-16.138472,28.583732],[-16.138425,28.583869],[-16.138678,28.583597],[-16.138823,28.583557],[-16.139117,28.583705],[-16.139338,28.583694],[-16.139912,28.583851],[-16.140551,28.58377],[-16.140647,28.584057],[-16.140846,28.584054],[-16.140913,28.58413],[-16.14138,28.583936],[-16.142108,28.5839],[-16.142453,28.584031],[-16.142237,28.584251],[-16.142304,28.584573],[-16.142748,28.584566],[-16.14341,28.584802],[-16.143877,28.584577],[-16.144594,28.58461],[-16.144662,28.584837],[-16.144793,28.584936],[-16.144819,28.585127],[-16.14524,28.585359],[-16.145742,28.585291],[-16.146178,28.585051],[-16.146503,28.585106],[-16.147022,28.584978],[-16.147371,28.58505],[-16.147537,28.585136],[-16.147561,28.585337],[-16.148333,28.585707],[-16.148532,28.586106],[-16.148709,28.586748],[-16.14937,28.586993],[-16.150001,28.587112],[-16.150422,28.587409],[-16.150687,28.58739],[-16.151277,28.586641],[-16.151472,28.586563],[-16.152114,28.586593],[-16.152808,28.586762],[-16.153574,28.586704],[-16.154269,28.586754],[-16.155025,28.587192],[-16.155431,28.587679],[-16.155916,28.587768],[-16.156752,28.58772],[-16.157206,28.587902],[-16.15751,28.588179],[-16.157736,28.588527],[-16.157933,28.588637],[-16.159215,28.588398],[-16.160514,28.587301],[-16.16138,28.586762],[-16.162438,28.586557],[-16.162548,28.586587],[-16.162571,28.586719],[-16.162652,28.586752],[-16.162752,28.586705],[-16.162777,28.586557],[-16.163137,28.586477],[-16.16369,28.586477],[-16.164022,28.586603],[-16.164786,28.586482],[-16.165486,28.586023],[-16.165778,28.5857],[-16.16582,28.585556],[-16.166091,28.585327],[-16.167605,28.584499],[-16.167942,28.584184],[-16.168372,28.584009],[-16.168728,28.583979],[-16.169245,28.584113],[-16.169655,28.584108],[-16.170377,28.584397],[-16.170678,28.584636],[-16.17112,28.584649],[-16.171569,28.584787],[-16.17203,28.585175],[-16.172221,28.585188],[-16.17245,28.585035],[-16.172283,28.584876],[-16.172312,28.58474],[-16.173013,28.58391],[-16.172971,28.583818],[-16.173114,28.58354],[-16.173484,28.583051],[-16.174223,28.582536],[-16.174116,28.582394],[-16.174155,28.582259],[-16.174553,28.581883],[-16.17526,28.581683],[-16.176191,28.581809],[-16.177714,28.5817],[-16.177845,28.581535],[-16.178545,28.581092],[-16.17954,28.58062],[-16.179867,28.580576],[-16.180071,28.58038],[-16.180408,28.57877],[-16.180855,28.578335],[-16.181564,28.577942],[-16.182124,28.577885],[-16.182571,28.577756],[-16.183173,28.577367],[-16.183927,28.577093],[-16.184107,28.576958],[-16.184376,28.576529],[-16.185065,28.576163],[-16.186007,28.575786],[-16.18658,28.57568],[-16.186837,28.575755],[-16.187671,28.575449],[-16.188146,28.575551],[-16.188256,28.575837],[-16.188459,28.575887],[-16.188639,28.575618],[-16.188582,28.575414],[-16.188742,28.575298],[-16.189374,28.575174],[-16.190043,28.575277],[-16.190292,28.575188],[-16.190661,28.574879],[-16.190983,28.574432],[-16.191346,28.573035],[-16.191532,28.572727],[-16.192183,28.572309],[-16.192833,28.572077],[-16.193681,28.571948],[-16.193945,28.572034],[-16.194704,28.572496],[-16.195486,28.572405],[-16.196368,28.572619],[-16.196893,28.572572],[-16.197027,28.572647],[-16.197006,28.572817],[-16.197608,28.572733],[-16.198156,28.572791],[-16.198282,28.572656],[-16.198228,28.572478],[-16.198294,28.572275],[-16.198518,28.572092],[-16.198855,28.572101],[-16.199488,28.572311],[-16.199556,28.572601],[-16.199676,28.572726],[-16.200149,28.572482],[-16.200381,28.572256],[-16.201195,28.572285],[-16.202419,28.571464],[-16.203361,28.571407],[-16.203738,28.571294],[-16.203952,28.571032],[-16.204264,28.571259],[-16.205009,28.571267],[-16.204806,28.571171],[-16.20434,28.571106],[-16.204162,28.570968],[-16.204144,28.570841],[-16.204007,28.570815],[-16.204193,28.570172],[-16.204871,28.569419],[-16.205938,28.568662],[-16.206308,28.568495],[-16.20677,28.568453],[-16.207309,28.56859],[-16.207754,28.56858],[-16.207832,28.568754],[-16.208233,28.56893],[-16.209183,28.569062],[-16.209809,28.568916],[-16.210594,28.56892],[-16.210884,28.568801],[-16.211061,28.568827],[-16.211345,28.568575],[-16.212058,28.568271],[-16.212443,28.568171],[-16.213383,28.568121],[-16.213589,28.567979],[-16.214544,28.567988],[-16.215174,28.567814],[-16.215915,28.567763],[-16.216692,28.567982],[-16.217011,28.56797],[-16.219375,28.567125],[-16.220902,28.566872],[-16.221676,28.566544],[-16.222141,28.56589],[-16.222382,28.565707],[-16.222793,28.565539],[-16.223444,28.56545],[-16.223792,28.565436],[-16.224249,28.565665],[-16.224547,28.565704],[-16.225216,28.565475],[-16.225451,28.565483],[-16.226122,28.565825],[-16.226932,28.566064],[-16.227264,28.566263],[-16.227663,28.566236],[-16.227594,28.566086],[-16.227662,28.565917],[-16.227847,28.565798],[-16.228099,28.565754],[-16.228463,28.565994],[-16.228684,28.56595],[-16.228872,28.566095],[-16.229932,28.56637],[-16.230697,28.566428],[-16.2314,28.56633],[-16.23159,28.566369],[-16.232635,28.566803],[-16.232808,28.566967],[-16.233248,28.566749],[-16.233676,28.566771],[-16.234001,28.567014],[-16.23441,28.567707],[-16.234798,28.567775],[-16.234971,28.567684],[-16.235235,28.56768],[-16.235672,28.567932],[-16.236369,28.568161],[-16.23675,28.568423],[-16.237197,28.568518],[-16.23803,28.568974],[-16.238935,28.569331],[-16.239467,28.569403],[-16.239849,28.569821],[-16.240586,28.569911],[-16.240906,28.570067],[-16.241253,28.570471],[-16.241733,28.570748],[-16.241821,28.570994],[-16.24164,28.570993],[-16.241606,28.571086],[-16.242187,28.571143],[-16.242266,28.571079],[-16.242182,28.570921],[-16.242402,28.570854],[-16.242739,28.571058],[-16.242973,28.571355],[-16.243267,28.571431],[-16.243254,28.571523],[-16.243159,28.571497],[-16.242985,28.571621],[-16.243201,28.571768],[-16.24342,28.5717],[-16.243988,28.571708],[-16.244224,28.571805],[-16.24488,28.571816],[-16.244936,28.571737],[-16.244399,28.571655],[-16.244497,28.571368],[-16.245187,28.571246],[-16.245298,28.571124],[-16.245848,28.570903],[-16.246122,28.570619],[-16.246619,28.570706],[-16.246692,28.570808],[-16.247006,28.570935],[-16.247387,28.570937],[-16.247649,28.570886],[-16.247992,28.570613],[-16.248242,28.570518],[-16.248593,28.57074],[-16.248613,28.570849],[-16.248779,28.570964],[-16.249036,28.570782],[-16.249411,28.570864],[-16.249403,28.571085],[-16.249626,28.571234],[-16.250068,28.570983],[-16.250214,28.571023],[-16.250409,28.571264],[-16.250843,28.571167],[-16.251396,28.571346],[-16.251395,28.571485],[-16.251463,28.571497],[-16.25168,28.571405],[-16.25169,28.571247],[-16.251931,28.571085],[-16.251967,28.570842],[-16.253069,28.57051],[-16.254115,28.569866],[-16.254199,28.569872],[-16.254499,28.570281],[-16.254778,28.570485],[-16.254801,28.570624],[-16.255073,28.570715],[-16.255246,28.570685],[-16.255557,28.570461],[-16.255637,28.570197],[-16.255859,28.570006],[-16.255622,28.569922],[-16.255603,28.569793],[-16.255912,28.569694],[-16.25613,28.569733],[-16.2564,28.569437],[-16.256814,28.569418],[-16.257023,28.569338],[-16.257332,28.569747],[-16.257997,28.569787],[-16.258301,28.57],[-16.258181,28.570136],[-16.257745,28.570246],[-16.257764,28.570314],[-16.258028,28.570416],[-16.258448,28.570408],[-16.258467,28.570601],[-16.258363,28.570691],[-16.258342,28.570866],[-16.258946,28.571278],[-16.259255,28.571276],[-16.259563,28.57157],[-16.259596,28.571733],[-16.259885,28.57184],[-16.259603,28.571893],[-16.259683,28.572055],[-16.259945,28.572013],[-16.260748,28.572182],[-16.261493,28.57336],[-16.261648,28.573365],[-16.261607,28.573147],[-16.261948,28.573228],[-16.262101,28.573298],[-16.262282,28.573615],[-16.262557,28.573491],[-16.262725,28.573229],[-16.263192,28.573312],[-16.263571,28.572927],[-16.264009,28.572931],[-16.264074,28.572967],[-16.264047,28.573179],[-16.264488,28.573133],[-16.26477,28.573385],[-16.264759,28.573572],[-16.264574,28.573852],[-16.264626,28.573871],[-16.265031,28.573971],[-16.265478,28.573958],[-16.265522,28.574051],[-16.265912,28.573773],[-16.266125,28.573717],[-16.266267,28.573785],[-16.266345,28.574013],[-16.266595,28.574042],[-16.266964,28.573848],[-16.26726,28.574044],[-16.267683,28.574177],[-16.268178,28.574688],[-16.268868,28.575151],[-16.269437,28.575423],[-16.27015,28.576011],[-16.270065,28.57623],[-16.27059,28.57641],[-16.270314,28.576592],[-16.270325,28.576807],[-16.270581,28.576954],[-16.271437,28.577214],[-16.271465,28.577286],[-16.271211,28.577272],[-16.271259,28.577403],[-16.271331,28.57735],[-16.271406,28.577479],[-16.271993,28.577791],[-16.272086,28.577925],[-16.272164,28.577939],[-16.272228,28.577832],[-16.272452,28.578048],[-16.272713,28.578067],[-16.272917,28.577959],[-16.273209,28.57796],[-16.273595,28.577807],[-16.273747,28.577525],[-16.273626,28.577263],[-16.273263,28.577008],[-16.273411,28.576806],[-16.273087,28.576726],[-16.273096,28.576591],[-16.272849,28.576458],[-16.272781,28.576228],[-16.272127,28.576194],[-16.272222,28.576046],[-16.272865,28.576033],[-16.272791,28.57593],[-16.272206,28.575871],[-16.272341,28.57562],[-16.272439,28.57559],[-16.272653,28.575754],[-16.272973,28.575612],[-16.272768,28.575437],[-16.272446,28.575511],[-16.272206,28.575334],[-16.272226,28.575197],[-16.272444,28.575269],[-16.273082,28.575249],[-16.272798,28.574876],[-16.27261,28.574798],[-16.272493,28.574648],[-16.272677,28.574084],[-16.272882,28.573931],[-16.273231,28.573817],[-16.273577,28.573789],[-16.273912,28.573876],[-16.273951,28.573643],[-16.274414,28.573466],[-16.274519,28.573082],[-16.27477,28.572697],[-16.274712,28.572552],[-16.274493,28.572401],[-16.274465,28.572145],[-16.274026,28.571503],[-16.274022,28.571242],[-16.274441,28.570863],[-16.274497,28.570545],[-16.274967,28.569974],[-16.274921,28.569753],[-16.274302,28.569633],[-16.273984,28.569697],[-16.273771,28.569635],[-16.273784,28.569448],[-16.274034,28.569252],[-16.274,28.568807],[-16.273798,28.568676],[-16.273219,28.568745],[-16.273041,28.568665],[-16.272801,28.568146],[-16.272774,28.567677],[-16.272616,28.567406],[-16.273107,28.566587],[-16.273624,28.566121],[-16.273582,28.565982],[-16.273228,28.56576],[-16.272684,28.565575],[-16.272623,28.565397],[-16.27276,28.5652],[-16.272995,28.565184],[-16.273192,28.565232],[-16.273343,28.565411],[-16.273523,28.565425],[-16.273848,28.565176],[-16.273545,28.564836],[-16.273714,28.564171],[-16.273651,28.563745],[-16.27378,28.563363],[-16.27379,28.563002],[-16.273658,28.562874],[-16.273388,28.563014],[-16.273008,28.563566],[-16.27262,28.563288],[-16.272093,28.563347],[-16.271922,28.563222],[-16.271773,28.562793],[-16.271476,28.562486],[-16.271589,28.562266],[-16.272009,28.562251],[-16.272445,28.562039],[-16.272539,28.561725],[-16.272452,28.561299],[-16.273295,28.561149],[-16.273358,28.56107],[-16.273332,28.560851],[-16.273184,28.560537],[-16.272507,28.559834],[-16.272166,28.559774],[-16.271786,28.5599],[-16.271379,28.55975],[-16.271334,28.559525],[-16.27176,28.55921],[-16.271779,28.558654],[-16.271531,28.558596],[-16.270825,28.558677],[-16.27057,28.558526],[-16.270238,28.558103],[-16.270225,28.557909],[-16.27074,28.557852],[-16.271151,28.557636],[-16.27112,28.557417],[-16.270904,28.557052],[-16.270275,28.557085],[-16.270356,28.556481],[-16.270676,28.556162],[-16.270648,28.555833],[-16.27008,28.555735],[-16.269993,28.555817],[-16.269631,28.555852],[-16.269296,28.555706],[-16.269146,28.5555],[-16.269539,28.555239],[-16.269486,28.554933],[-16.269795,28.554379],[-16.269812,28.553844],[-16.269943,28.553243],[-16.270328,28.553077],[-16.270824,28.553368],[-16.27126,28.553255],[-16.271173,28.552609],[-16.271193,28.551986],[-16.271305,28.551527],[-16.270772,28.55125],[-16.270616,28.551077],[-16.270509,28.55058],[-16.270537,28.550349],[-16.270427,28.550068],[-16.270491,28.549957],[-16.270804,28.549787],[-16.270863,28.549593],[-16.269594,28.548061],[-16.269801,28.547364],[-16.269464,28.546893],[-16.269201,28.546763],[-16.269018,28.546548],[-16.269,28.545989],[-16.268785,28.545408],[-16.268007,28.544649],[-16.267839,28.544312],[-16.267397,28.544135],[-16.267238,28.543363],[-16.267367,28.542901],[-16.267766,28.542462],[-16.267742,28.541831],[-16.267805,28.541756],[-16.268248,28.541648],[-16.268447,28.541456],[-16.268799,28.541026],[-16.269176,28.540274],[-16.269164,28.539746],[-16.270117,28.537379],[-16.268974,28.536569],[-16.269236,28.53579],[-16.269618,28.535317],[-16.270243,28.535027],[-16.270809,28.5349],[-16.271636,28.535102],[-16.272105,28.535102],[-16.273313,28.534962],[-16.274429,28.534719],[-16.276314,28.53358],[-16.27742,28.533037],[-16.27799,28.532878],[-16.278985,28.532792],[-16.27924,28.531969],[-16.279575,28.531372],[-16.280027,28.530188],[-16.279695,28.528575],[-16.280054,28.528143],[-16.280366,28.527335],[-16.28119,28.526316],[-16.284747,28.520021],[-16.28438,28.51953],[-16.284452,28.519081],[-16.284949,28.518476],[-16.285455,28.517239],[-16.285854,28.516874],[-16.285974,28.51656],[-16.285713,28.515887],[-16.285497,28.51352],[-16.285282,28.512218],[-16.285378,28.511658],[-16.285323,28.51109],[-16.284758,28.509951],[-16.284422,28.509688],[-16.2839,28.509465],[-16.282755,28.509282],[-16.282042,28.509079],[-16.282061,28.508758],[-16.281975,28.508637],[-16.280909,28.508178],[-16.279707,28.507519],[-16.278887,28.506811],[-16.278194,28.50664],[-16.278001,28.506526],[-16.277511,28.505922],[-16.277063,28.505179],[-16.276562,28.504784],[-16.276119,28.504179],[-16.275902,28.504071],[-16.275528,28.504061],[-16.275012,28.503915],[-16.274684,28.503597],[-16.2732,28.502594],[-16.272565,28.50225],[-16.272209,28.502289],[-16.272079,28.502216],[-16.271517,28.501695],[-16.271442,28.500006],[-16.270603,28.499224],[-16.270392,28.498906],[-16.270379,28.498728],[-16.270751,28.497612],[-16.271456,28.496398],[-16.271667,28.495751],[-16.27175,28.495028],[-16.271755,28.492796],[-16.271966,28.492059],[-16.271986,28.49131],[-16.272147,28.490227],[-16.272496,28.489525],[-16.278181,28.474026],[-16.281752,28.46617],[-16.282105,28.465612],[-16.289912,28.460168],[-16.293133,28.441801],[-16.294169,28.431972],[-16.296469,28.431612],[-16.296555,28.432385],[-16.296838,28.432545],[-16.297528,28.433159],[-16.297626,28.433485],[-16.297994,28.434131],[-16.297999,28.434495],[-16.298643,28.43471],[-16.298746,28.43486],[-16.298693,28.435206],[-16.299167,28.435494],[-16.299296,28.435651],[-16.299584,28.436628],[-16.299496,28.436739],[-16.299017,28.436947],[-16.298986,28.437184],[-16.299263,28.437434],[-16.300504,28.438128],[-16.300648,28.438321],[-16.300696,28.43893],[-16.300957,28.439268],[-16.300997,28.439541],[-16.300851,28.439941],[-16.300425,28.440331],[-16.300822,28.44116],[-16.300792,28.441343],[-16.300041,28.442618],[-16.299227,28.443159],[-16.298982,28.443572],[-16.298997,28.444025],[-16.299499,28.444668],[-16.299887,28.445594],[-16.300963,28.446035],[-16.301338,28.446049],[-16.301832,28.446184],[-16.302274,28.446117],[-16.302555,28.446236],[-16.303021,28.446286],[-16.304428,28.447143],[-16.305178,28.447423],[-16.305443,28.447379],[-16.305839,28.44713],[-16.305975,28.447122],[-16.306311,28.447315],[-16.306636,28.447354],[-16.307106,28.447007],[-16.307381,28.446916],[-16.307558,28.446955],[-16.308001,28.447244],[-16.308226,28.447082],[-16.308619,28.447008],[-16.308769,28.447569],[-16.309924,28.447598],[-16.310444,28.448078],[-16.311121,28.448358],[-16.311126,28.448518],[-16.31132,28.448803],[-16.3117,28.448989],[-16.311723,28.449381],[-16.311832,28.44948],[-16.312467,28.449476],[-16.312888,28.449573],[-16.313541,28.449486],[-16.313858,28.449886],[-16.314571,28.450153],[-16.316485,28.450285],[-16.317208,28.4501],[-16.318699,28.450187],[-16.319708,28.450613],[-16.319768,28.450811],[-16.320109,28.450823],[-16.320392,28.451089],[-16.320581,28.451153],[-16.321067,28.451064],[-16.322131,28.45056],[-16.32279,28.450752],[-16.32309,28.450228],[-16.323385,28.450094],[-16.323808,28.450142],[-16.324492,28.449962],[-16.32488,28.450111],[-16.325439,28.450009],[-16.32601,28.45008],[-16.326905,28.450473],[-16.327296,28.451153],[-16.327504,28.451819],[-16.327879,28.452034],[-16.3286,28.452661],[-16.329066,28.452886],[-16.329122,28.453073],[-16.32894,28.453449],[-16.329,28.453605],[-16.329479,28.453983],[-16.329799,28.454529],[-16.330515,28.454849],[-16.330482,28.454563],[-16.330692,28.452834],[-16.330481,28.451553],[-16.330511,28.450763],[-16.330384,28.449602],[-16.330608,28.44756],[-16.330733,28.44731],[-16.331343,28.446745],[-16.331794,28.44612],[-16.332398,28.445523],[-16.333147,28.444469],[-16.334395,28.442514],[-16.33455,28.441853],[-16.335208,28.440773],[-16.336342,28.439347],[-16.336951,28.438982],[-16.338001,28.438701],[-16.338376,28.437975],[-16.339001,28.437396],[-16.339712,28.436308],[-16.340045,28.435536],[-16.34068,28.434645],[-16.341049,28.43373],[-16.34151,28.432895],[-16.342034,28.432278],[-16.342724,28.430836],[-16.344412,28.429387],[-16.344747,28.429323],[-16.34568,28.429562],[-16.345804,28.42954],[-16.345548,28.429103],[-16.345301,28.42911],[-16.345109,28.428881],[-16.345021,28.42837],[-16.344156,28.428047],[-16.343978,28.427625],[-16.343388,28.427461],[-16.342908,28.426979],[-16.342419,28.426785],[-16.341798,28.426421],[-16.34132,28.426308],[-16.340766,28.426361],[-16.340607,28.426311],[-16.339961,28.425875],[-16.3398,28.425475],[-16.339054,28.424877],[-16.338789,28.424553],[-16.33824,28.42426],[-16.338132,28.424043],[-16.337987,28.423187],[-16.338202,28.42272],[-16.33816,28.422244],[-16.337331,28.422045],[-16.337154,28.421586],[-16.337196,28.42094],[-16.33708,28.420659],[-16.336803,28.420319],[-16.336583,28.419466],[-16.33636,28.419195],[-16.336043,28.419086],[-16.335604,28.418743],[-16.335355,28.418749],[-16.33507,28.418944],[-16.334436,28.419108],[-16.332829,28.418573],[-16.331605,28.41829],[-16.331362,28.418107],[-16.331226,28.417599],[-16.330861,28.417462],[-16.330592,28.417262],[-16.33028,28.416674],[-16.330039,28.416631],[-16.329698,28.416442],[-16.328492,28.416398],[-16.32786,28.416851],[-16.32754,28.41694],[-16.32744,28.417566],[-16.32729,28.417817],[-16.326742,28.417511],[-16.32575,28.417887],[-16.325407,28.417425],[-16.32506,28.417392],[-16.323899,28.417686],[-16.322166,28.417926],[-16.321872,28.417913],[-16.321549,28.417758],[-16.321336,28.417772],[-16.320943,28.418164],[-16.32069,28.418723],[-16.320556,28.41925],[-16.320578,28.419952],[-16.320454,28.42072],[-16.320013,28.420686],[-16.31939,28.420257],[-16.318734,28.420006],[-16.318182,28.419634],[-16.317861,28.419236],[-16.317392,28.418956],[-16.317233,28.418696],[-16.317327,28.418311],[-16.31722,28.418064],[-16.316104,28.41784],[-16.315439,28.417799],[-16.315279,28.417629],[-16.315214,28.417307],[-16.315075,28.417191],[-16.31463,28.416984],[-16.313921,28.416799],[-16.312921,28.415707],[-16.312564,28.415431],[-16.312459,28.414888],[-16.311915,28.414577],[-16.311935,28.414228],[-16.311468,28.413551],[-16.311386,28.413213],[-16.310897,28.413136],[-16.310172,28.412604],[-16.309414,28.412381],[-16.30924,28.41218],[-16.309052,28.412125],[-16.308833,28.411884],[-16.308478,28.411142],[-16.308195,28.410852],[-16.307929,28.410198],[-16.307669,28.410015],[-16.307491,28.409736]]],[[[-16.184373,28.577572],[-16.184288,28.577858],[-16.184374,28.57806],[-16.184492,28.578057],[-16.184518,28.577878],[-16.184615,28.577811],[-16.184373,28.577572]]],[[[-16.187422,28.576304],[-16.187322,28.576367],[-16.187279,28.576568],[-16.187381,28.576756],[-16.187279,28.576901],[-16.187406,28.57704],[-16.187528,28.576996],[-16.187423,28.576751],[-16.187551,28.576484],[-16.187422,28.576304]]],[[[-16.189561,28.575931],[-16.18943,28.576188],[-16.18949,28.576386],[-16.1896,28.576435],[-16.189643,28.576351],[-16.189573,28.576319],[-16.189621,28.576223],[-16.189517,28.576217],[-16.189617,28.576086],[-16.189561,28.575931]]],[[[-16.200917,28.574652],[-16.200833,28.57476],[-16.201002,28.5748],[-16.20105,28.574842],[-16.201054,28.57475],[-16.200917,28.574652]]],[[[-16.202496,28.573869],[-16.20242,28.574021],[-16.202598,28.574146],[-16.202646,28.574086],[-16.202496,28.573869]]],[[[-16.202124,28.573515],[-16.202013,28.573556],[-16.202005,28.573667],[-16.202179,28.573718],[-16.202245,28.573842],[-16.202365,28.573835],[-16.202346,28.573675],[-16.202124,28.573515]]],[[[-16.200962,28.573103],[-16.200862,28.573202],[-16.201098,28.573415],[-16.201188,28.573428],[-16.201162,28.573291],[-16.200962,28.573103]]],[[[-16.202428,28.572917],[-16.202202,28.573298],[-16.202243,28.573355],[-16.202338,28.573277],[-16.202319,28.573214],[-16.202545,28.573012],[-16.202428,28.572917]]],[[[-16.206572,28.572455],[-16.206412,28.572487],[-16.206523,28.57281],[-16.20662,28.572673],[-16.20665,28.572757],[-16.206729,28.572708],[-16.206745,28.572528],[-16.206572,28.572455]]],[[[-16.20052,28.572763],[-16.200508,28.572766],[-16.200496,28.572772],[-16.20049,28.572778],[-16.200485,28.572786],[-16.200482,28.572796],[-16.200485,28.572806],[-16.200487,28.572816],[-16.200499,28.572827],[-16.200509,28.572835],[-16.200521,28.572842],[-16.20053,28.572848],[-16.200538,28.572853],[-16.200548,28.572857],[-16.200558,28.572857],[-16.200568,28.572849],[-16.200569,28.572841],[-16.200569,28.572833],[-16.200567,28.572821],[-16.200564,28.572809],[-16.200561,28.572794],[-16.200557,28.57278],[-16.200552,28.572774],[-16.200545,28.572769],[-16.200534,28.572764],[-16.20052,28.572763]]],[[[-16.205577,28.572619],[-16.20548,28.572645],[-16.205571,28.57277],[-16.205627,28.572724],[-16.205577,28.572619]]],[[[-16.203934,28.572674],[-16.203853,28.572757],[-16.20392,28.572759],[-16.203934,28.572674]]],[[[-16.206073,28.572486],[-16.205923,28.572639],[-16.206075,28.572734],[-16.206198,28.572597],[-16.206073,28.572486]]],[[[-16.204537,28.572504],[-16.204405,28.572563],[-16.204379,28.572658],[-16.204441,28.572677],[-16.204581,28.572624],[-16.204537,28.572504]]],[[[-16.122872,28.560285],[-16.122675,28.560384],[-16.12272,28.560441],[-16.122867,28.560405],[-16.123077,28.560325],[-16.122872,28.560285]]],[[[-16.120492,28.559687],[-16.120255,28.559714],[-16.120074,28.559805],[-16.120049,28.559889],[-16.120085,28.559956],[-16.120305,28.559977],[-16.120572,28.559885],[-16.120758,28.559712],[-16.120492,28.559687]]],[[[-16.119905,28.558992],[-16.119582,28.559169],[-16.119629,28.55923],[-16.119867,28.55914],[-16.119963,28.559019],[-16.119905,28.558992]]]]}},{"type":"Feature","id":"38039","properties":{"cod_ine":"38039","nombre":"Santa Úrsula","nombre_ine":"Santa Úrsula","nombre_shp":"Santa Ursula","area_km2":22.555,"partes":1,"partes_roque":0},"geometry":{"type":"MultiPolygon","coordinates":[[[[-16.48758,28.437469],[-16.487797,28.437612],[-16.488141,28.437702],[-16.488354,28.437882],[-16.488384,28.438092],[-16.4882,28.438691],[-16.488205,28.438981],[-16.488378,28.439128],[-16.488384,28.43923],[-16.48887,28.439624],[-16.489099,28.439686],[-16.489327,28.439946],[-16.489603,28.43988],[-16.489333,28.439686],[-16.489465,28.439492],[-16.489723,28.439524],[-16.490049,28.439409],[-16.490467,28.439373],[-16.490876,28.439451],[-16.49099,28.439014],[-16.491144,28.438803],[-16.491434,28.438885],[-16.49169,28.438602],[-16.491771,28.438603],[-16.491907,28.43921],[-16.492194,28.439337],[-16.492425,28.439852],[-16.492837,28.440186],[-16.493011,28.440137],[-16.493102,28.439837],[-16.493294,28.439591],[-16.493578,28.439457],[-16.493635,28.439508],[-16.493384,28.439924],[-16.493817,28.440601],[-16.49413,28.440332],[-16.494141,28.439951],[-16.494262,28.439719],[-16.49422,28.439094],[-16.494436,28.438934],[-16.494528,28.438947],[-16.494591,28.439072],[-16.494974,28.439043],[-16.495115,28.438789],[-16.495351,28.438738],[-16.495534,28.438797],[-16.495751,28.439013],[-16.495823,28.438868],[-16.495722,28.438398],[-16.49591,28.438244],[-16.496169,28.438406],[-16.496906,28.438447],[-16.497149,28.438546],[-16.497066,28.438334],[-16.497122,28.437996],[-16.497337,28.437807],[-16.497578,28.437787],[-16.497467,28.437596],[-16.497545,28.437229],[-16.497422,28.436766],[-16.497525,28.436526],[-16.497738,28.436305],[-16.497793,28.435933],[-16.497936,28.435695],[-16.497749,28.435261],[-16.498118,28.435145],[-16.498361,28.434915],[-16.498445,28.434606],[-16.498367,28.434209],[-16.498403,28.43394],[-16.498612,28.433648],[-16.499095,28.433372],[-16.499095,28.433062],[-16.498727,28.432586],[-16.498338,28.43228],[-16.498269,28.431851],[-16.498543,28.43172],[-16.49884,28.43143],[-16.499083,28.431346],[-16.499188,28.431546],[-16.499361,28.431277],[-16.499557,28.431176],[-16.499866,28.43114],[-16.499765,28.43109],[-16.499341,28.431143],[-16.49923,28.431047],[-16.499135,28.431091],[-16.499128,28.430871],[-16.499309,28.430671],[-16.499589,28.430841],[-16.499965,28.430828],[-16.500101,28.430758],[-16.500259,28.4308],[-16.500241,28.430639],[-16.49987,28.430559],[-16.500667,28.430338],[-16.500421,28.430207],[-16.500575,28.430003],[-16.500477,28.429755],[-16.500467,28.429372],[-16.50053,28.42933],[-16.500622,28.429452],[-16.501041,28.429524],[-16.501423,28.429487],[-16.501572,28.429602],[-16.501473,28.429365],[-16.501865,28.429423],[-16.502057,28.429315],[-16.502265,28.429019],[-16.502142,28.428862],[-16.502325,28.428749],[-16.502364,28.428545],[-16.50232,28.428442],[-16.502189,28.428426],[-16.502029,28.42826],[-16.50199,28.428134],[-16.502396,28.42808],[-16.502676,28.428122],[-16.502799,28.428035],[-16.502879,28.427706],[-16.502805,28.42736],[-16.502277,28.426411],[-16.502458,28.426355],[-16.502703,28.426536],[-16.502841,28.426454],[-16.502777,28.426215],[-16.502529,28.425963],[-16.502794,28.424951],[-16.503006,28.42495],[-16.503152,28.424733],[-16.502995,28.423353],[-16.503084,28.42294],[-16.503793,28.421749],[-16.505653,28.419791],[-16.507337,28.417534],[-16.508072,28.415254],[-16.506756,28.414181],[-16.507769,28.41315],[-16.508322,28.412814],[-16.508717,28.412126],[-16.508955,28.411661],[-16.508749,28.410458],[-16.507943,28.410323],[-16.505924,28.407189],[-16.505723,28.40732],[-16.504819,28.407395],[-16.504359,28.406784],[-16.503925,28.406566],[-16.503625,28.406253],[-16.503227,28.406072],[-16.502989,28.405682],[-16.502678,28.405485],[-16.501651,28.405269],[-16.501126,28.404717],[-16.500913,28.404704],[-16.500221,28.404908],[-16.499944,28.404884],[-16.499448,28.404557],[-16.49926,28.404104],[-16.499047,28.403944],[-16.498036,28.403803],[-16.49785,28.403573],[-16.497057,28.4033],[-16.496561,28.403217],[-16.495846,28.402747],[-16.495686,28.402356],[-16.495648,28.401657],[-16.495033,28.401066],[-16.494493,28.401004],[-16.494115,28.400713],[-16.493711,28.400577],[-16.493416,28.39987],[-16.492381,28.39806],[-16.491423,28.397373],[-16.490586,28.396356],[-16.490027,28.396103],[-16.489285,28.395605],[-16.489066,28.395021],[-16.488248,28.393683],[-16.487671,28.393608],[-16.48765,28.393362],[-16.487548,28.39326],[-16.487352,28.393271],[-16.486948,28.393445],[-16.4868,28.393424],[-16.486615,28.393238],[-16.486422,28.392805],[-16.485956,28.392433],[-16.485507,28.392454],[-16.484326,28.392336],[-16.484211,28.392067],[-16.483896,28.391946],[-16.482861,28.391219],[-16.482491,28.390477],[-16.482408,28.390353],[-16.482211,28.390281],[-16.48201,28.389857],[-16.481586,28.389753],[-16.481286,28.3894],[-16.48093,28.389313],[-16.480342,28.389029],[-16.479858,28.388919],[-16.478612,28.388912],[-16.477769,28.389009],[-16.477233,28.38876],[-16.477326,28.388195],[-16.477151,28.387944],[-16.476842,28.387848],[-16.476023,28.387932],[-16.47583,28.38785],[-16.475804,28.387481],[-16.475571,28.386664],[-16.475348,28.386339],[-16.475381,28.385373],[-16.47504,28.38417],[-16.47427,28.383174],[-16.473825,28.382971],[-16.473155,28.382063],[-16.472532,28.381616],[-16.471708,28.381164],[-16.471645,28.380872],[-16.471815,28.380401],[-16.471823,28.380091],[-16.471681,28.379791],[-16.471169,28.379347],[-16.470617,28.379148],[-16.470507,28.378713],[-16.470643,28.378423],[-16.470354,28.377768],[-16.470153,28.37777],[-16.46967,28.37745],[-16.469313,28.377406],[-16.469037,28.377087],[-16.468862,28.376236],[-16.468618,28.375708],[-16.468633,28.375507],[-16.467221,28.373656],[-16.466628,28.373175],[-16.466128,28.372917],[-16.465944,28.372553],[-16.465328,28.372226],[-16.464205,28.371906],[-16.46355,28.371884],[-16.462893,28.373398],[-16.462676,28.373617],[-16.462005,28.373938],[-16.461004,28.374127],[-16.460923,28.374658],[-16.461137,28.375818],[-16.461085,28.376455],[-16.460364,28.377591],[-16.457992,28.380491],[-16.457666,28.381351],[-16.456936,28.382426],[-16.456315,28.382702],[-16.455706,28.382753],[-16.455062,28.382997],[-16.454391,28.383537],[-16.453911,28.384598],[-16.453555,28.385139],[-16.452994,28.385702],[-16.451874,28.386512],[-16.450911,28.3868],[-16.45029,28.387091],[-16.449363,28.387692],[-16.449269,28.38798],[-16.449379,28.38836],[-16.449322,28.388789],[-16.449116,28.389164],[-16.448709,28.389622],[-16.448366,28.389758],[-16.448111,28.389723],[-16.447913,28.389504],[-16.44722,28.389407],[-16.446047,28.389862],[-16.445788,28.390009],[-16.445392,28.390392],[-16.444142,28.390049],[-16.443453,28.390135],[-16.442871,28.390394],[-16.444369,28.395613],[-16.447943,28.399174],[-16.447985,28.399365],[-16.448748,28.399565],[-16.449014,28.400085],[-16.449528,28.400524],[-16.450054,28.40081],[-16.450309,28.401297],[-16.450809,28.401657],[-16.451453,28.401937],[-16.452047,28.402864],[-16.452236,28.403406],[-16.452416,28.403612],[-16.452971,28.403872],[-16.453718,28.404473],[-16.454355,28.404466],[-16.454788,28.404566],[-16.455243,28.404899],[-16.455519,28.405553],[-16.455855,28.405897],[-16.456961,28.406629],[-16.45753,28.407794],[-16.457678,28.409361],[-16.457971,28.409509],[-16.458623,28.410294],[-16.458868,28.410715],[-16.459043,28.411284],[-16.459672,28.411463],[-16.459794,28.411768],[-16.46009,28.411905],[-16.460273,28.412133],[-16.46046,28.413135],[-16.460348,28.413543],[-16.460351,28.41419],[-16.460197,28.414821],[-16.461256,28.415428],[-16.461582,28.415939],[-16.46142,28.416311],[-16.460865,28.416481],[-16.460591,28.416821],[-16.460658,28.416966],[-16.46111,28.417341],[-16.46124,28.417621],[-16.461273,28.418029],[-16.461605,28.418367],[-16.4616,28.418626],[-16.461413,28.418969],[-16.461436,28.419251],[-16.461588,28.419375],[-16.461805,28.419233],[-16.462234,28.419161],[-16.462586,28.41901],[-16.462735,28.418991],[-16.462845,28.419064],[-16.462556,28.419638],[-16.46259,28.420114],[-16.463561,28.420683],[-16.464067,28.421483],[-16.464384,28.421653],[-16.464798,28.422071],[-16.464882,28.422467],[-16.465146,28.422909],[-16.465299,28.423352],[-16.465569,28.423421],[-16.465998,28.423193],[-16.466535,28.42311],[-16.467481,28.423452],[-16.468169,28.424264],[-16.468824,28.424681],[-16.468814,28.424859],[-16.46844,28.425139],[-16.468614,28.425423],[-16.470128,28.426025],[-16.470702,28.426493],[-16.470845,28.426405],[-16.47113,28.425631],[-16.471244,28.425587],[-16.471494,28.425667],[-16.471887,28.425986],[-16.472053,28.426431],[-16.472859,28.426503],[-16.472734,28.42708],[-16.472942,28.427391],[-16.473248,28.427447],[-16.473707,28.427162],[-16.474139,28.427263],[-16.474596,28.42768],[-16.475618,28.42789],[-16.475861,28.428136],[-16.476086,28.428239],[-16.476325,28.428171],[-16.476688,28.427854],[-16.477008,28.42716],[-16.477531,28.427296],[-16.477774,28.427172],[-16.477782,28.426906],[-16.478157,28.426568],[-16.479376,28.426259],[-16.479675,28.426253],[-16.479711,28.426614],[-16.480109,28.42667],[-16.480244,28.426888],[-16.480198,28.427017],[-16.479772,28.427299],[-16.479772,28.427453],[-16.480271,28.427707],[-16.48117,28.427882],[-16.481974,28.428721],[-16.482563,28.429072],[-16.482911,28.42953],[-16.483415,28.429987],[-16.4838,28.430128],[-16.48412,28.430345],[-16.484359,28.431139],[-16.484085,28.431562],[-16.484064,28.431774],[-16.484148,28.43194],[-16.484653,28.43209],[-16.485186,28.432671],[-16.48569,28.433024],[-16.486205,28.433183],[-16.486834,28.433553],[-16.48694,28.433787],[-16.486996,28.434546],[-16.487959,28.436163],[-16.488213,28.436771],[-16.487896,28.437208],[-16.487611,28.437362],[-16.48758,28.437469]]]]}},{"type":"Feature","id":"38040","properties":{"cod_ine":"38040","nombre":"Santiago del Teide","nombre_ine":"Santiago del Teide","nombre_shp":"Santiago del Teide","area_km2":51.438,"partes":3,"partes_roque":2},"geometry":{"type":"MultiPolygon","coordinates":[[[[-16.843405,28.240943],[-16.843009,28.241111],[-16.843021,28.241182],[-16.843171,28.241219],[-16.843382,28.241188],[-16.843627,28.241002],[-16.843405,28.240943]]],[[[-16.806936,28.313336],[-16.80733,28.31324],[-16.807401,28.313],[-16.807999,28.312183],[-16.808796,28.312],[-16.809858,28.311264],[-16.81115,28.310819],[-16.811919,28.311237],[-16.812369,28.311339],[-16.812831,28.312012],[-16.81349,28.311866],[-16.813899,28.311854],[-16.814839,28.31211],[-16.815832,28.312088],[-16.816016,28.312141],[-16.816535,28.312541],[-16.816943,28.313117],[-16.818064,28.31414],[-16.818566,28.314485],[-16.818639,28.314126],[-16.819025,28.313868],[-16.819428,28.313339],[-16.820342,28.312526],[-16.820658,28.312154],[-16.821104,28.311832],[-16.821504,28.311198],[-16.821918,28.311077],[-16.823437,28.311057],[-16.823813,28.310952],[-16.825206,28.308858],[-16.825474,28.307778],[-16.826037,28.307132],[-16.826328,28.306603],[-16.826019,28.306336],[-16.82486,28.304869],[-16.824047,28.304373],[-16.823913,28.304041],[-16.823333,28.303496],[-16.823872,28.303057],[-16.823922,28.302357],[-16.823805,28.301766],[-16.823834,28.301476],[-16.823675,28.30126],[-16.823608,28.300859],[-16.82396,28.300392],[-16.824022,28.30001],[-16.8235,28.298938],[-16.822987,28.298643],[-16.82254,28.298529],[-16.822345,28.298378],[-16.822228,28.298139],[-16.821881,28.297827],[-16.821645,28.297366],[-16.821486,28.296885],[-16.821515,28.296537],[-16.821388,28.296388],[-16.821376,28.296156],[-16.821127,28.295802],[-16.820948,28.295333],[-16.820914,28.294704],[-16.820789,28.294338],[-16.821321,28.292655],[-16.82256,28.292677],[-16.8232,28.292889],[-16.823549,28.293155],[-16.823874,28.293196],[-16.824451,28.293037],[-16.825077,28.292991],[-16.825572,28.292826],[-16.826399,28.292718],[-16.826912,28.292564],[-16.828025,28.292484],[-16.828791,28.292284],[-16.829492,28.292613],[-16.829968,28.292675],[-16.830387,28.292949],[-16.831014,28.293143],[-16.831643,28.293164],[-16.832271,28.293043],[-16.832328,28.292724],[-16.831804,28.292203],[-16.831842,28.291988],[-16.832317,28.291549],[-16.832495,28.291515],[-16.832786,28.291558],[-16.833079,28.291798],[-16.833351,28.291896],[-16.833437,28.291838],[-16.833425,28.291579],[-16.833597,28.291356],[-16.833464,28.291161],[-16.83276,28.290629],[-16.832127,28.29082],[-16.831929,28.290634],[-16.831865,28.29033],[-16.83237,28.290061],[-16.832797,28.289313],[-16.833607,28.28879],[-16.833869,28.288212],[-16.834251,28.288202],[-16.834784,28.288308],[-16.835514,28.288296],[-16.836194,28.287361],[-16.83653,28.287219],[-16.837151,28.287256],[-16.837633,28.286776],[-16.83823,28.2864],[-16.838755,28.286614],[-16.839528,28.286588],[-16.840061,28.286032],[-16.84029,28.285923],[-16.840598,28.285229],[-16.841066,28.284812],[-16.8416,28.284556],[-16.841714,28.284411],[-16.841647,28.284328],[-16.841718,28.284266],[-16.842043,28.284255],[-16.842286,28.284432],[-16.8424,28.284661],[-16.842802,28.284698],[-16.843629,28.284152],[-16.84375,28.28393],[-16.843668,28.283764],[-16.843821,28.28336],[-16.844103,28.28307],[-16.844562,28.283059],[-16.845439,28.283273],[-16.846073,28.283088],[-16.846758,28.283117],[-16.847102,28.283022],[-16.847171,28.28257],[-16.846817,28.281855],[-16.846942,28.281522],[-16.847242,28.281329],[-16.847251,28.280931],[-16.847865,28.280242],[-16.848093,28.280105],[-16.848666,28.279274],[-16.849167,28.278967],[-16.84971,28.278428],[-16.849757,28.27736],[-16.849819,28.277239],[-16.850034,28.277169],[-16.850888,28.277121],[-16.850756,28.276699],[-16.850564,28.276408],[-16.851046,28.275752],[-16.851223,28.274867],[-16.852058,28.273726],[-16.852617,28.273438],[-16.852797,28.27311],[-16.851518,28.273103],[-16.850381,28.2729],[-16.849895,28.272517],[-16.849577,28.272081],[-16.849313,28.271072],[-16.849432,28.270784],[-16.849575,28.269705],[-16.849719,28.269524],[-16.850768,28.269017],[-16.850909,28.268804],[-16.850842,28.268531],[-16.850492,28.268234],[-16.8501,28.268124],[-16.849668,28.267747],[-16.849387,28.267839],[-16.849201,28.267782],[-16.848996,28.267616],[-16.848837,28.2673],[-16.848642,28.26737],[-16.848529,28.267327],[-16.84838,28.267101],[-16.848151,28.267148],[-16.847929,28.267082],[-16.847204,28.266598],[-16.846772,28.266211],[-16.846571,28.266259],[-16.845427,28.265657],[-16.844384,28.265301],[-16.844022,28.265282],[-16.842726,28.264964],[-16.842481,28.26483],[-16.842151,28.264859],[-16.841435,28.264638],[-16.841187,28.264525],[-16.840888,28.26424],[-16.840712,28.263711],[-16.841241,28.262967],[-16.8414,28.262977],[-16.841419,28.262734],[-16.841252,28.26271],[-16.840826,28.26238],[-16.840522,28.26201],[-16.840213,28.261954],[-16.839743,28.261667],[-16.839422,28.261217],[-16.839306,28.260356],[-16.839118,28.260116],[-16.83865,28.25879],[-16.838323,28.258466],[-16.838382,28.258198],[-16.837989,28.257423],[-16.837831,28.256034],[-16.837732,28.255817],[-16.837763,28.255521],[-16.838309,28.253812],[-16.83833,28.252968],[-16.838649,28.251746],[-16.83934,28.250077],[-16.839509,28.248613],[-16.839625,28.248404],[-16.840433,28.247641],[-16.840934,28.247496],[-16.841149,28.24753],[-16.842001,28.248323],[-16.842084,28.248257],[-16.841971,28.248144],[-16.842091,28.248051],[-16.842053,28.248014],[-16.841938,28.248109],[-16.841611,28.247797],[-16.84165,28.247758],[-16.841548,28.247643],[-16.841733,28.247689],[-16.841349,28.247324],[-16.842622,28.246284],[-16.843671,28.247292],[-16.843671,28.247363],[-16.842788,28.248087],[-16.842561,28.247869],[-16.842386,28.248007],[-16.842423,28.248043],[-16.842551,28.247939],[-16.842744,28.24812],[-16.842017,28.248712],[-16.841947,28.24865],[-16.841844,28.248728],[-16.842022,28.248893],[-16.842431,28.248543],[-16.842587,28.248611],[-16.842763,28.248576],[-16.844127,28.247428],[-16.844057,28.247165],[-16.843654,28.247097],[-16.84286,28.246237],[-16.843181,28.245792],[-16.843281,28.245031],[-16.843787,28.244801],[-16.843683,28.244628],[-16.843818,28.244489],[-16.843702,28.244408],[-16.84371,28.24428],[-16.843387,28.244367],[-16.842816,28.243939],[-16.842655,28.243903],[-16.84272,28.243729],[-16.842464,28.243517],[-16.842212,28.242884],[-16.842018,28.242793],[-16.842078,28.242673],[-16.842229,28.242631],[-16.842667,28.24276],[-16.843283,28.242692],[-16.843355,28.242574],[-16.843341,28.242155],[-16.843557,28.241821],[-16.843568,28.241657],[-16.843817,28.241685],[-16.843598,28.241529],[-16.843445,28.241299],[-16.843285,28.241351],[-16.842903,28.24117],[-16.842671,28.240542],[-16.842897,28.240461],[-16.845515,28.240415],[-16.845812,28.240148],[-16.845914,28.239813],[-16.845838,28.239613],[-16.846134,28.239562],[-16.846402,28.239208],[-16.846221,28.239012],[-16.846206,28.239309],[-16.846085,28.239328],[-16.845715,28.238915],[-16.845814,28.238746],[-16.845666,28.238642],[-16.84566,28.238369],[-16.845935,28.238092],[-16.845957,28.237973],[-16.845857,28.237933],[-16.845813,28.238074],[-16.84566,28.238155],[-16.8456,28.237677],[-16.845471,28.237526],[-16.845133,28.237367],[-16.844735,28.237324],[-16.845059,28.237251],[-16.845291,28.237278],[-16.845241,28.23718],[-16.844601,28.237228],[-16.844627,28.237298],[-16.844272,28.237334],[-16.844224,28.237098],[-16.843943,28.23697],[-16.842881,28.237313],[-16.842781,28.23724],[-16.842761,28.236889],[-16.843349,28.236789],[-16.843481,28.236608],[-16.843353,28.236309],[-16.843329,28.236398],[-16.84304,28.236104],[-16.84295,28.23576],[-16.843116,28.235757],[-16.843429,28.236112],[-16.843498,28.235892],[-16.843393,28.235641],[-16.843644,28.235976],[-16.843675,28.235848],[-16.843383,28.235481],[-16.843576,28.23549],[-16.843568,28.235424],[-16.843137,28.235404],[-16.842838,28.234642],[-16.842721,28.234548],[-16.84251,28.234533],[-16.842335,28.234357],[-16.842345,28.23424],[-16.842591,28.234091],[-16.842518,28.233869],[-16.842816,28.233809],[-16.842845,28.233669],[-16.842397,28.233735],[-16.842016,28.233586],[-16.841854,28.233682],[-16.841945,28.233498],[-16.841873,28.233284],[-16.841934,28.232991],[-16.842116,28.232756],[-16.842344,28.232618],[-16.842415,28.232441],[-16.842369,28.231613],[-16.842122,28.231089],[-16.842172,28.230676],[-16.842548,28.230404],[-16.842567,28.230191],[-16.841927,28.230183],[-16.841664,28.230287],[-16.841399,28.230265],[-16.841278,28.230002],[-16.841227,28.229413],[-16.841323,28.229037],[-16.842356,28.228894],[-16.842633,28.228953],[-16.842787,28.228732],[-16.842809,28.228779],[-16.842908,28.228733],[-16.842854,28.228864],[-16.842912,28.228914],[-16.843185,28.22888],[-16.843378,28.228546],[-16.843308,28.228282],[-16.843595,28.227786],[-16.843479,28.227709],[-16.843333,28.227762],[-16.843314,28.227612],[-16.843252,28.22758],[-16.843192,28.227662],[-16.843111,28.227539],[-16.843008,28.227678],[-16.842857,28.2275],[-16.842964,28.227256],[-16.843093,28.227233],[-16.842932,28.226915],[-16.84318,28.227226],[-16.843508,28.227229],[-16.843551,28.227094],[-16.84343,28.226934],[-16.843214,28.226864],[-16.843342,28.226729],[-16.843037,28.226595],[-16.843384,28.226518],[-16.843335,28.226503],[-16.842929,28.226531],[-16.842906,28.226466],[-16.842753,28.226448],[-16.842269,28.226809],[-16.842106,28.226707],[-16.842016,28.226921],[-16.841735,28.226804],[-16.841545,28.226917],[-16.841486,28.226837],[-16.841636,28.226581],[-16.841434,28.226452],[-16.840989,28.226549],[-16.840932,28.226321],[-16.840816,28.226422],[-16.840775,28.226697],[-16.840371,28.226651],[-16.808617,28.256006],[-16.795515,28.26466],[-16.77704,28.273951],[-16.746952,28.273698],[-16.700686,28.267967],[-16.679322,28.268818],[-16.683496,28.270344],[-16.70044,28.271596],[-16.714373,28.277082],[-16.734572,28.286305],[-16.743132,28.287516],[-16.75706,28.294801],[-16.765152,28.298367],[-16.774617,28.303928],[-16.77795,28.305308],[-16.788498,28.309173],[-16.792885,28.311423],[-16.798523,28.313181],[-16.802791,28.314995],[-16.806936,28.313336]]],[[[-16.846235,28.237933],[-16.846228,28.237993],[-16.846456,28.238085],[-16.84649,28.238201],[-16.846403,28.238209],[-16.846538,28.238462],[-16.846427,28.238419],[-16.846179,28.238053],[-16.846109,28.23809],[-16.846198,28.238144],[-16.846032,28.238214],[-16.846229,28.238366],[-16.846423,28.238881],[-16.846484,28.238525],[-16.846659,28.238455],[-16.846614,28.238286],[-16.84671,28.238212],[-16.846916,28.238339],[-16.846741,28.23812],[-16.846235,28.237933]]]]}},{"type":"Feature","id":"38041","properties":{"cod_ine":"38041","nombre":"El Sauzal","nombre_ine":"Sauzal, El","nombre_shp":"El Sauzal","area_km2":18.257,"partes":6,"partes_roque":5},"geometry":{"type":"MultiPolygon","coordinates":[[[[-16.444427,28.480219],[-16.444258,28.480378],[-16.444579,28.480589],[-16.444579,28.480444],[-16.444427,28.480219]]],[[[-16.44504,28.479281],[-16.444979,28.479464],[-16.445352,28.479681],[-16.445281,28.479374],[-16.44504,28.479281]]],[[[-16.444533,28.47936],[-16.444568,28.479545],[-16.444826,28.479581],[-16.444732,28.479428],[-16.444533,28.47936]]],[[[-16.447631,28.475295],[-16.447556,28.475607],[-16.447644,28.475744],[-16.447824,28.475762],[-16.447912,28.475686],[-16.44789,28.475552],[-16.447631,28.475295]]],[[[-16.430972,28.487189],[-16.431629,28.486613],[-16.43223,28.486306],[-16.43276,28.485696],[-16.433221,28.485445],[-16.433682,28.485028],[-16.434104,28.484857],[-16.434663,28.484407],[-16.435194,28.484164],[-16.436073,28.483443],[-16.436482,28.483279],[-16.43651,28.483126],[-16.436754,28.483103],[-16.437636,28.482429],[-16.438599,28.481953],[-16.438844,28.481731],[-16.439025,28.481725],[-16.439158,28.481572],[-16.439327,28.481611],[-16.439602,28.481498],[-16.440359,28.481424],[-16.440979,28.481522],[-16.442247,28.481325],[-16.442611,28.481129],[-16.442857,28.480572],[-16.443195,28.480259],[-16.443508,28.480147],[-16.443756,28.480342],[-16.443926,28.480271],[-16.444074,28.480325],[-16.44444,28.480058],[-16.444395,28.479955],[-16.444008,28.479841],[-16.443986,28.479405],[-16.443577,28.479334],[-16.44352,28.478561],[-16.443317,28.47831],[-16.443193,28.477641],[-16.443243,28.476725],[-16.4435,28.476192],[-16.443938,28.475678],[-16.444218,28.475181],[-16.444671,28.474667],[-16.44512,28.474304],[-16.445541,28.474087],[-16.445954,28.474028],[-16.446266,28.474065],[-16.446428,28.474236],[-16.44699,28.474509],[-16.446924,28.475259],[-16.447025,28.475473],[-16.447162,28.475527],[-16.44741,28.47542],[-16.447648,28.475116],[-16.44782,28.474837],[-16.44772,28.474698],[-16.447785,28.474458],[-16.447707,28.474319],[-16.447984,28.474213],[-16.448456,28.474758],[-16.44875,28.474897],[-16.449075,28.474871],[-16.449184,28.474941],[-16.449623,28.475768],[-16.44977,28.475678],[-16.449868,28.475423],[-16.450097,28.475376],[-16.449981,28.475747],[-16.450148,28.476178],[-16.450229,28.476175],[-16.450474,28.475833],[-16.45066,28.475784],[-16.450581,28.475825],[-16.450638,28.476006],[-16.450513,28.476372],[-16.450708,28.476584],[-16.451047,28.477402],[-16.451177,28.477425],[-16.451234,28.47701],[-16.451425,28.476845],[-16.451549,28.476501],[-16.451563,28.47603],[-16.45107,28.475708],[-16.451515,28.475854],[-16.451665,28.47575],[-16.451652,28.475678],[-16.45138,28.475616],[-16.451242,28.475485],[-16.450802,28.475305],[-16.450184,28.47464],[-16.44994,28.474134],[-16.449749,28.474202],[-16.449734,28.47406],[-16.449584,28.47394],[-16.44917,28.474038],[-16.449152,28.473818],[-16.449411,28.473446],[-16.449619,28.473596],[-16.449708,28.473543],[-16.449579,28.472988],[-16.449961,28.472546],[-16.450172,28.472439],[-16.450485,28.472399],[-16.45068,28.472524],[-16.451033,28.472255],[-16.450903,28.472081],[-16.45064,28.472013],[-16.450644,28.47189],[-16.450876,28.471545],[-16.451311,28.471588],[-16.451447,28.471711],[-16.451618,28.471545],[-16.451879,28.471579],[-16.451931,28.471369],[-16.452372,28.471564],[-16.452637,28.471797],[-16.45279,28.471762],[-16.452812,28.471676],[-16.45306,28.471716],[-16.453156,28.471241],[-16.453119,28.47095],[-16.45276,28.470754],[-16.452797,28.470449],[-16.45289,28.470629],[-16.453131,28.470705],[-16.45382,28.470455],[-16.453947,28.470234],[-16.454331,28.470014],[-16.454192,28.469743],[-16.455096,28.46927],[-16.455255,28.469261],[-16.455443,28.469363],[-16.455646,28.469829],[-16.456062,28.469777],[-16.456078,28.469691],[-16.455843,28.469447],[-16.455785,28.469195],[-16.455639,28.469047],[-16.455918,28.468991],[-16.455643,28.46886],[-16.455957,28.468699],[-16.456293,28.468761],[-16.456326,28.468548],[-16.456511,28.468678],[-16.456669,28.468556],[-16.45668,28.468152],[-16.456262,28.46789],[-16.456495,28.467536],[-16.45672,28.467634],[-16.456726,28.467499],[-16.456638,28.467452],[-16.45677,28.467413],[-16.456808,28.467248],[-16.456565,28.467044],[-16.456182,28.46691],[-16.456031,28.46697],[-16.455862,28.466746],[-16.456085,28.466818],[-16.456028,28.466633],[-16.45572,28.466585],[-16.455415,28.466698],[-16.455236,28.466546],[-16.45531,28.466271],[-16.455104,28.466136],[-16.455138,28.465915],[-16.454704,28.465755],[-16.453687,28.46556],[-16.453508,28.46544],[-16.453313,28.465115],[-16.453116,28.464939],[-16.452701,28.464754],[-16.452547,28.464525],[-16.452273,28.464456],[-16.451911,28.464546],[-16.451418,28.464497],[-16.450724,28.463974],[-16.450465,28.463555],[-16.450357,28.463114],[-16.449995,28.462912],[-16.449659,28.462458],[-16.449391,28.461626],[-16.449056,28.461345],[-16.448814,28.460973],[-16.448557,28.460845],[-16.448501,28.460512],[-16.44835,28.460285],[-16.447669,28.459652],[-16.44731,28.459466],[-16.447366,28.459023],[-16.447109,28.458552],[-16.446141,28.457877],[-16.445845,28.457438],[-16.445548,28.456757],[-16.445072,28.456528],[-16.444732,28.456206],[-16.443562,28.455709],[-16.443378,28.455217],[-16.443199,28.455033],[-16.442531,28.455016],[-16.441872,28.454278],[-16.440764,28.454087],[-16.44052,28.453789],[-16.440195,28.453831],[-16.439875,28.453611],[-16.439277,28.453453],[-16.439146,28.453348],[-16.439182,28.452768],[-16.438928,28.452507],[-16.438687,28.452396],[-16.4375,28.452163],[-16.437214,28.451882],[-16.437128,28.451576],[-16.436839,28.451294],[-16.436646,28.451245],[-16.436136,28.451304],[-16.435746,28.451148],[-16.435348,28.450918],[-16.434748,28.450306],[-16.434193,28.450406],[-16.433502,28.450197],[-16.433003,28.450329],[-16.432712,28.45032],[-16.432564,28.450241],[-16.432474,28.45003],[-16.43222,28.44978],[-16.431727,28.449724],[-16.430643,28.449367],[-16.430558,28.449113],[-16.430633,28.448833],[-16.43046,28.448665],[-16.429763,28.44835],[-16.42926,28.447863],[-16.429006,28.447507],[-16.428752,28.446939],[-16.428664,28.446475],[-16.428281,28.44566],[-16.427918,28.445466],[-16.427792,28.445239],[-16.427753,28.444556],[-16.427618,28.444289],[-16.427502,28.443566],[-16.427687,28.443176],[-16.427488,28.442501],[-16.427245,28.442275],[-16.426958,28.442154],[-16.426821,28.441844],[-16.426414,28.441359],[-16.426218,28.44086],[-16.425324,28.440312],[-16.424956,28.440269],[-16.424537,28.440072],[-16.42394,28.439494],[-16.423269,28.43961],[-16.422797,28.439299],[-16.422395,28.439213],[-16.422247,28.439061],[-16.42205,28.438293],[-16.421605,28.437802],[-16.421244,28.437645],[-16.420181,28.4376],[-16.41991,28.437364],[-16.419416,28.436552],[-16.418301,28.43387],[-16.417507,28.43272],[-16.416797,28.432078],[-16.416201,28.431008],[-16.415159,28.428311],[-16.413535,28.424808],[-16.411129,28.421006],[-16.410241,28.420057],[-16.409232,28.419476],[-16.408804,28.418868],[-16.408723,28.413974],[-16.406741,28.414347],[-16.406466,28.419909],[-16.406517,28.420208],[-16.406285,28.420743],[-16.405346,28.422357],[-16.405103,28.4224],[-16.404946,28.4226],[-16.404798,28.423385],[-16.404339,28.42417],[-16.403042,28.425652],[-16.398064,28.427324],[-16.397906,28.427492],[-16.39775,28.428017],[-16.396493,28.430192],[-16.405925,28.448991],[-16.408754,28.457258],[-16.409484,28.458415],[-16.410454,28.462699],[-16.410273,28.462847],[-16.417975,28.475341],[-16.41793,28.475466],[-16.418119,28.475978],[-16.418508,28.476126],[-16.418724,28.477407],[-16.418893,28.477775],[-16.419274,28.477983],[-16.419754,28.478037],[-16.420125,28.478403],[-16.420673,28.478409],[-16.420919,28.478578],[-16.421819,28.478877],[-16.422749,28.480208],[-16.423469,28.480753],[-16.423907,28.481468],[-16.424492,28.481839],[-16.425649,28.482217],[-16.426518,28.482587],[-16.427021,28.482947],[-16.427391,28.483573],[-16.427793,28.483955],[-16.428148,28.484441],[-16.428495,28.485066],[-16.428761,28.485384],[-16.428903,28.485766],[-16.430391,28.486867],[-16.430972,28.487189]]],[[[-16.451465,28.477],[-16.451329,28.477147],[-16.451502,28.477405],[-16.451659,28.477445],[-16.451756,28.477114],[-16.451465,28.477]]]]}},{"type":"Feature","id":"38042","properties":{"cod_ine":"38042","nombre":"Los Silos","nombre_ine":"Silos, Los","nombre_shp":"Los Silos","area_km2":24.574,"partes":3,"partes_roque":2},"geometry":{"type":"MultiPolygon","coordinates":[[[[-16.793582,28.374883],[-16.793631,28.375232],[-16.793796,28.37549],[-16.793521,28.375713],[-16.794045,28.375797],[-16.794132,28.375899],[-16.794379,28.375905],[-16.794281,28.376072],[-16.794405,28.376071],[-16.794556,28.376222],[-16.79448,28.376287],[-16.794534,28.376446],[-16.794355,28.376574],[-16.794398,28.376809],[-16.794593,28.376783],[-16.794961,28.376989],[-16.795107,28.376965],[-16.795638,28.377255],[-16.796351,28.377127],[-16.796516,28.377018],[-16.79662,28.377076],[-16.796555,28.377124],[-16.796653,28.377149],[-16.796651,28.377314],[-16.797237,28.377336],[-16.797555,28.377491],[-16.797811,28.377725],[-16.798072,28.377583],[-16.798208,28.377584],[-16.798303,28.377395],[-16.798533,28.377415],[-16.798516,28.377479],[-16.798832,28.377789],[-16.799115,28.377954],[-16.799349,28.377957],[-16.7994,28.3779],[-16.799616,28.377976],[-16.799509,28.377529],[-16.799667,28.377275],[-16.799896,28.377215],[-16.800016,28.377076],[-16.800117,28.377047],[-16.80031,28.377161],[-16.800274,28.377029],[-16.800642,28.376944],[-16.800874,28.376791],[-16.801818,28.376837],[-16.802543,28.376715],[-16.802658,28.377091],[-16.803013,28.376932],[-16.803243,28.377127],[-16.803343,28.377432],[-16.80342,28.3774],[-16.8035,28.377511],[-16.803613,28.377497],[-16.803775,28.377603],[-16.803928,28.37816],[-16.804111,28.378386],[-16.80432,28.379001],[-16.804401,28.379048],[-16.804527,28.379003],[-16.804672,28.379059],[-16.804849,28.378906],[-16.805089,28.37898],[-16.805046,28.378888],[-16.805169,28.378886],[-16.805266,28.378683],[-16.805406,28.378882],[-16.805566,28.378527],[-16.805874,28.378778],[-16.805839,28.378504],[-16.805943,28.378442],[-16.805765,28.377994],[-16.805987,28.377946],[-16.805852,28.377535],[-16.80603,28.377502],[-16.806061,28.377655],[-16.806195,28.37779],[-16.806219,28.377674],[-16.806133,28.377586],[-16.806221,28.377389],[-16.806194,28.377111],[-16.806672,28.376775],[-16.806473,28.376447],[-16.806592,28.376273],[-16.80727,28.376124],[-16.8078,28.376106],[-16.808601,28.376216],[-16.809083,28.376384],[-16.809677,28.376684],[-16.810102,28.377106],[-16.810003,28.377443],[-16.810095,28.377863],[-16.810208,28.377901],[-16.810292,28.37783],[-16.810424,28.377914],[-16.810478,28.377822],[-16.810688,28.377887],[-16.810847,28.377838],[-16.81105,28.377638],[-16.811117,28.377645],[-16.81112,28.377731],[-16.811449,28.377676],[-16.811768,28.377753],[-16.811709,28.378073],[-16.811867,28.377928],[-16.812054,28.377904],[-16.81251,28.378273],[-16.812426,28.378433],[-16.812658,28.378414],[-16.812995,28.3786],[-16.812653,28.379026],[-16.812773,28.379461],[-16.813613,28.379803],[-16.814116,28.379571],[-16.814176,28.379625],[-16.814394,28.379579],[-16.814513,28.379649],[-16.814841,28.380385],[-16.814434,28.380801],[-16.814335,28.381169],[-16.81441,28.381365],[-16.814853,28.381768],[-16.814864,28.381919],[-16.815064,28.382027],[-16.815169,28.381859],[-16.815336,28.381821],[-16.815561,28.382108],[-16.815864,28.381962],[-16.815986,28.382017],[-16.816626,28.381488],[-16.816619,28.381781],[-16.816979,28.38167],[-16.816968,28.381879],[-16.817146,28.381861],[-16.817062,28.382024],[-16.817222,28.382185],[-16.817177,28.382308],[-16.817275,28.382325],[-16.81734,28.382214],[-16.817485,28.382253],[-16.817254,28.382419],[-16.817066,28.382684],[-16.817164,28.382745],[-16.81714,28.382904],[-16.817331,28.382976],[-16.817329,28.383032],[-16.817184,28.38304],[-16.817013,28.382901],[-16.816953,28.382981],[-16.817066,28.38318],[-16.817351,28.383302],[-16.817446,28.383279],[-16.817383,28.383516],[-16.817503,28.383644],[-16.817792,28.383404],[-16.818108,28.383338],[-16.818209,28.383456],[-16.817841,28.383487],[-16.817814,28.383681],[-16.818105,28.383746],[-16.818266,28.383873],[-16.818581,28.383826],[-16.818923,28.38408],[-16.818896,28.384217],[-16.819002,28.384293],[-16.819008,28.384461],[-16.819119,28.384456],[-16.81916,28.384322],[-16.819287,28.384271],[-16.819396,28.384419],[-16.819552,28.384386],[-16.819726,28.384602],[-16.819868,28.384413],[-16.820009,28.384355],[-16.820193,28.384458],[-16.820412,28.384385],[-16.820365,28.384544],[-16.820752,28.38454],[-16.8209,28.384471],[-16.821038,28.384516],[-16.820798,28.385256],[-16.821109,28.385372],[-16.821258,28.385693],[-16.821023,28.38587],[-16.820963,28.386067],[-16.821172,28.386174],[-16.821419,28.386109],[-16.821752,28.386283],[-16.821917,28.386519],[-16.821817,28.386629],[-16.821861,28.386786],[-16.822252,28.386793],[-16.822658,28.387072],[-16.822677,28.387257],[-16.822922,28.387398],[-16.822833,28.387613],[-16.822919,28.387752],[-16.82307,28.387782],[-16.823339,28.38763],[-16.823088,28.387935],[-16.823147,28.388026],[-16.823263,28.38807],[-16.823587,28.38799],[-16.824049,28.387443],[-16.824215,28.387429],[-16.824366,28.387256],[-16.824716,28.387184],[-16.824875,28.386921],[-16.824982,28.387065],[-16.82516,28.387053],[-16.825367,28.387208],[-16.825327,28.387314],[-16.82544,28.387331],[-16.825367,28.387456],[-16.825526,28.387415],[-16.825564,28.387469],[-16.825387,28.387665],[-16.825408,28.387774],[-16.825249,28.387901],[-16.825444,28.388154],[-16.82557,28.388161],[-16.825608,28.388367],[-16.825498,28.388673],[-16.825158,28.388765],[-16.825347,28.388866],[-16.825472,28.388799],[-16.82552,28.38902],[-16.825334,28.389072],[-16.82549,28.389316],[-16.825295,28.389718],[-16.825379,28.389834],[-16.825405,28.390252],[-16.825123,28.390465],[-16.825295,28.390482],[-16.825221,28.390809],[-16.825279,28.390814],[-16.825391,28.39046],[-16.825645,28.3903],[-16.825756,28.390371],[-16.825768,28.390611],[-16.825508,28.391234],[-16.825483,28.391586],[-16.8256,28.39169],[-16.825859,28.391644],[-16.825959,28.391714],[-16.82606,28.391654],[-16.826142,28.391752],[-16.826066,28.391885],[-16.825837,28.39192],[-16.825912,28.391972],[-16.825876,28.392033],[-16.825703,28.392029],[-16.825705,28.392152],[-16.826074,28.392199],[-16.826276,28.392431],[-16.826595,28.392564],[-16.82705,28.392172],[-16.827242,28.392109],[-16.827465,28.392142],[-16.827632,28.392295],[-16.827651,28.392463],[-16.827837,28.39273],[-16.827768,28.392971],[-16.827967,28.392973],[-16.82807,28.393143],[-16.828067,28.393198],[-16.827881,28.393095],[-16.827695,28.393191],[-16.827968,28.393336],[-16.827992,28.393559],[-16.8281,28.393625],[-16.828665,28.393286],[-16.828868,28.393043],[-16.828997,28.393073],[-16.829058,28.393284],[-16.829448,28.393374],[-16.829236,28.393027],[-16.829528,28.39269],[-16.829417,28.392478],[-16.82959,28.392307],[-16.829623,28.392242],[-16.829982,28.392254],[-16.830256,28.392465],[-16.830689,28.390571],[-16.833393,28.375524],[-16.833838,28.372166],[-16.834287,28.367154],[-16.834675,28.365982],[-16.834373,28.365965],[-16.834054,28.363788],[-16.833457,28.361504],[-16.833009,28.357801],[-16.83311,28.357362],[-16.833585,28.356638],[-16.834218,28.356058],[-16.834818,28.35529],[-16.83501,28.354541],[-16.835295,28.354013],[-16.835199,28.353264],[-16.835445,28.352735],[-16.835442,28.352656],[-16.834866,28.352221],[-16.834473,28.351389],[-16.834165,28.351066],[-16.833957,28.350638],[-16.833998,28.34923],[-16.833663,28.34877],[-16.833388,28.348094],[-16.833609,28.347453],[-16.833925,28.346991],[-16.833971,28.346728],[-16.833828,28.34599],[-16.833878,28.345753],[-16.833635,28.345508],[-16.833565,28.345326],[-16.833618,28.344935],[-16.833487,28.344219],[-16.833931,28.343516],[-16.834141,28.342552],[-16.833902,28.342073],[-16.833771,28.341073],[-16.833582,28.340554],[-16.834064,28.338921],[-16.834149,28.337546],[-16.833909,28.336742],[-16.834207,28.336316],[-16.83409,28.335961],[-16.833161,28.334487],[-16.832314,28.334008],[-16.832046,28.333775],[-16.831937,28.333569],[-16.832061,28.33172],[-16.831779,28.330264],[-16.831917,28.329653],[-16.831943,28.329104],[-16.831045,28.327952],[-16.830586,28.326866],[-16.830526,28.326337],[-16.830695,28.325098],[-16.830179,28.324945],[-16.829214,28.32494],[-16.829073,28.324894],[-16.828887,28.324689],[-16.828585,28.323962],[-16.828539,28.322569],[-16.827963,28.322468],[-16.827827,28.322308],[-16.827398,28.321027],[-16.826707,28.320303],[-16.826529,28.31953],[-16.826014,28.318858],[-16.825702,28.318778],[-16.825037,28.318812],[-16.82476,28.318734],[-16.824776,28.317902],[-16.824688,28.317208],[-16.824608,28.316925],[-16.824418,28.316657],[-16.823125,28.31553],[-16.821851,28.314667],[-16.821448,28.314571],[-16.820641,28.314598],[-16.820191,28.314369],[-16.818566,28.314485],[-16.818064,28.31414],[-16.816943,28.313117],[-16.816535,28.312541],[-16.816016,28.312141],[-16.815832,28.312088],[-16.814839,28.31211],[-16.813899,28.311854],[-16.81349,28.311866],[-16.812831,28.312012],[-16.812369,28.311339],[-16.811919,28.311237],[-16.81115,28.310819],[-16.809858,28.311264],[-16.808796,28.312],[-16.807999,28.312183],[-16.807401,28.313],[-16.80733,28.31324],[-16.806936,28.313336],[-16.807016,28.313565],[-16.806849,28.314386],[-16.807197,28.314801],[-16.807554,28.315006],[-16.807672,28.315154],[-16.807644,28.315508],[-16.807788,28.315888],[-16.808774,28.317618],[-16.808717,28.318197],[-16.808911,28.319505],[-16.808785,28.319985],[-16.80876,28.32066],[-16.80844,28.321262],[-16.80832,28.321938],[-16.807931,28.322629],[-16.807867,28.323032],[-16.807939,28.323446],[-16.807612,28.324093],[-16.807395,28.324265],[-16.807106,28.324928],[-16.806436,28.325632],[-16.806111,28.326087],[-16.805097,28.327838],[-16.804641,28.328836],[-16.803951,28.329843],[-16.803194,28.331486],[-16.802203,28.333056],[-16.801905,28.333308],[-16.801592,28.334373],[-16.800981,28.335827],[-16.800909,28.336602],[-16.80068,28.33736],[-16.800696,28.338039],[-16.800408,28.338467],[-16.800027,28.339467],[-16.799073,28.34258],[-16.798448,28.343826],[-16.796235,28.348916],[-16.795877,28.349239],[-16.794995,28.349729],[-16.794564,28.350125],[-16.793156,28.352632],[-16.793041,28.353222],[-16.793145,28.354726],[-16.793223,28.354928],[-16.793207,28.355647],[-16.793369,28.356232],[-16.794125,28.356933],[-16.794458,28.357346],[-16.79507,28.357577],[-16.795655,28.364511],[-16.795579,28.364695],[-16.795757,28.365626],[-16.795646,28.366095],[-16.795808,28.366188],[-16.795968,28.366479],[-16.796109,28.366809],[-16.796092,28.367276],[-16.79676,28.368406],[-16.796905,28.369106],[-16.79689,28.369783],[-16.797045,28.370034],[-16.796879,28.370261],[-16.79685,28.37044],[-16.796984,28.370725],[-16.79691,28.370834],[-16.797111,28.371506],[-16.796107,28.373414],[-16.79576,28.373721],[-16.795622,28.373955],[-16.794654,28.374081],[-16.794174,28.37425],[-16.793776,28.374512],[-16.793582,28.374883]]],[[[-16.825762,28.392375],[-16.825613,28.392467],[-16.825699,28.392682],[-16.825801,28.39261],[-16.825967,28.392597],[-16.826072,28.392456],[-16.825762,28.392375]]],[[[-16.820903,28.385623],[-16.820954,28.385729],[-16.821095,28.385724],[-16.820903,28.385623]]]]}},{"type":"Feature","id":"38043","properties":{"cod_ine":"38043","nombre":"Tacoronte","nombre_ine":"Tacoronte","nombre_shp":"Tacoronte","area_km2":30.024,"partes":6,"partes_roque":5},"geometry":{"type":"MultiPolygon","coordinates":[[[[-16.388311,28.499858],[-16.388985,28.5003],[-16.391207,28.502574],[-16.392923,28.503874],[-16.393527,28.504448],[-16.392581,28.505042],[-16.393892,28.506039],[-16.395032,28.506571],[-16.395998,28.50729],[-16.397654,28.50823],[-16.399954,28.509806],[-16.400264,28.510455],[-16.400937,28.511328],[-16.401422,28.51269],[-16.401815,28.513345],[-16.402353,28.514623],[-16.40332,28.51635],[-16.403797,28.517446],[-16.405286,28.52003],[-16.405655,28.520493],[-16.406347,28.520737],[-16.406858,28.521381],[-16.407142,28.521586],[-16.407308,28.522306],[-16.40779,28.523048],[-16.409315,28.524614],[-16.410979,28.526591],[-16.411134,28.526328],[-16.411184,28.525796],[-16.411824,28.524898],[-16.411974,28.524378],[-16.412109,28.524173],[-16.413357,28.523615],[-16.414721,28.521909],[-16.414887,28.521816],[-16.415245,28.521801],[-16.415389,28.521686],[-16.415488,28.521118],[-16.41599,28.520871],[-16.416418,28.520834],[-16.41651,28.520711],[-16.416746,28.520638],[-16.416753,28.520782],[-16.416868,28.520781],[-16.417297,28.520472],[-16.417459,28.520671],[-16.417576,28.520691],[-16.417648,28.52054],[-16.417994,28.520413],[-16.417714,28.519752],[-16.418626,28.519413],[-16.418644,28.519205],[-16.419264,28.518409],[-16.419663,28.518278],[-16.419908,28.518328],[-16.419949,28.518434],[-16.420271,28.518414],[-16.420563,28.518166],[-16.420514,28.518],[-16.420225,28.517815],[-16.420406,28.517659],[-16.420496,28.517668],[-16.420728,28.518088],[-16.420929,28.518181],[-16.420836,28.517982],[-16.420885,28.51781],[-16.421226,28.517603],[-16.42135,28.517654],[-16.421526,28.517556],[-16.421211,28.517114],[-16.421112,28.516705],[-16.421178,28.516484],[-16.421445,28.516182],[-16.421709,28.516193],[-16.421739,28.516116],[-16.421066,28.515662],[-16.420834,28.515003],[-16.420584,28.514827],[-16.420494,28.514157],[-16.419854,28.512996],[-16.419801,28.512662],[-16.419879,28.512289],[-16.420446,28.511569],[-16.420887,28.511778],[-16.42117,28.511555],[-16.42132,28.511528],[-16.421019,28.511346],[-16.420798,28.51103],[-16.420814,28.510751],[-16.421032,28.510271],[-16.421242,28.510198],[-16.421687,28.510682],[-16.421754,28.5105],[-16.422089,28.510383],[-16.421944,28.510221],[-16.421311,28.510112],[-16.421297,28.509906],[-16.42149,28.5096],[-16.421555,28.509149],[-16.421952,28.508978],[-16.422128,28.509008],[-16.422256,28.509139],[-16.422957,28.509088],[-16.42261,28.508818],[-16.422504,28.508838],[-16.422567,28.508666],[-16.422326,28.508614],[-16.422101,28.508287],[-16.421871,28.508377],[-16.421411,28.508152],[-16.421566,28.507929],[-16.421276,28.507768],[-16.42144,28.507345],[-16.421772,28.507058],[-16.422247,28.506883],[-16.422597,28.507272],[-16.422764,28.507259],[-16.422992,28.507415],[-16.423138,28.507257],[-16.423172,28.507433],[-16.42339,28.507375],[-16.423378,28.507139],[-16.423049,28.50685],[-16.423078,28.5068],[-16.423313,28.506857],[-16.423081,28.506556],[-16.423172,28.506521],[-16.42346,28.5067],[-16.423742,28.506582],[-16.423907,28.50633],[-16.423669,28.506214],[-16.423341,28.506239],[-16.423352,28.506121],[-16.423464,28.506062],[-16.42344,28.505981],[-16.42293,28.505678],[-16.422809,28.505416],[-16.422998,28.504889],[-16.42317,28.50472],[-16.423595,28.504903],[-16.424299,28.505397],[-16.424874,28.505505],[-16.424887,28.505198],[-16.424754,28.504885],[-16.424669,28.504902],[-16.424438,28.504669],[-16.423725,28.504687],[-16.423714,28.504421],[-16.4238,28.504278],[-16.424116,28.504176],[-16.424281,28.504016],[-16.42483,28.503959],[-16.424969,28.504005],[-16.424934,28.504194],[-16.42508,28.504294],[-16.425069,28.50438],[-16.425359,28.504465],[-16.42543,28.504386],[-16.425392,28.5043],[-16.425578,28.504108],[-16.425498,28.50408],[-16.425411,28.504179],[-16.425336,28.504069],[-16.425,28.504093],[-16.425073,28.503912],[-16.425341,28.503833],[-16.425096,28.503768],[-16.42532,28.503656],[-16.425264,28.50361],[-16.424969,28.503651],[-16.424847,28.503371],[-16.424883,28.503068],[-16.42503,28.502806],[-16.425409,28.502718],[-16.425879,28.502764],[-16.426221,28.502803],[-16.42628,28.502757],[-16.425766,28.501803],[-16.425307,28.501608],[-16.42463,28.501536],[-16.424734,28.501103],[-16.425091,28.501164],[-16.4252,28.501279],[-16.425252,28.501238],[-16.425087,28.501052],[-16.424557,28.501056],[-16.424397,28.500954],[-16.42433,28.50065],[-16.424639,28.500026],[-16.42486,28.499795],[-16.425444,28.499638],[-16.426123,28.499775],[-16.426221,28.500314],[-16.426406,28.500449],[-16.426611,28.500327],[-16.426308,28.50021],[-16.426215,28.50006],[-16.426405,28.500093],[-16.426471,28.500005],[-16.42658,28.500008],[-16.426666,28.499921],[-16.426553,28.499824],[-16.426609,28.499704],[-16.426214,28.499679],[-16.426124,28.49953],[-16.425906,28.499546],[-16.425923,28.499325],[-16.425782,28.499218],[-16.425742,28.498965],[-16.425825,28.49871],[-16.42613,28.498715],[-16.426212,28.498603],[-16.426352,28.498659],[-16.426583,28.498614],[-16.426727,28.498484],[-16.42675,28.498327],[-16.426521,28.498082],[-16.425663,28.497686],[-16.425812,28.497349],[-16.426253,28.497593],[-16.4263,28.497527],[-16.426125,28.497428],[-16.426044,28.497279],[-16.425853,28.497306],[-16.425797,28.497207],[-16.425782,28.496288],[-16.425889,28.496204],[-16.425992,28.495382],[-16.426284,28.494736],[-16.426414,28.494541],[-16.426957,28.494095],[-16.426857,28.492637],[-16.427051,28.492486],[-16.427391,28.492697],[-16.427588,28.492479],[-16.427892,28.492439],[-16.428001,28.492637],[-16.428115,28.492644],[-16.428698,28.492252],[-16.428674,28.492103],[-16.428521,28.491955],[-16.428787,28.491661],[-16.428731,28.491536],[-16.428814,28.491103],[-16.428754,28.491037],[-16.428605,28.491127],[-16.428567,28.490882],[-16.428916,28.490677],[-16.429187,28.490068],[-16.429024,28.489819],[-16.428702,28.489834],[-16.428661,28.489375],[-16.42915,28.488971],[-16.429268,28.489053],[-16.429351,28.489021],[-16.429279,28.488755],[-16.430028,28.488029],[-16.430106,28.487833],[-16.430655,28.487576],[-16.430972,28.487189],[-16.430391,28.486867],[-16.428903,28.485766],[-16.428761,28.485384],[-16.428495,28.485066],[-16.428148,28.484441],[-16.427793,28.483955],[-16.427391,28.483573],[-16.427021,28.482947],[-16.426518,28.482587],[-16.425649,28.482217],[-16.424492,28.481839],[-16.423907,28.481468],[-16.423469,28.480753],[-16.422749,28.480208],[-16.421819,28.478877],[-16.420919,28.478578],[-16.420673,28.478409],[-16.420125,28.478403],[-16.419754,28.478037],[-16.419274,28.477983],[-16.418893,28.477775],[-16.418724,28.477407],[-16.418508,28.476126],[-16.418119,28.475978],[-16.41793,28.475466],[-16.417975,28.475341],[-16.410273,28.462847],[-16.410454,28.462699],[-16.409484,28.458415],[-16.408754,28.457258],[-16.405925,28.448991],[-16.396493,28.430192],[-16.388991,28.44125],[-16.386953,28.443103],[-16.386516,28.443859],[-16.385656,28.444147],[-16.385421,28.444472],[-16.38528,28.445063],[-16.384535,28.446108],[-16.383823,28.446569],[-16.385436,28.450584],[-16.384712,28.450447],[-16.384126,28.450422],[-16.38358,28.450513],[-16.382657,28.450389],[-16.383464,28.451076],[-16.383554,28.453164],[-16.382727,28.4551],[-16.381731,28.456396],[-16.381004,28.458141],[-16.380693,28.459486],[-16.380548,28.460519],[-16.380369,28.461042],[-16.38056,28.461462],[-16.380555,28.461798],[-16.379714,28.463206],[-16.379597,28.463572],[-16.379577,28.46443],[-16.379165,28.464987],[-16.378931,28.46582],[-16.378633,28.466109],[-16.378623,28.466342],[-16.377729,28.469142],[-16.377519,28.47124],[-16.375951,28.471436],[-16.374443,28.471449],[-16.372689,28.471833],[-16.373283,28.475581],[-16.373705,28.480137],[-16.374004,28.48179],[-16.374738,28.488608],[-16.374799,28.489699],[-16.374709,28.490359],[-16.37462,28.490423],[-16.374827,28.491123],[-16.375184,28.491821],[-16.375225,28.491893],[-16.376397,28.492395],[-16.37717,28.492934],[-16.380502,28.494635],[-16.381804,28.495432],[-16.382613,28.4962],[-16.382884,28.496637],[-16.384639,28.497952],[-16.384922,28.498525],[-16.385425,28.498892],[-16.386063,28.499147],[-16.387011,28.499325],[-16.388311,28.499858]]],[[[-16.418618,28.519643],[-16.418539,28.519743],[-16.418597,28.519883],[-16.418725,28.519986],[-16.418937,28.520016],[-16.418992,28.520098],[-16.419066,28.520036],[-16.419012,28.519817],[-16.418618,28.519643]]],[[[-16.421464,28.517848],[-16.421172,28.517963],[-16.421344,28.518158],[-16.421599,28.518011],[-16.421582,28.517882],[-16.421464,28.517848]]],[[[-16.422551,28.509411],[-16.422432,28.509457],[-16.42233,28.509652],[-16.422477,28.50986],[-16.422804,28.510009],[-16.42294,28.509995],[-16.423104,28.509885],[-16.423107,28.509782],[-16.422906,28.509783],[-16.422799,28.509539],[-16.422551,28.509411]]],[[[-16.423598,28.505738],[-16.423641,28.505892],[-16.423775,28.505952],[-16.423844,28.505907],[-16.423788,28.505778],[-16.423598,28.505738]]],[[[-16.426043,28.496565],[-16.425981,28.496664],[-16.426161,28.496705],[-16.426187,28.496611],[-16.426043,28.496565]]]]}},{"type":"Feature","id":"38044","properties":{"cod_ine":"38044","nombre":"El Tanque","nombre_ine":"Tanque, El","nombre_shp":"El Tanque","area_km2":24.026,"partes":1,"partes_roque":0},"geometry":{"type":"MultiPolygon","coordinates":[[[[-16.795751,28.365744],[-16.795579,28.364695],[-16.795655,28.364511],[-16.79507,28.357577],[-16.794458,28.357346],[-16.794125,28.356933],[-16.793369,28.356232],[-16.793207,28.355647],[-16.793223,28.354928],[-16.793145,28.354726],[-16.793041,28.353222],[-16.793156,28.352632],[-16.794564,28.350125],[-16.794995,28.349729],[-16.795877,28.349239],[-16.796235,28.348916],[-16.798448,28.343826],[-16.799073,28.34258],[-16.800027,28.339467],[-16.800408,28.338467],[-16.800696,28.338039],[-16.80068,28.33736],[-16.800909,28.336602],[-16.800981,28.335827],[-16.801592,28.334373],[-16.801905,28.333308],[-16.802203,28.333056],[-16.803194,28.331486],[-16.803951,28.329843],[-16.804641,28.328836],[-16.805097,28.327838],[-16.806111,28.326087],[-16.806436,28.325632],[-16.807106,28.324928],[-16.807395,28.324265],[-16.807612,28.324093],[-16.807939,28.323446],[-16.807867,28.323032],[-16.807931,28.322629],[-16.80832,28.321938],[-16.80844,28.321262],[-16.808747,28.320716],[-16.808785,28.319985],[-16.808911,28.319505],[-16.808717,28.318197],[-16.808774,28.317618],[-16.807788,28.315888],[-16.807644,28.315508],[-16.807672,28.315154],[-16.807554,28.315006],[-16.807197,28.314801],[-16.806849,28.314386],[-16.807016,28.313565],[-16.806936,28.313336],[-16.802791,28.314995],[-16.798523,28.313181],[-16.792885,28.311423],[-16.788498,28.309173],[-16.77795,28.305308],[-16.774617,28.303928],[-16.765152,28.298367],[-16.75706,28.294801],[-16.743105,28.287512],[-16.749429,28.293742],[-16.753684,28.298364],[-16.757502,28.302714],[-16.762536,28.316371],[-16.7638,28.320736],[-16.765154,28.325003],[-16.766285,28.327949],[-16.767315,28.331412],[-16.763839,28.350354],[-16.765544,28.365322],[-16.771327,28.36801],[-16.780296,28.366865],[-16.781928,28.361309],[-16.786968,28.360413],[-16.787184,28.360539],[-16.787415,28.361012],[-16.787552,28.361046],[-16.787922,28.360793],[-16.788453,28.360594],[-16.789181,28.359637],[-16.789424,28.35953],[-16.789746,28.359499],[-16.790109,28.359562],[-16.790281,28.359722],[-16.790683,28.360556],[-16.790738,28.360858],[-16.79157,28.361783],[-16.79161,28.362044],[-16.792028,28.362517],[-16.792072,28.362695],[-16.791902,28.363157],[-16.792487,28.363822],[-16.792986,28.364217],[-16.793197,28.364631],[-16.793396,28.364775],[-16.794374,28.365013],[-16.7948,28.365395],[-16.794848,28.365618],[-16.795051,28.365744],[-16.795751,28.365744]]]]}},{"type":"Feature","id":"38046","properties":{"cod_ine":"38046","nombre":"Tegueste","nombre_ine":"Tegueste","nombre_shp":"Tegueste","area_km2":26.645,"partes":1,"partes_roque":0},"geometry":{"type":"MultiPolygon","coordinates":[[[[-16.334449,28.545727],[-16.335241,28.545949],[-16.335602,28.545699],[-16.337096,28.545543],[-16.337562,28.545518],[-16.338115,28.545571],[-16.338515,28.5457],[-16.339182,28.545712],[-16.340703,28.545277],[-16.341892,28.5451],[-16.343097,28.545095],[-16.34313,28.542766],[-16.346006,28.543187],[-16.347144,28.539685],[-16.348137,28.53616],[-16.348349,28.536121],[-16.349429,28.535532],[-16.352135,28.530624],[-16.351118,28.529069],[-16.35202,28.528607],[-16.35307,28.527747],[-16.354564,28.527276],[-16.357691,28.526027],[-16.360719,28.524031],[-16.365027,28.521412],[-16.36774,28.520148],[-16.371188,28.517921],[-16.371952,28.517463],[-16.372195,28.517469],[-16.372238,28.516808],[-16.372144,28.516217],[-16.372515,28.51572],[-16.372882,28.514694],[-16.372291,28.513779],[-16.372168,28.512679],[-16.371569,28.510878],[-16.371567,28.509829],[-16.371666,28.50942],[-16.371957,28.508956],[-16.371996,28.508737],[-16.371498,28.507637],[-16.371461,28.507341],[-16.371704,28.506718],[-16.372704,28.505395],[-16.372188,28.504265],[-16.372121,28.503837],[-16.372233,28.503173],[-16.372821,28.502468],[-16.373074,28.501905],[-16.373027,28.501613],[-16.372634,28.500834],[-16.372324,28.500537],[-16.3718,28.500242],[-16.371433,28.499232],[-16.371287,28.499022],[-16.371118,28.498927],[-16.370268,28.4987],[-16.369382,28.498315],[-16.36883,28.497988],[-16.36791,28.497799],[-16.367447,28.497416],[-16.367085,28.49727],[-16.366295,28.497132],[-16.365461,28.497384],[-16.365204,28.497287],[-16.364811,28.496661],[-16.364048,28.496141],[-16.363803,28.495814],[-16.363669,28.495475],[-16.363331,28.495221],[-16.363262,28.494978],[-16.363362,28.494494],[-16.363283,28.494451],[-16.362835,28.49341],[-16.36225,28.49295],[-16.361911,28.493068],[-16.361011,28.493159],[-16.360292,28.493081],[-16.359615,28.492826],[-16.359245,28.492554],[-16.35876,28.491873],[-16.358188,28.491272],[-16.354906,28.49068],[-16.354266,28.49102],[-16.351478,28.492108],[-16.34958,28.49328],[-16.349221,28.493564],[-16.349047,28.494059],[-16.348581,28.494432],[-16.348011,28.495385],[-16.347186,28.495978],[-16.347164,28.496129],[-16.346197,28.496667],[-16.345887,28.496963],[-16.34534,28.497142],[-16.345088,28.497318],[-16.344718,28.497776],[-16.343896,28.498045],[-16.34313,28.498159],[-16.341367,28.499117],[-16.340185,28.499549],[-16.339001,28.500648],[-16.337289,28.501619],[-16.336736,28.502121],[-16.336432,28.50253],[-16.335915,28.503524],[-16.335721,28.504471],[-16.335077,28.504459],[-16.334336,28.504699],[-16.332397,28.505898],[-16.33145,28.506325],[-16.330339,28.507109],[-16.3299,28.507597],[-16.329393,28.507992],[-16.328366,28.508458],[-16.327844,28.508776],[-16.3265,28.510098],[-16.324424,28.511709],[-16.32352,28.511334],[-16.322526,28.510739],[-16.321148,28.509503],[-16.320267,28.508356],[-16.319902,28.507613],[-16.315996,28.508305],[-16.31594,28.508533],[-16.316307,28.509922],[-16.316272,28.510134],[-16.316025,28.510272],[-16.314158,28.510721],[-16.31274,28.510891],[-16.311424,28.511255],[-16.309504,28.511621],[-16.308003,28.511922],[-16.307238,28.51237],[-16.306629,28.513075],[-16.306228,28.513778],[-16.305084,28.514775],[-16.303743,28.515774],[-16.302687,28.516996],[-16.302032,28.517467],[-16.301599,28.518031],[-16.300117,28.519139],[-16.299906,28.519681],[-16.299825,28.520401],[-16.299429,28.520935],[-16.298847,28.5222],[-16.298289,28.522799],[-16.297477,28.523404],[-16.297437,28.523743],[-16.297692,28.52433],[-16.297687,28.524528],[-16.296842,28.525734],[-16.29657,28.526254],[-16.29505,28.527737],[-16.295066,28.528003],[-16.295288,28.528335],[-16.296124,28.529182],[-16.296196,28.529391],[-16.296135,28.529638],[-16.295817,28.529918],[-16.29498,28.530253],[-16.294134,28.530785],[-16.293434,28.530932],[-16.29332,28.531145],[-16.293194,28.531902],[-16.29247,28.532543],[-16.293151,28.534163],[-16.293835,28.534727],[-16.294854,28.534747],[-16.297005,28.534535],[-16.297729,28.534634],[-16.298366,28.534594],[-16.299422,28.535143],[-16.301034,28.536157],[-16.30164,28.536417],[-16.302801,28.537607],[-16.303517,28.538213],[-16.305518,28.538794],[-16.306862,28.538788],[-16.307779,28.539228],[-16.308094,28.539212],[-16.309213,28.538935],[-16.310059,28.539143],[-16.310629,28.539422],[-16.311017,28.539716],[-16.312327,28.539931],[-16.312682,28.540372],[-16.313357,28.540684],[-16.313903,28.541141],[-16.31435,28.541385],[-16.314825,28.541394],[-16.315942,28.540986],[-16.316338,28.541075],[-16.317003,28.541391],[-16.317266,28.541348],[-16.317612,28.541024],[-16.317947,28.540901],[-16.318461,28.540853],[-16.319077,28.540953],[-16.319796,28.541152],[-16.320309,28.541535],[-16.320608,28.541886],[-16.321162,28.543106],[-16.321864,28.542817],[-16.323116,28.542683],[-16.32375,28.542724],[-16.325533,28.543127],[-16.32619,28.543084],[-16.327686,28.543701],[-16.328433,28.544184],[-16.328926,28.544743],[-16.329716,28.545168],[-16.331205,28.545255],[-16.332688,28.545672],[-16.333179,28.545746],[-16.334449,28.545727]]]]}},{"type":"Feature","id":"38051","properties":{"cod_ine":"38051","nombre":"La Victoria de Acentejo","nombre_ine":"Victoria de Acentejo, La","nombre_shp":"La Victoria de Acentejo","area_km2":18.221,"partes":2,"partes_roque":1},"geometry":{"type":"MultiPolygon","coordinates":[[[[-16.474538,28.442924],[-16.475382,28.441906],[-16.476238,28.441362],[-16.476699,28.44094],[-16.477061,28.440962],[-16.477788,28.441233],[-16.478233,28.441242],[-16.478763,28.441146],[-16.47905,28.44102],[-16.479095,28.440726],[-16.479368,28.440279],[-16.479726,28.440062],[-16.480228,28.43995],[-16.480749,28.440017],[-16.48095,28.44061],[-16.481084,28.440759],[-16.481659,28.440789],[-16.482096,28.440661],[-16.482813,28.44025],[-16.483155,28.440237],[-16.483405,28.440003],[-16.483531,28.439989],[-16.483736,28.440194],[-16.483897,28.440225],[-16.48371,28.439822],[-16.483785,28.439596],[-16.484495,28.439347],[-16.485136,28.439372],[-16.48561,28.438986],[-16.486083,28.438762],[-16.486932,28.437744],[-16.487286,28.437524],[-16.48758,28.437469],[-16.487611,28.437362],[-16.487896,28.437208],[-16.488213,28.436771],[-16.487959,28.436163],[-16.486996,28.434546],[-16.486903,28.433654],[-16.486681,28.433424],[-16.485488,28.432898],[-16.485067,28.432562],[-16.484618,28.432066],[-16.484148,28.43194],[-16.484064,28.431774],[-16.484085,28.431562],[-16.484359,28.431139],[-16.48412,28.430345],[-16.4838,28.430128],[-16.483415,28.429987],[-16.482911,28.42953],[-16.482563,28.429072],[-16.481974,28.428721],[-16.48117,28.427882],[-16.480271,28.427707],[-16.479772,28.427453],[-16.479772,28.427299],[-16.480198,28.427017],[-16.480244,28.426888],[-16.480109,28.42667],[-16.479711,28.426614],[-16.479714,28.426316],[-16.479644,28.426236],[-16.478157,28.426568],[-16.477782,28.426906],[-16.477774,28.427172],[-16.477531,28.427296],[-16.477008,28.42716],[-16.476688,28.427854],[-16.476325,28.428171],[-16.476086,28.428239],[-16.475861,28.428136],[-16.475618,28.42789],[-16.474596,28.42768],[-16.474139,28.427263],[-16.473707,28.427162],[-16.473248,28.427447],[-16.472942,28.427391],[-16.472734,28.42708],[-16.472859,28.426503],[-16.472053,28.426431],[-16.471887,28.425986],[-16.471494,28.425667],[-16.471244,28.425587],[-16.47113,28.425631],[-16.470845,28.426405],[-16.470702,28.426493],[-16.470128,28.426025],[-16.468614,28.425423],[-16.46844,28.425139],[-16.468814,28.424859],[-16.468824,28.424681],[-16.468169,28.424264],[-16.467481,28.423452],[-16.466535,28.42311],[-16.465998,28.423193],[-16.465569,28.423421],[-16.465299,28.423352],[-16.465146,28.422909],[-16.464882,28.422467],[-16.464798,28.422071],[-16.464384,28.421653],[-16.464067,28.421483],[-16.463561,28.420683],[-16.46259,28.420114],[-16.462556,28.419638],[-16.462845,28.419064],[-16.462735,28.418991],[-16.462586,28.41901],[-16.462234,28.419161],[-16.461805,28.419233],[-16.461588,28.419375],[-16.461436,28.419251],[-16.461413,28.418969],[-16.4616,28.418626],[-16.461605,28.418367],[-16.461273,28.418029],[-16.46124,28.417621],[-16.46111,28.417341],[-16.460658,28.416966],[-16.460591,28.416821],[-16.460865,28.416481],[-16.46142,28.416311],[-16.461582,28.415939],[-16.461256,28.415428],[-16.460197,28.414821],[-16.460351,28.41419],[-16.460348,28.413543],[-16.46046,28.413135],[-16.460273,28.412133],[-16.46009,28.411905],[-16.459794,28.411768],[-16.459672,28.411463],[-16.459043,28.411284],[-16.458868,28.410715],[-16.458623,28.410294],[-16.457971,28.409509],[-16.457678,28.409361],[-16.45753,28.407794],[-16.456961,28.406629],[-16.455855,28.405897],[-16.455519,28.405553],[-16.455243,28.404899],[-16.454788,28.404566],[-16.454355,28.404466],[-16.453718,28.404473],[-16.452971,28.403872],[-16.452416,28.403612],[-16.452236,28.403406],[-16.452047,28.402864],[-16.451453,28.401937],[-16.450697,28.40155],[-16.450309,28.401297],[-16.450054,28.40081],[-16.449528,28.400524],[-16.449035,28.400108],[-16.448748,28.399565],[-16.447985,28.399365],[-16.447943,28.399174],[-16.444369,28.395613],[-16.442871,28.390394],[-16.441308,28.391205],[-16.4394,28.391778],[-16.43756,28.392222],[-16.436436,28.392946],[-16.435775,28.393265],[-16.434742,28.393989],[-16.433953,28.394448],[-16.433177,28.394779],[-16.431068,28.394632],[-16.429628,28.394981],[-16.428607,28.395407],[-16.427512,28.395441],[-16.426864,28.395748],[-16.424472,28.39591],[-16.423663,28.396876],[-16.423093,28.398062],[-16.423471,28.398105],[-16.423799,28.398262],[-16.424608,28.399298],[-16.42418,28.400444],[-16.424101,28.401314],[-16.42416,28.401832],[-16.42432,28.402106],[-16.424613,28.403488],[-16.424611,28.403779],[-16.424296,28.403994],[-16.423922,28.404086],[-16.423022,28.404522],[-16.422691,28.404799],[-16.422585,28.404976],[-16.422491,28.405739],[-16.422443,28.406999],[-16.421752,28.408021],[-16.421148,28.408696],[-16.420432,28.409134],[-16.41873,28.409014],[-16.418309,28.411117],[-16.418514,28.411611],[-16.418355,28.411972],[-16.418603,28.412235],[-16.418589,28.41242],[-16.418741,28.412811],[-16.418162,28.413537],[-16.417982,28.413905],[-16.416145,28.415138],[-16.416377,28.415647],[-16.41671,28.416021],[-16.41689,28.416637],[-16.417382,28.416952],[-16.418064,28.417764],[-16.41929,28.419469],[-16.419345,28.419736],[-16.419513,28.420005],[-16.420489,28.420435],[-16.420878,28.420754],[-16.421291,28.421424],[-16.421301,28.421724],[-16.422484,28.42291],[-16.423249,28.423443],[-16.423626,28.424044],[-16.423848,28.424599],[-16.424303,28.425188],[-16.424666,28.425443],[-16.425083,28.42545],[-16.425282,28.425789],[-16.425971,28.426429],[-16.425937,28.426554],[-16.426281,28.426783],[-16.426521,28.426742],[-16.427307,28.4269],[-16.427668,28.42719],[-16.427997,28.427347],[-16.428629,28.426873],[-16.429706,28.426936],[-16.430218,28.427188],[-16.430885,28.427292],[-16.431335,28.427032],[-16.432393,28.426926],[-16.432682,28.427112],[-16.432728,28.427261],[-16.434413,28.427979],[-16.434827,28.427974],[-16.435052,28.428096],[-16.436456,28.428429],[-16.436713,28.428778],[-16.436892,28.428853],[-16.437018,28.428838],[-16.437616,28.428389],[-16.437884,28.428285],[-16.43816,28.428535],[-16.438619,28.428413],[-16.439167,28.428757],[-16.439603,28.428747],[-16.440392,28.428947],[-16.440926,28.429241],[-16.441291,28.429346],[-16.441886,28.429793],[-16.442289,28.430238],[-16.443289,28.430349],[-16.443828,28.430278],[-16.445496,28.431079],[-16.445908,28.431174],[-16.446778,28.431781],[-16.447114,28.432573],[-16.448235,28.432882],[-16.448509,28.433195],[-16.449325,28.433613],[-16.449472,28.433828],[-16.450562,28.434784],[-16.451177,28.435134],[-16.451226,28.435289],[-16.451886,28.435438],[-16.452068,28.435546],[-16.452111,28.435753],[-16.452324,28.435896],[-16.452851,28.435827],[-16.453413,28.43601],[-16.45398,28.436063],[-16.454326,28.436294],[-16.455564,28.436788],[-16.455895,28.436837],[-16.456178,28.436784],[-16.456549,28.436877],[-16.457082,28.437268],[-16.457843,28.437416],[-16.458244,28.437594],[-16.458455,28.437897],[-16.458969,28.438094],[-16.459158,28.438298],[-16.459736,28.438194],[-16.460601,28.438271],[-16.461156,28.438524],[-16.46175,28.438633],[-16.462278,28.438621],[-16.462494,28.438781],[-16.46269,28.439158],[-16.463343,28.439446],[-16.4635,28.439623],[-16.463933,28.439824],[-16.464317,28.440169],[-16.464619,28.440225],[-16.464852,28.440475],[-16.465792,28.440668],[-16.466123,28.440671],[-16.466737,28.440481],[-16.46709,28.440645],[-16.467696,28.440688],[-16.467923,28.440938],[-16.468238,28.440941],[-16.468744,28.441308],[-16.469073,28.441327],[-16.469476,28.441898],[-16.469684,28.442007],[-16.470086,28.442011],[-16.470894,28.442266],[-16.471798,28.442221],[-16.47255,28.442524],[-16.47306,28.442579],[-16.473423,28.44272],[-16.473847,28.443031],[-16.474052,28.44295],[-16.474538,28.442924]]],[[[-16.486609,28.439309],[-16.486484,28.439428],[-16.486594,28.439863],[-16.48688,28.439924],[-16.486883,28.440144],[-16.487047,28.440045],[-16.487239,28.440041],[-16.487268,28.440268],[-16.487287,28.440451],[-16.487432,28.440087],[-16.487235,28.439846],[-16.487251,28.439663],[-16.48691,28.439403],[-16.486609,28.439309]]]]}},{"type":"Feature","id":"38052","properties":{"cod_ine":"38052","nombre":"Vilaflor de Chasna","nombre_ine":"Vilaflor de Chasna","nombre_shp":"Vilaflor","area_km2":56.414,"partes":1,"partes_roque":0},"geometry":{"type":"MultiPolygon","coordinates":[[[[-16.618748,28.213726],[-16.62058,28.212939],[-16.62084,28.212649],[-16.620913,28.212364],[-16.621153,28.211959],[-16.62115,28.211759],[-16.621446,28.210841],[-16.622135,28.209795],[-16.622363,28.209046],[-16.622349,28.208933],[-16.622029,28.208754],[-16.621504,28.208246],[-16.62139,28.208013],[-16.621376,28.207489],[-16.621521,28.207251],[-16.621858,28.206944],[-16.622911,28.206499],[-16.623403,28.206057],[-16.62366,28.205946],[-16.624573,28.206039],[-16.625625,28.205819],[-16.626016,28.205155],[-16.627378,28.203598],[-16.628897,28.203472],[-16.629726,28.203078],[-16.630367,28.202579],[-16.630939,28.202356],[-16.63121,28.2023],[-16.631734,28.202373],[-16.63195,28.202084],[-16.632085,28.202037],[-16.632968,28.201907],[-16.633366,28.201765],[-16.633987,28.201746],[-16.634559,28.201347],[-16.63552,28.200945],[-16.636238,28.200257],[-16.637182,28.199828],[-16.637575,28.199754],[-16.639114,28.199794],[-16.640107,28.19999],[-16.640844,28.199572],[-16.641793,28.199401],[-16.642126,28.199185],[-16.642708,28.198623],[-16.643526,28.198464],[-16.644675,28.198599],[-16.645278,28.198592],[-16.645823,28.198714],[-16.64781,28.198667],[-16.648982,28.198951],[-16.649391,28.198969],[-16.649931,28.199531],[-16.650233,28.199726],[-16.650478,28.199791],[-16.650868,28.199786],[-16.651586,28.19964],[-16.651978,28.199718],[-16.652337,28.199989],[-16.652554,28.200397],[-16.652766,28.200516],[-16.653315,28.200472],[-16.655323,28.200565],[-16.655605,28.200548],[-16.655929,28.200426],[-16.656426,28.200714],[-16.657175,28.200951],[-16.657381,28.200946],[-16.657665,28.200642],[-16.657956,28.20051],[-16.658319,28.200472],[-16.659186,28.200872],[-16.659563,28.20096],[-16.66036,28.201359],[-16.668561,28.174037],[-16.668715,28.173782],[-16.669276,28.173502],[-16.66958,28.17301],[-16.670033,28.17278],[-16.669889,28.172482],[-16.669938,28.172347],[-16.670445,28.172014],[-16.67124,28.171728],[-16.67168,28.171173],[-16.672769,28.170342],[-16.673226,28.1698],[-16.674053,28.169201],[-16.673917,28.168544],[-16.67425,28.167946],[-16.673817,28.167042],[-16.673684,28.166297],[-16.673723,28.165958],[-16.673919,28.16578],[-16.674479,28.165632],[-16.674572,28.165109],[-16.674924,28.164629],[-16.675132,28.164115],[-16.676051,28.163076],[-16.676274,28.162613],[-16.676506,28.162422],[-16.676738,28.161988],[-16.676865,28.161283],[-16.67777,28.159885],[-16.67797,28.159418],[-16.678361,28.159107],[-16.678413,28.158919],[-16.678364,28.158319],[-16.678743,28.157486],[-16.67894,28.1574],[-16.679035,28.156864],[-16.679226,28.156735],[-16.679365,28.156345],[-16.679496,28.155565],[-16.679294,28.15493],[-16.679341,28.154497],[-16.679653,28.153634],[-16.679797,28.152931],[-16.680215,28.152022],[-16.680348,28.151526],[-16.680442,28.151328],[-16.680745,28.151183],[-16.681239,28.150732],[-16.681408,28.150343],[-16.681763,28.149926],[-16.681909,28.149331],[-16.682566,28.14833],[-16.682621,28.147488],[-16.682863,28.147119],[-16.682779,28.146728],[-16.68287,28.14633],[-16.683161,28.146026],[-16.6842,28.145399],[-16.684625,28.144918],[-16.684827,28.14457],[-16.68499,28.143968],[-16.685417,28.143625],[-16.685559,28.143418],[-16.686005,28.142022],[-16.68632,28.141757],[-16.686568,28.140668],[-16.686861,28.140028],[-16.687202,28.13953],[-16.687694,28.139195],[-16.687784,28.138781],[-16.687737,28.138231],[-16.688052,28.137884],[-16.688128,28.137168],[-16.688084,28.136891],[-16.687554,28.135749],[-16.687589,28.135008],[-16.687684,28.13487],[-16.687969,28.134713],[-16.688921,28.134414],[-16.688965,28.134218],[-16.688762,28.133681],[-16.688769,28.133502],[-16.688996,28.13313],[-16.689356,28.132757],[-16.689395,28.132574],[-16.689216,28.132285],[-16.68901,28.132132],[-16.688912,28.131468],[-16.688388,28.130881],[-16.688463,28.130681],[-16.688919,28.130392],[-16.68893,28.130177],[-16.688754,28.130069],[-16.687657,28.129836],[-16.6875,28.129716],[-16.687419,28.129512],[-16.687491,28.129202],[-16.68783,28.128792],[-16.687783,28.128592],[-16.687358,28.127936],[-16.687321,28.127724],[-16.687363,28.127442],[-16.687694,28.126743],[-16.687741,28.126397],[-16.687637,28.126202],[-16.68706,28.125918],[-16.686775,28.12568],[-16.686922,28.125157],[-16.687179,28.124869],[-16.687247,28.124241],[-16.68759,28.123826],[-16.687449,28.123528],[-16.687351,28.123426],[-16.687044,28.123321],[-16.686809,28.122925],[-16.686805,28.122762],[-16.687085,28.12224],[-16.687072,28.122116],[-16.686319,28.121699],[-16.686101,28.121444],[-16.685816,28.120884],[-16.685012,28.120611],[-16.684891,28.120269],[-16.684018,28.120341],[-16.673614,28.112279],[-16.662843,28.112823],[-16.659949,28.112902],[-16.651474,28.10834],[-16.641793,28.104452],[-16.641616,28.115727],[-16.636894,28.118608],[-16.63396,28.120071],[-16.633972,28.120311],[-16.633619,28.12037],[-16.632966,28.120802],[-16.632563,28.121115],[-16.632172,28.121642],[-16.63219,28.121948],[-16.631908,28.122358],[-16.631686,28.123133],[-16.631556,28.123126],[-16.631323,28.122907],[-16.631088,28.122809],[-16.630746,28.123004],[-16.630339,28.123033],[-16.630037,28.123264],[-16.629868,28.123171],[-16.629575,28.123238],[-16.627405,28.124232],[-16.627124,28.124527],[-16.626851,28.125301],[-16.626507,28.125803],[-16.626334,28.125863],[-16.625446,28.125562],[-16.625492,28.126186],[-16.624878,28.126257],[-16.624602,28.126375],[-16.624737,28.127053],[-16.624053,28.12707],[-16.623772,28.127257],[-16.623034,28.127297],[-16.622688,28.127476],[-16.622581,28.127691],[-16.622741,28.128005],[-16.622744,28.128197],[-16.622296,28.128371],[-16.621935,28.129208],[-16.621614,28.129166],[-16.62151,28.129435],[-16.621361,28.12958],[-16.62093,28.129494],[-16.620771,28.12955],[-16.620941,28.129793],[-16.620988,28.130042],[-16.621018,28.131103],[-16.621147,28.131979],[-16.621147,28.133119],[-16.620831,28.133256],[-16.620831,28.13333],[-16.621149,28.133997],[-16.621258,28.134546],[-16.620908,28.134945],[-16.620881,28.135204],[-16.620675,28.134966],[-16.620332,28.134787],[-16.619843,28.13478],[-16.621604,28.137536],[-16.621636,28.137791],[-16.621876,28.138036],[-16.621938,28.13838],[-16.621776,28.138804],[-16.621613,28.13887],[-16.62146,28.139069],[-16.621703,28.139966],[-16.621622,28.140348],[-16.621696,28.140915],[-16.621566,28.141121],[-16.621733,28.141252],[-16.621593,28.141868],[-16.621725,28.14233],[-16.621902,28.1426],[-16.621791,28.142898],[-16.62181,28.143375],[-16.621716,28.143536],[-16.621603,28.143673],[-16.620937,28.144021],[-16.620514,28.144598],[-16.620292,28.145116],[-16.619925,28.145331],[-16.619671,28.145432],[-16.616712,28.145745],[-16.612503,28.152774],[-16.613203,28.15322],[-16.613133,28.153864],[-16.613325,28.154062],[-16.613723,28.154205],[-16.613805,28.154506],[-16.614376,28.15556],[-16.614899,28.155971],[-16.615134,28.15632],[-16.615237,28.156711],[-16.615536,28.156898],[-16.615776,28.157393],[-16.615939,28.157563],[-16.615958,28.157799],[-16.61584,28.158133],[-16.616222,28.158587],[-16.616248,28.158827],[-16.616135,28.159037],[-16.616114,28.159468],[-16.616123,28.159703],[-16.616232,28.15989],[-16.616029,28.160067],[-16.615826,28.160403],[-16.61579,28.161204],[-16.615743,28.161287],[-16.615555,28.161335],[-16.615454,28.161484],[-16.615359,28.162103],[-16.615163,28.162228],[-16.614815,28.162699],[-16.614783,28.163032],[-16.61453,28.163759],[-16.614,28.164252],[-16.613717,28.16475],[-16.613704,28.165111],[-16.613399,28.165349],[-16.613233,28.165925],[-16.613286,28.166179],[-16.613232,28.166379],[-16.612977,28.166584],[-16.612392,28.167291],[-16.6124,28.16778],[-16.611864,28.169012],[-16.611845,28.169425],[-16.611568,28.169732],[-16.61135,28.170144],[-16.61135,28.170352],[-16.611491,28.170582],[-16.611425,28.170728],[-16.611461,28.171877],[-16.611597,28.172028],[-16.611897,28.172831],[-16.612177,28.173164],[-16.612755,28.173537],[-16.613496,28.174429],[-16.613843,28.175716],[-16.61443,28.176681],[-16.614025,28.177096],[-16.613871,28.178094],[-16.613629,28.17882],[-16.613495,28.178933],[-16.61347,28.179762],[-16.613359,28.180006],[-16.613469,28.180184],[-16.613805,28.182027],[-16.613743,28.182648],[-16.613806,28.182835],[-16.61408,28.183061],[-16.614443,28.183855],[-16.614377,28.184045],[-16.61378,28.184275],[-16.613643,28.184461],[-16.613498,28.185281],[-16.613704,28.186146],[-16.6135,28.186551],[-16.61332,28.18671],[-16.613279,28.187486],[-16.613493,28.187734],[-16.613532,28.188487],[-16.613798,28.188833],[-16.613888,28.189222],[-16.613511,28.189803],[-16.613221,28.189887],[-16.613167,28.189999],[-16.61345,28.190962],[-16.614225,28.191989],[-16.614374,28.192059],[-16.614261,28.192468],[-16.614652,28.192895],[-16.614227,28.193511],[-16.614222,28.193688],[-16.61407,28.193823],[-16.614063,28.193951],[-16.6144,28.194491],[-16.614505,28.194835],[-16.614466,28.195045],[-16.614739,28.195412],[-16.614902,28.196108],[-16.615171,28.196506],[-16.615066,28.196958],[-16.615398,28.197607],[-16.615814,28.197888],[-16.616196,28.198257],[-16.616285,28.198459],[-16.61638,28.198487],[-16.616792,28.198356],[-16.617266,28.198374],[-16.617717,28.199061],[-16.617993,28.199088],[-16.6183,28.199257],[-16.618641,28.199269],[-16.619073,28.199781],[-16.619488,28.199949],[-16.619562,28.2001],[-16.619532,28.200761],[-16.619743,28.20093],[-16.619817,28.20139],[-16.620142,28.201702],[-16.619928,28.202087],[-16.619441,28.202524],[-16.618445,28.203729],[-16.618344,28.203951],[-16.61853,28.204548],[-16.618432,28.204883],[-16.618477,28.205647],[-16.618805,28.206408],[-16.618709,28.20708],[-16.618769,28.207734],[-16.619038,28.208861],[-16.619064,28.20965],[-16.619303,28.210253],[-16.619237,28.210554],[-16.618668,28.211723],[-16.618748,28.213726]]]]}}],"metadata":{"fuente":"20151123_municip_shp.zip (DBF fechado 2015-11-23)","crs_origen":"WGS 84 / UTM huso 28N (segun .prj)","transformacion":"UTM 28N -> WGS84 lon/lat, series de Kruger (stdlib), 6 decimales","nombres":"nombre_ine = INE (via Idescat, consulta 2026-09-27); nombre = mismo nombre con el articulo delante; nombre_shp = valor original del DBF (sin tildes)","generado":"2026-09-27","version":"Douglas-Peucker 5 m en UTM; SOLO para pintar, no para punto-en-poligono","vertices":22430}}